Submission ID,Common Name,Scientific Name,Taxonomic Order,Count,State/Province,County,Location ID,Location,Latitude,Longitude,Date,Time,Protocol,Duration (Min),All Obs Reported,Distance Traveled (km),Area Covered (ha),Number of Observers,Breeding Code,Observation Details,Checklist Comments,ML Catalog Numbers
S225965730,Black-bellied Whistling-Duck,Dendrocygna autumnalis,243,2,US-FL,Charlotte,L42656865,"Downing Street, Englewood, Florida, US (26.898, -82.321)",26.8978819,-82.3212738,2025-04-15,08:16 PM,eBird - Traveling Count,10,1,.322,,1
S298432896,Black-bellied Whistling-Duck,Dendrocygna autumnalis,243,10,US-FL,Charlotte,L17495505,Links Lane,26.8642861,-82.2841545,2026-02-06,11:11 AM,eBird - Traveling Count,53,1,.15,,2
S298932326,Black-bellied Whistling-Duck,Dendrocygna autumnalis,243,358,US-FL,Charlotte,L617642,Ollie's Pond Park,26.9860616,-82.1496961,2026-02-08,09:32 AM,eBird - Traveling Count,154,1,1.556,,2,,Counted every single individual that I could see. I will post a panoramic photo.
S173679398,Black-bellied Whistling-Duck,Dendrocygna autumnalis,243,X,US-FL,Sarasota,L607892,Venice Rookery,27.04598,-82.39989,2024-03-25,09:40 AM,eBird - Stationary Count,90,1,,,3,,,My kiddo got to participate in the nest egg count with the Audubon society for the purple martins.
S290856377,Snow Goose,Anser caerulescens,267,5,US-MD,Anne Arundel,L3577788,Chesapeake Bay Bridge--west end,38.999689,-76.3983936,2025-12-28,03:13 PM,eBird - Traveling Count,6,1,7.318,,1,,Five geese at the East end of the bridge.
S288058093,Snow Goose,Anser caerulescens,267,1,US-MD,Howard,L695923,Johns Hopkins APL Pond,39.1612462,-76.8963575,2025-12-10,02:14 PM,eBird - Traveling Count,12,1,.189,,3,,1 juvenile with the Ross's. Continuing.
S288058093,Ross's Goose,Anser rossii,272,5,US-MD,Howard,L695923,Johns Hopkins APL Pond,39.1612462,-76.8963575,2025-12-10,02:14 PM,eBird - Traveling Count,12,1,.189,,3,,Continuing
S181474802,Graylag Goose,Anser anser,275,1,US-MA,Suffolk,L515554,Charles River Esplanade,42.3553409,-71.0790968,2024-06-14,04:19 PM,eBird - Traveling Count,45,1,.674,,1,,Hanging out with 100 Canadian geese and four domestic geese
S176497993,Swan Goose (Domestic type),Anser cygnoides (Domestic type),282,1,US-CA,Los Angeles,L20710882,"Alamitos Beach, Long Beach, CA",33.7651613,-118.1788457,2007-03-10,,Historical,,0,,,4,,This is a chinese goose. It lived on the beach in Alamitos with the ducks for a few years.,,619478722
S286518252,Greater White-fronted Goose,Anser albifrons,287,3,US-MD,Carroll,L629938,Cranberry Reservoir,39.6019849,-76.9647217,2025-11-28,02:39 PM,eBird - Stationary Count,40,0,,,1,,Three individuals very easily distinguished from the hundreds of Canada geese in this pond.
S276159653,Domestic goose sp. (Domestic type),Anser sp. (Domestic type),312,1,US-MD,Montgomery,L11140089,"Rio Park, Gaithersburg",39.1168491,-77.1972698,2025-09-28,11:11 AM,eBird - Traveling Count,206,1,8.384,,1
S181474802,Domestic goose sp. (Domestic type),Anser sp. (Domestic type),312,4,US-MA,Suffolk,L515554,Charles River Esplanade,42.3553409,-71.0790968,2024-06-14,04:19 PM,eBird - Traveling Count,45,1,.674,,1,,There's four domestic geese hanging out in the park in front of the amphitheater
S177419574,Domestic goose sp. (Domestic type),Anser sp. (Domestic type),312,1,US-MD,Washington,L31950817,"3716 Harpers Ferry Road, Sharpsburg, Maryland, US (39.415, -77.737)",39.4153833,-77.7371018,2024-05-26,06:06 PM,eBird - Traveling Count,15,0,12.975,,1,,You know I can't really ID this goose but there's a white goose that hangs out every single day with a Canada goose at the limekiln road and canal road bridge over the Antietam Creek. The Star-Crossed lovers have been there for years. I can't tell if it's a domestic goose hybrid with a Canada goose.
S221320287,Brant,Branta bernicla,314,8,US-NY,New York,L3044567,"Hudson River Park--Pier 55 (Little Island, W 12th-14th St.)",40.7420139,-74.0106444,2025-03-28,11:55 AM,eBird - Traveling Count,38,1,.95,,1
S173166674,Barnacle Goose,Branta leucopsis,322,12,IS-8,,L31503669,"Vik, IS (63.414, -19.011)",63.4143057,-19.0106412,2023-06-24,07:04 AM,eBird - Casual Observation,,0,,,1,,Walking along the beach. A whole flock of them.
S291029355,Cackling Goose,Branta hutchinsii,331,5,US-MD,Montgomery,L11140089,"Rio Park, Gaithersburg",39.1168491,-77.1972698,2025-12-29,12:34 PM,eBird - Stationary Count,5,1,,,1,,"Three individuals on the far south side of the lake swimming alone, and two mixed in with the large flock of Canada geese on the north shore by the viewing gazebo. Easily distinguished from the Canada geese by their smaller stature and lower profile in the water."
S291250550,Cackling Goose,Branta hutchinsii,331,1,US-MD,Montgomery,L11140089,"Rio Park, Gaithersburg",39.1168491,-77.1972698,2025-12-30,04:10 PM,eBird - Stationary Count,15,1,,,2,,Continuing but down from 5 seen yesterday.
S302220684,Canada Goose,Branta canadensis,342,7,US-MD,Baltimore,L58847450,"830 East Pratt Street, Baltimore, Maryland, US (39.287, -76.604)",39.2874831,-76.6039973,2026-02-19,11:37 AM,eBird - Stationary Count,16,1,,,1
S300536527,Canada Goose,Branta canadensis,342,20,US-MD,Baltimore,L449294,Fort McHenry NM,39.2625631,-76.5791702,2026-02-14,12:02 PM,eBird - Traveling Count,84,1,1.31,,2,,No Brant today.
S286518252,Canada Goose,Branta canadensis,342,X,US-MD,Carroll,L629938,Cranberry Reservoir,39.6019849,-76.9647217,2025-11-28,02:39 PM,eBird - Stationary Count,40,0,,,1,,Many hundreds
S190756985,Canada Goose,Branta canadensis,342,X,US-OR,Clatsop,L2977912,Seaside (town),45.9930925,-123.9230647,2024-08-05,10:58 PM,eBird - Stationary Count,90,0,,,1
S192408165,Canada Goose,Branta canadensis,342,50,US-NH,Coos,L35986886,"Buffalo Farm Road, Errol, New Hampshire, US (44.792, -71.179)",44.7922784,-71.1793562,2024-08-22,12:55 PM,eBird - Traveling Count,6,1,1.851,,1,,Approximate count. Many were in the field lying down. Hard to see how many.
S192291989,Canada Goose,Branta canadensis,342,11,US-NH,Coos,L35961900,"Gorham Hydro Dam picnic Area, Gorham, New Hampshire, US (44.409, -71.196)",44.408647,-71.1959234,2024-08-21,05:05 PM,eBird - Stationary Count,18,1,,,3
S192337227,Canada Goose,Branta canadensis,342,98,US-NH,Coos,L5162343,Milan town,44.5762236,-71.1877477,2024-08-21,05:50 PM,eBird - Traveling Count,10,1,3.164,,3,,Estimated count
S195126034,Canada Goose,Branta canadensis,342,9,US-UT,Davis,L190743,Antelope Island SP,41.0465405,-112.2383881,2024-09-14,09:32 AM,eBird - Traveling Count,359,0,80.129,,1
S173683770,Canada Goose,Branta canadensis,342,4,US-DC,District of Columbia,L490336,C&O Canal--Fletcher's Cove (Fletcher's Boathouse),38.9188853,-77.1022224,2017-04-05,01:25 PM,eBird - Traveling Count,75,1,2.414,,3,,,With Paul Charron and Chris Marcum
S246372176,Canada Goose,Branta canadensis,342,22,US-DC,District of Columbia,L473521,Constitution Gardens and Reflecting Pool,38.8901142,-77.043364,2025-06-03,02:15 PM,eBird - Traveling Count,27,1,1.625,,1
S199502389,Canada Goose,Branta canadensis,342,9,US-DC,District of Columbia,L477896,LBJ Memorial Grove - Columbia Island Marina,38.8783386,-77.0510674,2024-10-19,01:47 PM,eBird - Traveling Count,81,1,1.738,,1
S217090868,Canada Goose,Branta canadensis,342,12,US-DC,District of Columbia,L40002483,Lincoln Memorial,38.8892792,-77.0501876,2025-03-07,12:55 PM,eBird - Traveling Count,206,1,3.058,,1
S173683759,Canada Goose,Branta canadensis,342,8,US-DC,District of Columbia,L5658941,TJM a District of Columbia,38.8818381,-77.0346951,2017-04-05,10:30 AM,eBird - Traveling Count,60,1,1.609,,3,,,With Paul Charron And Chris Marcum
S197043896,Canada Goose,Branta canadensis,342,X,US-DC,District of Columbia,L1013541,The White House,38.8975294,-77.0364976,2024-09-30,11:00 AM,eBird - Traveling Count,102,1,.233,,1
S292145747,Canada Goose,Branta canadensis,342,23,US-VA,Fairfax,L718485,Great Falls Park,38.9937,-77.2553,2026-01-03,10:48 AM,eBird - Traveling Count,75,1,1.28,,1
S294986972,Canada Goose,Branta canadensis,342,4,US-VA,Fairfax,L718485,Great Falls Park,38.9937,-77.2553,2026-01-18,12:14 PM,eBird - Traveling Count,51,1,.724,,1
S217261941,Canada Goose,Branta canadensis,342,3,US-MD,Frederick,L1739857,Catoctin Creek Park,39.392925,-77.5639615,2025-03-08,11:54 AM,eBird - Traveling Count,32,0,43.418,,1
S184336723,Canada Goose,Branta canadensis,342,18,US-MD,Frederick,L281578,Sugarloaf Mt.,39.2626685,-77.3972133,2018-04-01,10:45 AM,eBird - Traveling Count,130,1,4.828,,1
S239842745,Canada Goose,Branta canadensis,342,11,US-MD,Frederick,L281578,Sugarloaf Mt.,39.2626685,-77.3972133,2025-05-18,12:09 PM,eBird - Traveling Count,111,1,4.442,,1
S288058093,Canada Goose,Branta canadensis,342,400,US-MD,Howard,L695923,Johns Hopkins APL Pond,39.1612462,-76.8963575,2025-12-10,02:14 PM,eBird - Traveling Count,12,1,.189,,3,,"Estimate. There are probably some cackling geese in this flock too, but it's hard to distinguish them."
S286509010,Canada Goose,Branta canadensis,342,72,US-MD,Howard,L859276,Larriland Farm Pond,39.3128678,-77.1042609,2025-11-28,01:22 PM,eBird - Traveling Count,18,1,.601,,1
S314856678,Canada Goose,Branta canadensis,342,2,US-MD,Howard,L716095,Patapsco Valley SP--Hollofield Section,39.2954172,-76.7864513,2026-03-30,01:49 PM,eBird - Traveling Count,78,1,.61,,1,,,Gorgeous day but no birds..
S206651820,Canada Goose,Branta canadensis,342,2,US-MD,Montgomery,L33038592,"270 North (39.239, -77.291)",39.2393341,-77.291275,2024-12-26,01:09 PM,eBird - Traveling Count,23,0,21.457,,1
S175192347,Canada Goose,Branta canadensis,342,17,US-MD,Montgomery,L31909282,"9679 Lost Knife Road, Montgomery Village, Maryland, US (39.153, -77.199)",39.1532211,-77.1989898,2024-05-17,07:19 PM,eBird - Traveling Count,29,1,30.204,,1
S305295338,Canada Goose,Branta canadensis,342,1,US-MD,Montgomery,L57047379,"A Fields Road Elementary, Gaithersburg, Maryland, US (39.119, -77.215)",39.1188882,-77.2150482,2026-03-02,08:47 AM,eBird - Traveling Count,13,1,.458,,1
S287726423,Canada Goose,Branta canadensis,342,75,US-MD,Montgomery,L285049,Agricultural History Farm Park,39.1610805,-77.1322894,2025-12-07,03:07 PM,eBird - Traveling Count,87,1,1.583,,2,,Estimate
S307433161,Canada Goose,Branta canadensis,342,75,US-MD,Montgomery,L1316706,Black Hill Hiker/Biker Trail,39.1941644,-77.2873378,2026-03-08,06:34 PM,eBird - Traveling Count,17,1,.825,,1
S296044910,Canada Goose,Branta canadensis,342,21,US-MD,Montgomery,L595310,Black Hill RP--Boat Ramp area,39.2009491,-77.2941077,2026-01-24,02:29 PM,eBird - Traveling Count,35,1,2.7,,1
S218916728,Canada Goose,Branta canadensis,342,12,US-MD,Montgomery,L459907,"Black Hill RP--Little Seneca Lake, Rte.121",39.189427,-77.309455,2025-03-16,01:31 PM,eBird - Traveling Count,39,1,15.224,,1
S296035915,Canada Goose,Branta canadensis,342,X,US-MD,Montgomery,L459907,"Black Hill RP--Little Seneca Lake, Rte.121",39.189427,-77.309455,2026-01-24,01:48 PM,eBird - Traveling Count,33,1,.26,,6,,Dozens
S206809614,Canada Goose,Branta canadensis,342,112,US-MD,Montgomery,L196528,Black Hill Regional Park,39.192365,-77.295757,2024-12-27,04:17 PM,eBird - Traveling Count,80,1,13.164,,1
S233083528,Canada Goose,Branta canadensis,342,6,US-MD,Montgomery,L196528,Black Hill Regional Park,39.192365,-77.295757,2025-05-04,12:18 PM,eBird - Traveling Count,64,1,3.541,,1,,Two pairs each with two goslings.
S219833183,Canada Goose,Branta canadensis,342,4,US-MD,Montgomery,L230151,Blue Mash Nature Trail,39.1939588,-77.1060175,2025-03-21,04:14 PM,eBird - Traveling Count,10,1,3.14,,1
S274969283,Canada Goose,Branta canadensis,342,30,US-MD,Montgomery,L230151,Blue Mash Nature Trail,39.1939588,-77.1060175,2025-09-22,06:06 PM,eBird - Traveling Count,57,1,2.145,,1
S316508959,Canada Goose,Branta canadensis,342,2,US-MD,Montgomery,L230151,Blue Mash Nature Trail,39.1939588,-77.1060175,2026-04-03,05:54 PM,eBird - Traveling Count,70,1,2.147,,1
S182634611,Canada Goose,Branta canadensis,342,17,US-MD,Montgomery,L7383392,Bohrer Park,39.1329353,-77.1933532,2024-06-20,08:42 AM,eBird - Traveling Count,28,1,1.094,,1
S186447746,Canada Goose,Branta canadensis,342,42,US-MD,Montgomery,L7383392,Bohrer Park,39.1329353,-77.1933532,2024-07-11,08:29 AM,eBird - Traveling Count,12,0,.467,,1,,,Quite a few birds flying around at the top of trees. I couldn't identify cuz I didn't have binocs
S189398872,Canada Goose,Branta canadensis,342,X,US-MD,Montgomery,L7383392,Bohrer Park,39.1329353,-77.1933532,2024-07-29,08:46 AM,eBird - Traveling Count,15,1,.933,,1
S252450521,Canada Goose,Branta canadensis,342,2,US-MD,Montgomery,L7383392,Bohrer Park,39.1329353,-77.1933532,2025-06-20,08:18 AM,eBird - Traveling Count,20,1,.52,,1
S264217194,Canada Goose,Branta canadensis,342,2,US-MD,Montgomery,L7383392,Bohrer Park,39.1329353,-77.1933532,2025-07-17,08:41 AM,eBird - Traveling Count,15,1,.744,,1
S263202719,Canada Goose,Branta canadensis,342,60,US-MD,Montgomery,L7383392,Bohrer Park,39.1329353,-77.1933532,2025-07-27,02:00 PM,eBird - Traveling Count,31,1,.123,,1,,Estimate
S216306884,Canada Goose,Branta canadensis,342,11,US-MD,Montgomery,L34819685,Brighton Dam Azalea Garden,39.1917702,-77.0070275,2025-03-02,01:06 PM,eBird - Traveling Count,66,0,5.263,,1
S220359138,Canada Goose,Branta canadensis,342,10,US-MD,Montgomery,L34819685,Brighton Dam Azalea Garden,39.1917702,-77.0070275,2025-03-23,05:06 PM,eBird - Traveling Count,43,1,7.419,,1
S233615339,Canada Goose,Branta canadensis,342,2,US-MD,Montgomery,L584300,C&O Canal--Edwards Ferry,39.1030006,-77.4737057,2025-05-05,06:00 PM,eBird - Traveling Count,42,1,1.493,,1
S209075439,Canada Goose,Branta canadensis,342,5,US-MD,Montgomery,L214293,C&O Canal--Great Falls,38.9994802,-77.2450634,2025-01-12,03:40 PM,eBird - Traveling Count,62,1,.966,,1,,,The app stopped working repeatedly. It only recorded the first 6 minutes of our track. It should have recorded an entire 2/3 of a mile hike out and back to Olmsted Island.
S289393221,Canada Goose,Branta canadensis,342,17,US-MD,Montgomery,L515805,C&O Canal--Mouth of the Monocacy (Mont. Co.),39.221687,-77.451432,2025-12-20,01:56 PM,eBird - Traveling Count,93,1,3.015,,1
S243074956,Canada Goose,Branta canadensis,342,1,US-MD,Montgomery,L192824,C&O Canal--Violette's Lock,39.066803,-77.32951,2025-05-26,11:56 AM,eBird - Traveling Count,55,1,.8,,2
S185956082,Canada Goose,Branta canadensis,342,1,US-MD,Montgomery,L33913928,"Camden Retention Pond, Gaithersburg, Maryland, US (39.12, -77.206)",39.1197497,-77.2064087,2024-07-07,08:37 PM,eBird - Traveling Count,29,1,.418,,1
S186245651,Canada Goose,Branta canadensis,342,4,US-MD,Montgomery,L33913928,"Camden Retention Pond, Gaithersburg, Maryland, US (39.12, -77.206)",39.1197497,-77.2064087,2024-07-08,06:37 PM,eBird - Traveling Count,59,1,1.078,,1
S191234658,Canada Goose,Branta canadensis,342,8,US-MD,Montgomery,L33913928,"Camden Retention Pond, Gaithersburg, Maryland, US (39.12, -77.206)",39.1197497,-77.2064087,2024-08-12,06:34 PM,eBird - Stationary Count,5,1,,,1
S215914147,Canada Goose,Branta canadensis,342,2,US-MD,Montgomery,L33913928,"Camden Retention Pond, Gaithersburg, Maryland, US (39.12, -77.206)",39.1197497,-77.2064087,2025-02-28,05:47 PM,eBird - Stationary Count,5,1,,,1
S231014378,Canada Goose,Branta canadensis,342,2,US-MD,Montgomery,L33913928,"Camden Retention Pond, Gaithersburg, Maryland, US (39.12, -77.206)",39.1197497,-77.2064087,2025-04-29,07:54 PM,eBird - Traveling Count,7,1,.082,,1
S232647749,Canada Goose,Branta canadensis,342,2,US-MD,Montgomery,L33913928,"Camden Retention Pond, Gaithersburg, Maryland, US (39.12, -77.206)",39.1197497,-77.2064087,2025-05-03,03:19 PM,eBird - Traveling Count,32,1,1.03,,1
S281282055,Canada Goose,Branta canadensis,342,1,US-MD,Montgomery,L33913928,"Camden Retention Pond, Gaithersburg, Maryland, US (39.12, -77.206)",39.1197497,-77.2064087,2025-10-25,12:08 PM,eBird - Traveling Count,28,1,.952,,1
S291020793,Canada Goose,Branta canadensis,342,3,US-MD,Montgomery,L33913928,"Camden Retention Pond, Gaithersburg, Maryland, US (39.12, -77.206)",39.1197497,-77.2064087,2025-12-29,11:39 AM,eBird - Traveling Count,9,1,.336,,1
S292971443,Canada Goose,Branta canadensis,342,2,US-MD,Montgomery,L33913928,"Camden Retention Pond, Gaithersburg, Maryland, US (39.12, -77.206)",39.1197497,-77.2064087,2026-01-07,12:17 PM,eBird - Traveling Count,22,1,.58,,1
S294242612,Canada Goose,Branta canadensis,342,2,US-MD,Montgomery,L33913928,"Camden Retention Pond, Gaithersburg, Maryland, US (39.12, -77.206)",39.1197497,-77.2064087,2026-01-14,03:41 PM,eBird - Traveling Count,18,1,.518,,1
S316385681,Canada Goose,Branta canadensis,342,2,US-MD,Montgomery,L33913928,"Camden Retention Pond, Gaithersburg, Maryland, US (39.12, -77.206)",39.1197497,-77.2064087,2026-04-03,01:09 PM,eBird - Traveling Count,39,1,1.061,,1
S228011793,Canada Goose,Branta canadensis,342,8,US-MD,Montgomery,L3043543,Crabbs Branch Pond,39.122276,-77.1587741,2025-04-21,07:07 PM,eBird - Traveling Count,19,1,.917,,1
S248990243,Canada Goose,Branta canadensis,342,X,US-MD,Montgomery,L3043543,Crabbs Branch Pond,39.122276,-77.1587741,2025-06-10,05:46 PM,eBird - Traveling Count,13,1,.29,,1
S292776205,Canada Goose,Branta canadensis,342,2,US-MD,Montgomery,L56914155,"Crown Woods, Gaithersburg, Maryland, US (39.117, -77.211)",39.1166315,-77.2109226,2026-01-06,10:14 AM,eBird - Stationary Count,2,1,,,1
S197341843,Canada Goose,Branta canadensis,342,17,US-MD,Montgomery,L9055068,Hibiscus court Maryland,39.1187154,-77.2108193,2024-10-03,08:56 AM,eBird - Traveling Count,14,1,.867,,2,,All at the school playground
S212334920,Canada Goose,Branta canadensis,342,12,US-MD,Montgomery,L9055068,Hibiscus court Maryland,39.1187154,-77.2108193,2025-02-07,02:23 PM,eBird - Traveling Count,70,1,1.77,,1
S239960481,Canada Goose,Branta canadensis,342,11,US-MD,Montgomery,L9055068,Hibiscus court Maryland,39.1187154,-77.2108193,2025-05-11,08:19 PM,eBird - Traveling Count,25,1,1.492,,1
S301950574,Canada Goose,Branta canadensis,342,2,US-MD,Montgomery,L9055068,Hibiscus court Maryland,39.1187154,-77.2108193,2026-02-18,07:24 AM,eBird - Traveling Count,94,1,.445,,1
S307587013,Canada Goose,Branta canadensis,342,35,US-MD,Montgomery,L9055068,Hibiscus court Maryland,39.1187154,-77.2108193,2026-03-09,09:15 AM,eBird - Traveling Count,18,1,.498,,1,,Flyover,Gorgeous morning. So many resident birds chirping and building nests.
S308062000,Canada Goose,Branta canadensis,342,4,US-MD,Montgomery,L9055068,Hibiscus court Maryland,39.1187154,-77.2108193,2026-03-10,08:52 AM,eBird - Traveling Count,211,1,.414,,1
S317291213,Canada Goose,Branta canadensis,342,2,US-MD,Montgomery,L9055068,Hibiscus court Maryland,39.1187154,-77.2108193,2026-04-05,09:26 AM,eBird - Traveling Count,19,1,.322,,2,,,Stormy morning
S227622469,Canada Goose,Branta canadensis,342,4,US-MD,Montgomery,L126620,Hughes Hollow - McKee Beshers WMA,39.0803767,-77.4035096,2025-04-20,05:15 PM,eBird - Traveling Count,87,1,2.301,,1
S253053193,Canada Goose,Branta canadensis,342,6,US-MD,Montgomery,L126620,Hughes Hollow - McKee Beshers WMA,39.0803767,-77.4035096,2025-06-22,06:50 AM,eBird - Traveling Count,99,1,1.237,,1
S259644861,Canada Goose,Branta canadensis,342,5,US-MD,Montgomery,L126620,Hughes Hollow - McKee Beshers WMA,39.0803767,-77.4035096,2025-07-13,03:26 PM,eBird - Traveling Count,15,1,.342,,2
S176627258,Canada Goose,Branta canadensis,342,2,US-MD,Montgomery,L32216879,"Kaiser Permanente, Gaithersburg, Maryland, US (39.156, -77.222)",39.1558353,-77.2220648,2024-05-23,06:34 PM,eBird - Stationary Count,4,1,,,2
S186245620,Canada Goose,Branta canadensis,342,21,US-MD,Montgomery,L32216879,"Kaiser Permanente, Gaithersburg, Maryland, US (39.156, -77.222)",39.1558353,-77.2220648,2024-07-09,05:42 PM,eBird - Traveling Count,13,0,.274,,1,,,I think I saw a yellow billed cuckoo but only from the back and it flew off before I could catch up.
S295176924,Canada Goose,Branta canadensis,342,18,US-MD,Montgomery,L32216879,"Kaiser Permanente, Gaithersburg, Maryland, US (39.156, -77.222)",39.1558353,-77.2220648,2026-01-19,11:16 AM,eBird - Stationary Count,28,1,,,1
S253542219,Canada Goose,Branta canadensis,342,10,US-MD,Montgomery,L48335959,"Kaiser Retention Pomd, Gaithersburg, Maryland, US (39.155, -77.222)",39.1553049,-77.221738,2025-06-23,06:47 PM,eBird - Stationary Count,4,1,,,1
S206614569,Canada Goose,Branta canadensis,342,10,US-MD,Montgomery,L224286,Lake Frank,39.1028755,-77.1198104,2022-01-27,08:00 AM,Historical,60,0,3.219,,2
S245062525,Canada Goose,Branta canadensis,342,8,US-MD,Montgomery,L224286,Lake Frank,39.1028755,-77.1198104,2025-05-31,11:53 AM,eBird - Traveling Count,38,1,.75,,1
S303064806,Canada Goose,Branta canadensis,342,31,US-MD,Montgomery,L11978481,"Lakeforest Mall stormwater ponds, Gaithersburg",39.1529726,-77.2085064,2026-02-22,11:21 AM,eBird - Traveling Count,62,1,8.579,,1
S276905817,Canada Goose,Branta canadensis,342,X,US-MD,Montgomery,L1554234,Little Bennett RP--Froggy Hollow Trail,39.2619385,-77.2789755,2025-10-02,06:07 PM,eBird - Traveling Count,51,1,1.195,,1
S225232220,Canada Goose,Branta canadensis,342,1,US-MD,Montgomery,L31569197,"Malcolm King Park (39.121, -77.212)",39.1205865,-77.212024,2025-04-13,10:38 AM,eBird - Traveling Count,35,1,.805,,2
S232178059,Canada Goose,Branta canadensis,342,1,US-MD,Montgomery,L31569197,"Malcolm King Park (39.121, -77.212)",39.1205865,-77.212024,2025-05-02,05:38 PM,eBird - Traveling Count,19,1,1.014,,1
S302680251,Canada Goose,Branta canadensis,342,3,US-MD,Montgomery,L31569197,"Malcolm King Park (39.121, -77.212)",39.1205865,-77.212024,2026-02-21,08:56 AM,eBird - Traveling Count,15,1,.76,,1
S307216901,Canada Goose,Branta canadensis,342,2,US-MD,Montgomery,L31569197,"Malcolm King Park (39.121, -77.212)",39.1205865,-77.212024,2026-03-08,09:51 AM,eBird - Traveling Count,76,1,1.346,,1,,,70f this morning on the walk. Watched a few crows try to take The nest that one of our pairs of red shouldered Hawks are building. The Hawks were not amused.
S177345442,Canada Goose,Branta canadensis,342,8,US-MD,Montgomery,L32384015,"Montgomery County Landfill, Gaithersburg, Maryland, US (39.123, -77.173)",39.1229591,-77.1734085,2024-05-26,01:30 PM,eBird - Traveling Count,14,1,1.384,,1
S231384757,Canada Goose,Branta canadensis,342,4,US-MD,Montgomery,L8617665,Muddy Branch Greenway Trail--Pennyfield entrance,39.0579926,-77.2935924,2025-04-30,07:19 PM,eBird - Traveling Count,35,1,2.865,,1
S185018356,Canada Goose,Branta canadensis,342,X,US-MD,Montgomery,L11140089,"Rio Park, Gaithersburg",39.1168491,-77.1972698,2024-07-02,07:22 PM,eBird - Traveling Count,27,1,1.368,,1
S237084412,Canada Goose,Branta canadensis,342,X,US-MD,Montgomery,L11140089,"Rio Park, Gaithersburg",39.1168491,-77.1972698,2025-05-12,06:07 PM,eBird - Traveling Count,12,1,.113,,1,,About 50
S247845111,Canada Goose,Branta canadensis,342,X,US-MD,Montgomery,L11140089,"Rio Park, Gaithersburg",39.1168491,-77.1972698,2025-06-07,04:51 PM,eBird - Traveling Count,37,1,.285,,1,,Too many to count
S269564870,Canada Goose,Branta canadensis,342,64,US-MD,Montgomery,L11140089,"Rio Park, Gaithersburg",39.1168491,-77.1972698,2025-08-25,06:56 PM,eBird - Traveling Count,56,1,.389,,1
S276159653,Canada Goose,Branta canadensis,342,X,US-MD,Montgomery,L11140089,"Rio Park, Gaithersburg",39.1168491,-77.1972698,2025-09-28,11:11 AM,eBird - Traveling Count,206,1,8.384,,1
S291250550,Canada Goose,Branta canadensis,342,43,US-MD,Montgomery,L11140089,"Rio Park, Gaithersburg",39.1168491,-77.1972698,2025-12-30,04:10 PM,eBird - Stationary Count,15,1,,,2
S291915273,Canada Goose,Branta canadensis,342,70,US-MD,Montgomery,L11140089,"Rio Park, Gaithersburg",39.1168491,-77.1972698,2026-01-02,01:10 PM,eBird - Traveling Count,9,1,.207,,2,,Exact count. No cackling geese.
S288758503,Canada Goose,Branta canadensis,342,9,US-MD,Montgomery,L53737414,Royce Hanson Conservation Park at Broad Run,39.1324176,-77.4573434,2025-12-15,04:21 PM,eBird - Traveling Count,12,1,.433,,1
S230664462,Canada Goose,Branta canadensis,342,4,US-MD,Montgomery,L41905651,"Seneca Greenway Trail, Gaithersburg, Maryland, US (39.167, -77.229)",39.1672893,-77.2288242,2025-04-28,06:28 PM,eBird - Traveling Count,80,1,2.317,,1
S177875501,Canada Goose,Branta canadensis,342,24,US-MD,Montgomery,L32507644,"Shady Grove Metro Station, Rockville, Maryland, US (39.121, -77.163)",39.1212152,-77.1634004,2024-05-28,05:41 PM,eBird - Traveling Count,8,1,.12,,1,,8 juvenile
S241509048,Canada Goose,Branta canadensis,342,4,US-MD,Montgomery,L32507644,"Shady Grove Metro Station, Rockville, Maryland, US (39.121, -77.163)",39.1212152,-77.1634004,2025-05-23,09:18 AM,eBird - Traveling Count,2,1,.173,,1
S251200103,Canada Goose,Branta canadensis,342,6,US-MD,Montgomery,L32507644,"Shady Grove Metro Station, Rockville, Maryland, US (39.121, -77.163)",39.1212152,-77.1634004,2025-06-16,06:54 PM,eBird - Casual Observation,,0,,,1
S253804122,Canada Goose,Branta canadensis,342,39,US-MD,Montgomery,L32507644,"Shady Grove Metro Station, Rockville, Maryland, US (39.121, -77.163)",39.1212152,-77.1634004,2025-06-24,05:50 PM,eBird - Stationary Count,2,0,,,1
S295425265,Canada Goose,Branta canadensis,342,4,US-MD,Montgomery,L32507644,"Shady Grove Metro Station, Rockville, Maryland, US (39.121, -77.163)",39.1212152,-77.1634004,2026-01-20,04:37 PM,eBird - Casual Observation,,0,,,1
S298126159,Canada Goose,Branta canadensis,342,10,US-MD,Montgomery,L32507644,"Shady Grove Metro Station, Rockville, Maryland, US (39.121, -77.163)",39.1212152,-77.1634004,2026-02-04,04:44 PM,eBird - Traveling Count,2,1,.158,,1
S315714190,Canada Goose,Branta canadensis,342,2,US-MD,Montgomery,L2055457,Sycamore Landing Rd. fields,39.0839717,-77.4146461,2026-04-01,06:15 PM,eBird - Traveling Count,26,1,11.681,,1
S221466591,Canada Goose,Branta canadensis,342,2,US-NY,New York,L1007196,Battery Park City--Nelson A. Rockefeller Jr Park,40.7172332,-74.0166778,2025-03-29,06:49 AM,eBird - Traveling Count,37,0,1.99,,1
S221320287,Canada Goose,Branta canadensis,342,2,US-NY,New York,L3044567,"Hudson River Park--Pier 55 (Little Island, W 12th-14th St.)",40.7420139,-74.0106444,2025-03-28,11:55 AM,eBird - Traveling Count,38,1,.95,,1
S239253914,Canada Goose,Branta canadensis,342,3,US-MD,Prince George's,L42706061,Patuxent Research Refuge--Central Tract (Restricted Access),39.0491905,-76.7986274,2025-05-17,11:28 AM,eBird - Traveling Count,35,1,3.206,,1
S177579473,Canada Goose,Branta canadensis,342,8,US-MD,Prince George's,L305078,Patuxent Research Refuge--South Tract (National Wildlife Visitor Center),39.0270605,-76.7991731,2024-05-27,09:22 AM,eBird - Traveling Count,131,0,8.433,,2
S239213799,Canada Goose,Branta canadensis,342,X,US-MD,Prince George's,L305078,Patuxent Research Refuge--South Tract (National Wildlife Visitor Center),39.0270605,-76.7991731,2025-05-17,08:28 AM,eBird - Traveling Count,149,1,6.502,,1
S290845555,Canada Goose,Branta canadensis,342,300,US-MD,Queen Anne's,L5194688,Kent Point Marina,38.8382982,-76.3732617,2025-12-28,02:14 PM,eBird - Traveling Count,17,1,4.058,,1,,Minimal count.
S179436241,Canada Goose,Branta canadensis,342,2,US-VA,Richmond City,L3542266,James River Park--Pony Pasture,37.550872,-77.5204861,2024-06-04,05:59 PM,eBird - Traveling Count,25,1,.097,,2
S181474802,Canada Goose,Branta canadensis,342,X,US-MA,Suffolk,L515554,Charles River Esplanade,42.3553409,-71.0790968,2024-06-14,04:19 PM,eBird - Traveling Count,45,1,.674,,1,,At least 100
S175728697,Canada Goose,Branta canadensis,342,6,US-MD,Washington,L31950817,"3716 Harpers Ferry Road, Sharpsburg, Maryland, US (39.415, -77.737)",39.4153833,-77.7371018,2024-05-19,01:18 PM,eBird - Traveling Count,172,1,6.436,,3,,Three goslings
S177419574,Canada Goose,Branta canadensis,342,1,US-MD,Washington,L31950817,"3716 Harpers Ferry Road, Sharpsburg, Maryland, US (39.415, -77.737)",39.4153833,-77.7371018,2024-05-26,06:06 PM,eBird - Traveling Count,15,0,12.975,,1
S219610280,Canada Goose,Branta canadensis,342,2,US-MD,Washington,L6135345,C&O Canal--Pack Horse Ford,39.4296594,-77.771052,2025-03-08,04:35 PM,eBird - Traveling Count,272,1,7.829,,1
S173113419,Canada Goose,Branta canadensis,342,1,US-MD,Washington,L4053312,Devil's Backbone County Park,39.538741,-77.7100086,2024-05-08,01:00 PM,eBird - Traveling Count,120,1,8.047,,2
S206657640,Canada Goose,Branta canadensis,342,100,US-MD,Washington,L1135587,Mt. Briar Wetlands Preserve,39.4412971,-77.6814508,2024-12-26,02:03 PM,eBird - Traveling Count,12,1,10.432,,1,,OMG too many to count
S287693795,Canada Goose,Branta canadensis,342,28,US-MD,Washington,L776007,Route 66 at Mt. Aetna Road,39.6036712,-77.6243305,2025-12-07,01:09 PM,eBird - Traveling Count,7,1,.487,,2
S185018356,Domestic goose sp. x Canada Goose (hybrid),Anser sp. (Domestic type) x Branta canadensis,359,1,US-MD,Montgomery,L11140089,"Rio Park, Gaithersburg",39.1168491,-77.1972698,2024-07-02,07:22 PM,eBird - Traveling Count,27,1,1.368,,1,,This is one weird looking hybrid.,,621083538
S180214827,Hawaiian Goose,Branta sandvicensis,365,X,US-HI,Kauai,L33043265,"3500 Kilauea Road, Kilauea, Hawaii, US (22.232, -159.402)",22.2317619,-159.4019182,2024-06-08,04:24 PM,eBird - Casual Observation,,0,,,2
S192410212,Hawaiian Goose,Branta sandvicensis,365,X,US-HI,Kauai,L8027824,Kīlauea Point NWR--Overlook (always open),22.2277391,-159.4012624,2009-10-18,07:59 PM,eBird - Casual Observation,,0,,,2,,,,628988501
S173167431,Mute Swan,Cygnus olor,377,X,CH-GE,,L31503812,"17 Quai Gustave-Ador, Genève, Genève, CH (46.207, 6.156)",46.2072199,6.155723,2023-07-13,07:13 AM,eBird - Traveling Count,120,1,3.219,,1
S274490277,Mute Swan,Cygnus olor,377,2,CH-GE,,L4661466,Bois du Faisan,46.2779787,6.1518073,2025-09-16,06:57 PM,eBird - Traveling Count,247,1,18.277,,1
S273926912,Mute Swan,Cygnus olor,377,4,CH-GE,,L926699,Jetée et Port des Pâquis,46.2102417,6.1546,2025-09-17,07:04 PM,eBird - Traveling Count,124,1,1.278,,1
S296044910,Tundra Swan,Cygnus columbianus,384,3,US-MD,Montgomery,L595310,Black Hill RP--Boat Ramp area,39.2009491,-77.2941077,2026-01-24,02:29 PM,eBird - Traveling Count,35,1,2.7,,1,,Continuing from across the lake.
S296035915,Tundra Swan,Cygnus columbianus,384,3,US-MD,Montgomery,L459907,"Black Hill RP--Little Seneca Lake, Rte.121",39.189427,-77.309455,2026-01-24,01:48 PM,eBird - Traveling Count,33,1,.26,,6,,Black bills.
S173683785,Tundra Swan,Cygnus columbianus,384,3,US-MD,Montgomery,L360157,C&O Canal--Riley's Lock,39.0682467,-77.3431492,2023-11-23,11:24 AM,eBird - Traveling Count,65,1,.668,,2
S203796974,Tundra Swan,Cygnus columbianus,384,4,US-MD,Washington,L512641,C&O Canal--Antietam Creek,39.417434,-77.745801,2024-11-02,04:11 PM,eBird - Traveling Count,111,1,2.35,,1
S306960721,Tundra Swan,Cygnus columbianus,384,3,US-MD,Washington,L59209237,"Private Yard, Sharpsburg, Maryland, US (39.416, -77.737)",39.4157499,-77.7373156,2026-03-07,04:48 PM,eBird - Traveling Count,41,1,.048,,2,,Fly over. Got recording
S295176924,goose sp.,Anatidae (goose sp.),413,1,US-MD,Montgomery,L32216879,"Kaiser Permanente, Gaithersburg, Maryland, US (39.156, -77.222)",39.1558353,-77.2220648,2026-01-19,11:16 AM,eBird - Stationary Count,28,1,,,1,,Bright pink feet and bright pink bill with a white face. Bill is stubbier than the Canada Geese it's flocking with. I took some photos. I observed this bird for about 30 minutes on the ice In the retention pond behind Kaiser. An interesting behavior I noticed is that whenever it would get close to the Canada geese it was flocking with they would chase and peck at it.,,649213583 649213584 649213585
S192337244,Wood Duck,Aix sponsa,455,2,US-NH,Coos,L1187682,"Magill Bay, Androscoggin River, Dummer",44.6464295,-71.2329483,2024-08-21,05:58 PM,eBird - Casual Observation,,0,,,3
S192337221,Wood Duck,Aix sponsa,455,1,US-NH,Coos,L758167,"Pontook Reservoir, Dummer",44.6364873,-71.2434597,2024-08-21,05:56 PM,eBird - Casual Observation,,0,,,3
S173683770,Wood Duck,Aix sponsa,455,2,US-DC,District of Columbia,L490336,C&O Canal--Fletcher's Cove (Fletcher's Boathouse),38.9188853,-77.1022224,2017-04-05,01:25 PM,eBird - Traveling Count,75,1,2.414,,3,,,With Paul Charron and Chris Marcum
S246372176,Wood Duck,Aix sponsa,455,5,US-DC,District of Columbia,L473521,Constitution Gardens and Reflecting Pool,38.8901142,-77.043364,2025-06-03,02:15 PM,eBird - Traveling Count,27,1,1.625,,1
S309588450,Wood Duck,Aix sponsa,455,4,US-DC,District of Columbia,L585694,Kingman Island South - Kingman Lake/Heritage Island,38.893872,-76.965301,2026-03-15,02:12 PM,eBird - Traveling Count,97,1,1.668,,1
S218916728,Wood Duck,Aix sponsa,455,3,US-MD,Montgomery,L459907,"Black Hill RP--Little Seneca Lake, Rte.121",39.189427,-77.309455,2025-03-16,01:31 PM,eBird - Traveling Count,39,1,15.224,,1
S228011793,Wood Duck,Aix sponsa,455,2,US-MD,Montgomery,L3043543,Crabbs Branch Pond,39.122276,-77.1587741,2025-04-21,07:07 PM,eBird - Traveling Count,19,1,.917,,1
S227622469,Wood Duck,Aix sponsa,455,1,US-MD,Montgomery,L126620,Hughes Hollow - McKee Beshers WMA,39.0803767,-77.4035096,2025-04-20,05:15 PM,eBird - Traveling Count,87,1,2.301,,1
S248712994,Wood Duck,Aix sponsa,455,1,US-MD,Montgomery,L126620,Hughes Hollow - McKee Beshers WMA,39.0803767,-77.4035096,2025-06-09,08:09 PM,eBird - Traveling Count,35,1,1.352,,1
S253053193,Wood Duck,Aix sponsa,455,5,US-MD,Montgomery,L126620,Hughes Hollow - McKee Beshers WMA,39.0803767,-77.4035096,2025-06-22,06:50 AM,eBird - Traveling Count,99,1,1.237,,1
S315703473,Wood Duck,Aix sponsa,455,1,US-MD,Montgomery,L126620,Hughes Hollow - McKee Beshers WMA,39.0803767,-77.4035096,2026-04-01,05:00 PM,eBird - Traveling Count,58,1,.544,,1,,,This was an absolutely stunning evening. Lots of birds. Couple of unexpected visitors like the blue winged teal and a nice show from the red-headed woodpeckers.
S247845111,Wood Duck,Aix sponsa,455,3,US-MD,Montgomery,L11140089,"Rio Park, Gaithersburg",39.1168491,-77.1972698,2025-06-07,04:51 PM,eBird - Traveling Count,37,1,.285,,1
S239213799,Wood Duck,Aix sponsa,455,5,US-MD,Prince George's,L305078,Patuxent Research Refuge--South Tract (National Wildlife Visitor Center),39.0270605,-76.7991731,2025-05-17,08:28 AM,eBird - Traveling Count,149,1,6.502,,1
S197672933,Wood Duck,Aix sponsa,455,1,US-MD,Washington,L512641,C&O Canal--Antietam Creek,39.417434,-77.745801,2024-10-05,05:15 PM,eBird - Traveling Count,60,1,6.26,,3
S219610280,Wood Duck,Aix sponsa,455,2,US-MD,Washington,L6135345,C&O Canal--Pack Horse Ford,39.4296594,-77.771052,2025-03-08,04:35 PM,eBird - Traveling Count,272,1,7.829,,1
S173113419,Wood Duck,Aix sponsa,455,6,US-MD,Washington,L4053312,Devil's Backbone County Park,39.538741,-77.7100086,2024-05-08,01:00 PM,eBird - Traveling Count,120,1,8.047,,2,,Two males and four females.
S313599446,Mandarin Duck,Aix galericulata,457,1,DE-BE,Berlin (Kreisfreie Stadt),L24881624,Köllnischer Park,52.5128862,13.4144725,2026-03-27,02:18 PM,eBird - Traveling Count,59,1,2.978,,1
S225941637,Blue-winged Teal,Spatula discors,485,2,US-FL,Charlotte,L618537,Amberjack Environmental Park--Lemon Lake,26.8725833,-82.3001289,2025-04-15,05:04 PM,eBird - Traveling Count,72,1,3.235,,1
S226075152,Blue-winged Teal,Spatula discors,485,12,US-FL,Charlotte,L618537,Amberjack Environmental Park--Lemon Lake,26.8725833,-82.3001289,2025-04-16,08:52 AM,eBird - Traveling Count,100,1,1.018,,4
S226075158,Blue-winged Teal,Spatula discors,485,12,US-FL,Charlotte,L618537,Amberjack Environmental Park--Lemon Lake,26.8725833,-82.3001289,2025-04-16,08:52 AM,eBird - Traveling Count,100,1,1.018,,4
S299019880,Blue-winged Teal,Spatula discors,485,12,US-FL,Charlotte,L618537,Amberjack Environmental Park--Lemon Lake,26.8725833,-82.3001289,2026-02-08,05:00 PM,eBird - Traveling Count,34,1,.332,,2
S298432896,Blue-winged Teal,Spatula discors,485,37,US-FL,Charlotte,L17495505,Links Lane,26.8642861,-82.2841545,2026-02-06,11:11 AM,eBird - Traveling Count,53,1,.15,,2
S299224660,Blue-winged Teal,Spatula discors,485,12,US-FL,Charlotte,L17495505,Links Lane,26.8642861,-82.2841545,2026-02-09,03:08 PM,eBird - Traveling Count,127,1,.246,,2
S298932326,Blue-winged Teal,Spatula discors,485,5,US-FL,Charlotte,L617642,Ollie's Pond Park,26.9860616,-82.1496961,2026-02-08,09:32 AM,eBird - Traveling Count,154,1,1.556,,2
S217581672,Blue-winged Teal,Spatula discors,485,3,US-MD,Montgomery,L192824,C&O Canal--Violette's Lock,39.066803,-77.32951,2025-03-09,05:06 PM,eBird - Traveling Count,77,1,.493,,1,,Marking present individuals right in the middle of the river. Single male easily distinguishable by the White stripe in front of the eye and the mottled breast.
S227622469,Blue-winged Teal,Spatula discors,485,4,US-MD,Montgomery,L126620,Hughes Hollow - McKee Beshers WMA,39.0803767,-77.4035096,2025-04-20,05:15 PM,eBird - Traveling Count,87,1,2.301,,1
S312069147,Blue-winged Teal,Spatula discors,485,2,US-MD,Montgomery,L126620,Hughes Hollow - McKee Beshers WMA,39.0803767,-77.4035096,2026-03-22,12:35 PM,eBird - Traveling Count,36,1,.657,,2
S314489044,Blue-winged Teal,Spatula discors,485,2,US-MD,Montgomery,L126620,Hughes Hollow - McKee Beshers WMA,39.0803767,-77.4035096,2026-03-29,02:54 PM,eBird - Traveling Count,36,1,2.047,,2
S315703473,Blue-winged Teal,Spatula discors,485,2,US-MD,Montgomery,L126620,Hughes Hollow - McKee Beshers WMA,39.0803767,-77.4035096,2026-04-01,05:00 PM,eBird - Traveling Count,58,1,.544,,1,,,This was an absolutely stunning evening. Lots of birds. Couple of unexpected visitors like the blue winged teal and a nice show from the red-headed woodpeckers.
S195126034,Cinnamon Teal,Spatula cyanoptera,487,1,US-UT,Davis,L190743,Antelope Island SP,41.0465405,-112.2383881,2024-09-14,09:32 AM,eBird - Traveling Count,359,0,80.129,,1
S173207161,Cinnamon Teal,Spatula cyanoptera,487,X,US-AZ,Pima,L267156,Danny Lopez Park (formerly Columbus Park),32.2856814,-111.0346556,2013-12-20,10:00 AM,eBird - Stationary Count,60,1,,,4
S314489044,Northern Shoveler,Spatula clypeata,501,2,US-MD,Montgomery,L126620,Hughes Hollow - McKee Beshers WMA,39.0803767,-77.4035096,2026-03-29,02:54 PM,eBird - Traveling Count,36,1,2.047,,2
S195126034,Gadwall,Mareca strepera,505,1,US-UT,Davis,L190743,Antelope Island SP,41.0465405,-112.2383881,2024-09-14,09:32 AM,eBird - Traveling Count,359,0,80.129,,1
S307723981,Gadwall,Mareca strepera,505,2,US-MD,Montgomery,L126620,Hughes Hollow - McKee Beshers WMA,39.0803767,-77.4035096,2026-03-09,01:41 PM,eBird - Traveling Count,104,1,6.038,,1
S221320287,Gadwall,Mareca strepera,505,5,US-NY,New York,L3044567,"Hudson River Park--Pier 55 (Little Island, W 12th-14th St.)",40.7420139,-74.0106444,2025-03-28,11:55 AM,eBird - Traveling Count,38,1,.95,,1
S280851263,Gadwall,Mareca strepera,505,10,US-CA,San Diego,L6351012,Batiquitos Lagoon--Cholla Point,33.0935914,-117.2709236,2025-10-22,01:59 PM,eBird - Traveling Count,34,1,1.082,,1
S206809614,American Wigeon,Mareca americana,517,2,US-MD,Montgomery,L196528,Black Hill Regional Park,39.192365,-77.295757,2024-12-27,04:17 PM,eBird - Traveling Count,80,1,13.164,,1
S173207161,American Wigeon,Mareca americana,517,X,US-AZ,Pima,L267156,Danny Lopez Park (formerly Columbus Park),32.2856814,-111.0346556,2013-12-20,10:00 AM,eBird - Stationary Count,60,1,,,4
S180214827,Hawaiian Duck,Anas wyvilliana,538,X,US-HI,Kauai,L33043265,"3500 Kilauea Road, Kilauea, Hawaii, US (22.232, -159.402)",22.2317619,-159.4019182,2024-06-08,04:24 PM,eBird - Casual Observation,,0,,,2
S192410212,Hawaiian Duck,Anas wyvilliana,538,X,US-HI,Kauai,L8027824,Kīlauea Point NWR--Overlook (always open),22.2277391,-159.4012624,2009-10-18,07:59 PM,eBird - Casual Observation,,0,,,2
S300536527,Mallard,Anas platyrhynchos,545,5,US-MD,Baltimore,L449294,Fort McHenry NM,39.2625631,-76.5791702,2026-02-14,12:02 PM,eBird - Traveling Count,84,1,1.31,,2
S313599446,Mallard,Anas platyrhynchos,545,2,DE-BE,Berlin (Kreisfreie Stadt),L24881624,Köllnischer Park,52.5128862,13.4144725,2026-03-27,02:18 PM,eBird - Traveling Count,59,1,2.978,,1
S312735829,Mallard,Anas platyrhynchos,545,2,DE-BE,Berlin (Kreisfreie Stadt),L13796487,Museumsinsel--Lustgarten,52.5187318,13.3995658,2026-03-24,03:36 PM,eBird - Traveling Count,119,1,.929,,1
S313007777,Mallard,Anas platyrhynchos,545,2,DE-BE,Berlin (Kreisfreie Stadt),L29026686,Pariser Platz,52.5162796,13.3776999,2026-03-25,04:30 PM,eBird - Traveling Count,24,1,1.097,,1,,,Very chilly day
S286518252,Mallard,Anas platyrhynchos,545,2,US-MD,Carroll,L629938,Cranberry Reservoir,39.6019849,-76.9647217,2025-11-28,02:39 PM,eBird - Stationary Count,40,0,,,1
S192288648,Mallard,Anas platyrhynchos,545,5,US-NH,Carroll,L2573426,"Story Land, Rt. 16, Glen",44.117161,-71.184298,2024-08-21,10:28 AM,eBird - Traveling Count,372,0,.791,,2,,,Storyland!
S192185926,Mallard,Anas platyrhynchos,545,6,US-NH,Coos,L12575127,"Umbagog Lake SP Campground, Errol",44.704008,-71.051226,2024-08-20,04:17 PM,eBird - Stationary Count,5,1,,,2
S268111225,Mallard,Anas platyrhynchos,545,6,US-NH,Coos,L1209933,"Umbagog NWR--Magalloway River Trail, Wentworths Location",44.8424719,-71.0572958,2025-08-18,02:08 PM,eBird - Traveling Count,70,1,1.903,,1
S173683770,Mallard,Anas platyrhynchos,545,4,US-DC,District of Columbia,L490336,C&O Canal--Fletcher's Cove (Fletcher's Boathouse),38.9188853,-77.1022224,2017-04-05,01:25 PM,eBird - Traveling Count,75,1,2.414,,3,,,With Paul Charron and Chris Marcum
S246372176,Mallard,Anas platyrhynchos,545,108,US-DC,District of Columbia,L473521,Constitution Gardens and Reflecting Pool,38.8901142,-77.043364,2025-06-03,02:15 PM,eBird - Traveling Count,27,1,1.625,,1
S174655903,Mallard,Anas platyrhynchos,545,4,US-DC,District of Columbia,L31800402,"Farragut Square (38.902, -77.038)",38.9016016,-77.0382998,2024-05-15,09:18 AM,eBird - Traveling Count,8,1,.32,,1,,"Two Drake's, two hens."
S187594261,Mallard,Anas platyrhynchos,545,13,US-DC,District of Columbia,L31800402,"Farragut Square (38.902, -77.038)",38.9016016,-77.0382998,2024-07-18,05:51 PM,eBird - Casual Observation,,0,,,1,,This is The brood and the Drake and hen that were raised in the interior of the neob courtyard.
S188299193,Mallard,Anas platyrhynchos,545,26,US-DC,District of Columbia,L31800402,"Farragut Square (38.902, -77.038)",38.9016016,-77.0382998,2024-07-22,06:04 PM,eBird - Stationary Count,3,1,,,1
S189294100,Mallard,Anas platyrhynchos,545,2,US-DC,District of Columbia,L247770,Kenilworth Park and Aquatic Gardens,38.9133204,-76.9443433,2024-07-28,12:32 PM,eBird - Traveling Count,71,1,2.366,,2
S309588450,Mallard,Anas platyrhynchos,545,10,US-DC,District of Columbia,L585694,Kingman Island South - Kingman Lake/Heritage Island,38.893872,-76.965301,2026-03-15,02:12 PM,eBird - Traveling Count,97,1,1.668,,1
S199502389,Mallard,Anas platyrhynchos,545,9,US-DC,District of Columbia,L477896,LBJ Memorial Grove - Columbia Island Marina,38.8783386,-77.0510674,2024-10-19,01:47 PM,eBird - Traveling Count,81,1,1.738,,1
S217090868,Mallard,Anas platyrhynchos,545,51,US-DC,District of Columbia,L40002483,Lincoln Memorial,38.8892792,-77.0501876,2025-03-07,12:55 PM,eBird - Traveling Count,206,1,3.058,,1
S174457532,Mallard,Anas platyrhynchos,545,12,US-DC,District of Columbia,L31762502,"NEOB (38.899, -77.038)",38.8994845,-77.0384191,2024-05-14,10:11 AM,eBird - Casual Observation,,0,,,1,,One female and eleven ducklings.,,619025275
S234238462,Mallard,Anas platyrhynchos,545,14,US-DC,District of Columbia,L31762502,"NEOB (38.899, -77.038)",38.8994845,-77.0384191,2025-05-07,12:19 PM,eBird - Stationary Count,1,1,,,1,,Two hens and thirteen chicks.
S241510734,Mallard,Anas platyrhynchos,545,31,US-DC,District of Columbia,L31762502,"NEOB (38.899, -77.038)",38.8994845,-77.0384191,2025-05-22,09:30 AM,eBird - Stationary Count,10,1,,,1,,"26 duckling, two hens, three drakes. Later in the day, the GSA removed one hen and 13 of her ducklings to be relocated to Washington Gardens Park due to competition with the older brood and limited space in the NEOB courtyard fountain."
S254409296,Mallard,Anas platyrhynchos,545,17,US-DC,District of Columbia,L48530455,"NEOB COURTYARD, Washington, District of Columbia, US (38.9, -77.038)",38.8996468,-77.0384754,2025-06-26,09:55 AM,eBird - Casual Observation,,0,,,1
S247226180,Mallard,Anas platyrhynchos,545,2,US-DC,District of Columbia,L46925662,"THE Reach, Washington, District of Columbia, US (38.894, -77.056)",38.8943386,-77.0555275,2025-06-05,06:25 PM,eBird - Stationary Count,45,1,,,2
S173683759,Mallard,Anas platyrhynchos,545,4,US-DC,District of Columbia,L5658941,TJM a District of Columbia,38.8818381,-77.0346951,2017-04-05,10:30 AM,eBird - Traveling Count,60,1,1.609,,3,,,With Paul Charron And Chris Marcum
S220188015,Mallard,Anas platyrhynchos,545,1,US-VA,Fairfax,L718485,Great Falls Park,38.9937,-77.2553,2025-03-22,03:58 PM,eBird - Traveling Count,66,1,1.044,,3
S184336723,Mallard,Anas platyrhynchos,545,1,US-MD,Frederick,L281578,Sugarloaf Mt.,39.2626685,-77.3972133,2018-04-01,10:45 AM,eBird - Traveling Count,130,1,4.828,,1
S267871655,Mallard,Anas platyrhynchos,545,3,US-NH,Grafton,L7922375,Little Squam Lake (overall),43.7196644,-71.603472,2025-08-17,09:29 AM,eBird - Traveling Count,163,1,9.725,,1
S309217693,Mallard,Anas platyrhynchos,545,1,US-MD,Montgomery,L60238913,"14321 Piccadilly Road, Silver Spring, Maryland, US (39.092, -77.035)",39.0923058,-77.0352297,2026-03-14,04:50 PM,eBird - Traveling Count,34,1,.158,,1
S206809614,Mallard,Anas platyrhynchos,545,4,US-MD,Montgomery,L196528,Black Hill Regional Park,39.192365,-77.295757,2024-12-27,04:17 PM,eBird - Traveling Count,80,1,13.164,,1
S316508959,Mallard,Anas platyrhynchos,545,2,US-MD,Montgomery,L230151,Blue Mash Nature Trail,39.1939588,-77.1060175,2026-04-03,05:54 PM,eBird - Traveling Count,70,1,2.147,,1
S210247451,Mallard,Anas platyrhynchos,545,4,US-MD,Montgomery,L214293,C&O Canal--Great Falls,38.9994802,-77.2450634,2022-01-08,09:00 AM,Historical,60,0,3.219
S173683785,Mallard,Anas platyrhynchos,545,2,US-MD,Montgomery,L360157,C&O Canal--Riley's Lock,39.0682467,-77.3431492,2023-11-23,11:24 AM,eBird - Traveling Count,65,1,.668,,2
S249924330,Mallard,Anas platyrhynchos,545,2,US-MD,Montgomery,L360157,C&O Canal--Riley's Lock,39.0682467,-77.3431492,2025-06-12,07:45 PM,eBird - Traveling Count,61,1,.287,,1
S186245651,Mallard,Anas platyrhynchos,545,9,US-MD,Montgomery,L33913928,"Camden Retention Pond, Gaithersburg, Maryland, US (39.12, -77.206)",39.1197497,-77.2064087,2024-07-08,06:37 PM,eBird - Traveling Count,59,1,1.078,,1,,Nine chicks and one hen
S232647749,Mallard,Anas platyrhynchos,545,1,US-MD,Montgomery,L33913928,"Camden Retention Pond, Gaithersburg, Maryland, US (39.12, -77.206)",39.1197497,-77.2064087,2025-05-03,03:19 PM,eBird - Traveling Count,32,1,1.03,,1
S223512042,Mallard,Anas platyrhynchos,545,2,US-MD,Montgomery,L42214720,"Camp Seneca, Maryland, US (39.177, -77.302)",39.1772081,-77.3018305,2025-04-06,02:51 PM,eBird - Traveling Count,57,1,1.207,,1
S228011793,Mallard,Anas platyrhynchos,545,4,US-MD,Montgomery,L3043543,Crabbs Branch Pond,39.122276,-77.1587741,2025-04-21,07:07 PM,eBird - Traveling Count,19,1,.917,,1
S306511915,Mallard,Anas platyrhynchos,545,3,US-MD,Montgomery,L3043543,Crabbs Branch Pond,39.122276,-77.1587741,2026-03-06,01:18 PM,eBird - Traveling Count,3,1,.869,,1
S176529751,Mallard,Anas platyrhynchos,545,2,US-MD,Montgomery,L9055068,Hibiscus court Maryland,39.1187154,-77.2108193,2024-05-23,08:49 AM,eBird - Traveling Count,46,1,1.706,,1
S307723981,Mallard,Anas platyrhynchos,545,6,US-MD,Montgomery,L126620,Hughes Hollow - McKee Beshers WMA,39.0803767,-77.4035096,2026-03-09,01:41 PM,eBird - Traveling Count,104,1,6.038,,1
S230262565,Mallard,Anas platyrhynchos,545,1,US-MD,Montgomery,L22161519,Hughes Hollow - McKee Beshers WMA--sunflower area and eastern fields,39.076893,-77.3812916,2025-04-27,03:44 PM,eBird - Traveling Count,78,1,3.75,,3
S186245620,Mallard,Anas platyrhynchos,545,4,US-MD,Montgomery,L32216879,"Kaiser Permanente, Gaithersburg, Maryland, US (39.156, -77.222)",39.1558353,-77.2220648,2024-07-09,05:42 PM,eBird - Traveling Count,13,0,.274,,1,,,I think I saw a yellow billed cuckoo but only from the back and it flew off before I could catch up.
S232693931,Mallard,Anas platyrhynchos,545,1,US-MD,Montgomery,L44046276,"Lake Varuna, Gaithersburg, Maryland, US (39.119, -77.228)",39.1190779,-77.227522,2025-05-03,05:46 PM,eBird - Stationary Count,3,1,,,1
S303071118,Mallard,Anas platyrhynchos,545,2,US-MD,Montgomery,L11978481,"Lakeforest Mall stormwater ponds, Gaithersburg",39.1529726,-77.2085064,2026-02-22,12:40 PM,eBird - Stationary Count,4,1,,,1
S225232220,Mallard,Anas platyrhynchos,545,1,US-MD,Montgomery,L31569197,"Malcolm King Park (39.121, -77.212)",39.1205865,-77.212024,2025-04-13,10:38 AM,eBird - Traveling Count,35,1,.805,,2
S307216901,Mallard,Anas platyrhynchos,545,2,US-MD,Montgomery,L31569197,"Malcolm King Park (39.121, -77.212)",39.1205865,-77.212024,2026-03-08,09:51 AM,eBird - Traveling Count,76,1,1.346,,1,,,70f this morning on the walk. Watched a few crows try to take The nest that one of our pairs of red shouldered Hawks are building. The Hawks were not amused.
S219612076,Mallard,Anas platyrhynchos,545,1,US-MD,Montgomery,L11101726,Muddy Branch Park,39.113044,-77.226531,2025-03-20,11:04 AM,eBird - Traveling Count,26,1,.547,,1
S185018356,Mallard,Anas platyrhynchos,545,4,US-MD,Montgomery,L11140089,"Rio Park, Gaithersburg",39.1168491,-77.1972698,2024-07-02,07:22 PM,eBird - Traveling Count,27,1,1.368,,1
S237084412,Mallard,Anas platyrhynchos,545,X,US-MD,Montgomery,L11140089,"Rio Park, Gaithersburg",39.1168491,-77.1972698,2025-05-12,06:07 PM,eBird - Traveling Count,12,1,.113,,1,,At least 10
S247845111,Mallard,Anas platyrhynchos,545,X,US-MD,Montgomery,L11140089,"Rio Park, Gaithersburg",39.1168491,-77.1972698,2025-06-07,04:51 PM,eBird - Traveling Count,37,1,.285,,1
S269564870,Mallard,Anas platyrhynchos,545,42,US-MD,Montgomery,L11140089,"Rio Park, Gaithersburg",39.1168491,-77.1972698,2025-08-25,06:56 PM,eBird - Traveling Count,56,1,.389,,1
S276159653,Mallard,Anas platyrhynchos,545,X,US-MD,Montgomery,L11140089,"Rio Park, Gaithersburg",39.1168491,-77.1972698,2025-09-28,11:11 AM,eBird - Traveling Count,206,1,8.384,,1
S291029355,Mallard,Anas platyrhynchos,545,7,US-MD,Montgomery,L11140089,"Rio Park, Gaithersburg",39.1168491,-77.1972698,2025-12-29,12:34 PM,eBird - Stationary Count,5,1,,,1
S291250550,Mallard,Anas platyrhynchos,545,16,US-MD,Montgomery,L11140089,"Rio Park, Gaithersburg",39.1168491,-77.1972698,2025-12-30,04:10 PM,eBird - Stationary Count,15,1,,,2
S291915273,Mallard,Anas platyrhynchos,545,7,US-MD,Montgomery,L11140089,"Rio Park, Gaithersburg",39.1168491,-77.1972698,2026-01-02,01:10 PM,eBird - Traveling Count,9,1,.207,,2
S177875501,Mallard,Anas platyrhynchos,545,2,US-MD,Montgomery,L32507644,"Shady Grove Metro Station, Rockville, Maryland, US (39.121, -77.163)",39.1212152,-77.1634004,2024-05-28,05:41 PM,eBird - Traveling Count,8,1,.12,,1
S238951279,Mallard,Anas platyrhynchos,545,12,US-MD,Montgomery,L32507644,"Shady Grove Metro Station, Rockville, Maryland, US (39.121, -77.163)",39.1212152,-77.1634004,2025-05-16,07:32 PM,eBird - Traveling Count,5,1,.204,,1,,An adult hen two drakes and nine ducklings.
S253804122,Mallard,Anas platyrhynchos,545,8,US-MD,Montgomery,L32507644,"Shady Grove Metro Station, Rockville, Maryland, US (39.121, -77.163)",39.1212152,-77.1634004,2025-06-24,05:50 PM,eBird - Stationary Count,2,0,,,1
S298126159,Mallard,Anas platyrhynchos,545,6,US-MD,Montgomery,L32507644,"Shady Grove Metro Station, Rockville, Maryland, US (39.121, -77.163)",39.1212152,-77.1634004,2026-02-04,04:44 PM,eBird - Traveling Count,2,1,.158,,1
S221320287,Mallard,Anas platyrhynchos,545,2,US-NY,New York,L3044567,"Hudson River Park--Pier 55 (Little Island, W 12th-14th St.)",40.7420139,-74.0106444,2025-03-28,11:55 AM,eBird - Traveling Count,38,1,.95,,1
S173207161,Mallard,Anas platyrhynchos,545,X,US-AZ,Pima,L267156,Danny Lopez Park (formerly Columbus Park),32.2856814,-111.0346556,2013-12-20,10:00 AM,eBird - Stationary Count,60,1,,,4
S248738652,Mallard,Anas platyrhynchos,545,3,US-MD,Prince George's,L305078,Patuxent Research Refuge--South Tract (National Wildlife Visitor Center),39.0270605,-76.7991731,2024-05-27,09:00 AM,Historical,60,0,3.219
S177579473,Mallard,Anas platyrhynchos,545,2,US-MD,Prince George's,L305078,Patuxent Research Refuge--South Tract (National Wildlife Visitor Center),39.0270605,-76.7991731,2024-05-27,09:22 AM,eBird - Traveling Count,131,0,8.433,,2
S290845555,Mallard,Anas platyrhynchos,545,8,US-MD,Queen Anne's,L5194688,Kent Point Marina,38.8382982,-76.3732617,2025-12-28,02:14 PM,eBird - Traveling Count,17,1,4.058,,1
S179436241,Mallard,Anas platyrhynchos,545,5,US-VA,Richmond City,L3542266,James River Park--Pony Pasture,37.550872,-77.5204861,2024-06-04,05:59 PM,eBird - Traveling Count,25,1,.097,,2
S280415029,Mallard,Anas platyrhynchos,545,10,US-CA,San Diego,L10053177,La Costa Ranch,33.0895832,-117.2502914,2025-10-19,03:57 PM,eBird - Stationary Count,74,1,,,1
S280793659,Mallard,Anas platyrhynchos,545,3,US-CA,San Diego,L10053177,La Costa Ranch,33.0895832,-117.2502914,2025-10-22,07:18 AM,eBird - Traveling Count,12,1,.225,,1
S180824684,Mallard,Anas platyrhynchos,545,X,US-MA,Suffolk,L33185579,"91 Harborside Drive, Boston, Massachusetts, US (42.359, -71.029)",42.359204,-71.0287974,2024-06-11,12:43 PM,eBird - Traveling Count,35,1,2.351,,1,,There are at least 32.
S181474802,Mallard,Anas platyrhynchos,545,X,US-MA,Suffolk,L515554,Charles River Esplanade,42.3553409,-71.0790968,2024-06-14,04:19 PM,eBird - Traveling Count,45,1,.674,,1
S235499091,Mallard,Anas platyrhynchos,545,2,US-DE,Sussex,L44556825,"Cranberry Park, Rehoboth Beach, Delaware, US (38.718, -75.083)",38.7178331,-75.0831735,2025-05-09,06:30 PM,eBird - Casual Observation,,0,,,2
S270449595,Mallard,Anas platyrhynchos,545,1,US-MD,Washington,L1135534,C&O Canal--Dargan's Bend,39.3650609,-77.7403951,2025-08-30,02:58 PM,eBird - Traveling Count,28,1,.269,,1
S184417488,Mallard,Anas platyrhynchos,545,4,US-MD,Washington,L33056912,"Rohrbach Campground, Sharpsburg, Maryland, US (39.454, -77.731)",39.4543401,-77.7314234,2024-06-29,03:25 PM,eBird - Stationary Count,35,1,,,1
S255372516,Mallard,Anas platyrhynchos,545,1,US-MD,Washington,L33056912,"Rohrbach Campground, Sharpsburg, Maryland, US (39.454, -77.731)",39.4543401,-77.7314234,2025-06-29,02:50 PM,eBird - Traveling Count,58,1,2.214,,1
S287693795,Mallard,Anas platyrhynchos,545,3,US-MD,Washington,L776007,Route 66 at Mt. Aetna Road,39.6036712,-77.6243305,2025-12-07,01:09 PM,eBird - Traveling Count,7,1,.487,,2
S273926912,Mallard,Anas platyrhynchos,545,4,CH-GE,,L926699,Jetée et Port des Pâquis,46.2102417,6.1546,2025-09-17,07:04 PM,eBird - Traveling Count,124,1,1.278,,1
S246372176,Mallard (Domestic type),Anas platyrhynchos (Domestic type),548,2,US-DC,District of Columbia,L473521,Constitution Gardens and Reflecting Pool,38.8901142,-77.043364,2025-06-03,02:15 PM,eBird - Traveling Count,27,1,1.625,,1
S176497993,Mallard (Domestic type),Anas platyrhynchos (Domestic type),548,4,US-CA,Los Angeles,L20710882,"Alamitos Beach, Long Beach, CA",33.7651613,-118.1788457,2007-03-10,,Historical,,0,,,4
S307723981,Mallard (Domestic type),Anas platyrhynchos (Domestic type),548,1,US-MD,Montgomery,L126620,Hughes Hollow - McKee Beshers WMA,39.0803767,-77.4035096,2026-03-09,01:41 PM,eBird - Traveling Count,104,1,6.038,,1
S232693931,Mallard (Domestic type),Anas platyrhynchos (Domestic type),548,1,US-MD,Montgomery,L44046276,"Lake Varuna, Gaithersburg, Maryland, US (39.119, -77.228)",39.1190779,-77.227522,2025-05-03,05:46 PM,eBird - Stationary Count,3,1,,,1
S185018356,Mallard (Domestic type),Anas platyrhynchos (Domestic type),548,4,US-MD,Montgomery,L11140089,"Rio Park, Gaithersburg",39.1168491,-77.1972698,2024-07-02,07:22 PM,eBird - Traveling Count,27,1,1.368,,1,,White american pekin
S247845111,Mallard (Domestic type),Anas platyrhynchos (Domestic type),548,X,US-MD,Montgomery,L11140089,"Rio Park, Gaithersburg",39.1168491,-77.1972698,2025-06-07,04:51 PM,eBird - Traveling Count,37,1,.285,,1,,Several domestic and wild/domestic hybrids
S269564870,Mallard (Domestic type),Anas platyrhynchos (Domestic type),548,2,US-MD,Montgomery,L11140089,"Rio Park, Gaithersburg",39.1168491,-77.1972698,2025-08-25,06:56 PM,eBird - Traveling Count,56,1,.389,,1
S276159653,Mallard (Domestic type),Anas platyrhynchos (Domestic type),548,1,US-MD,Montgomery,L11140089,"Rio Park, Gaithersburg",39.1168491,-77.1972698,2025-09-28,11:11 AM,eBird - Traveling Count,206,1,8.384,,1
S291029355,Mallard (Domestic type),Anas platyrhynchos (Domestic type),548,4,US-MD,Montgomery,L11140089,"Rio Park, Gaithersburg",39.1168491,-77.1972698,2025-12-29,12:34 PM,eBird - Stationary Count,5,1,,,1
S291250550,Mallard (Domestic type),Anas platyrhynchos (Domestic type),548,5,US-MD,Montgomery,L11140089,"Rio Park, Gaithersburg",39.1168491,-77.1972698,2025-12-30,04:10 PM,eBird - Stationary Count,15,1,,,2
S291915273,Mallard (Domestic type),Anas platyrhynchos (Domestic type),548,3,US-MD,Montgomery,L11140089,"Rio Park, Gaithersburg",39.1168491,-77.1972698,2026-01-02,01:10 PM,eBird - Traveling Count,9,1,.207,,2
S300536527,American Black Duck,Anas rubripes,571,4,US-MD,Baltimore,L449294,Fort McHenry NM,39.2625631,-76.5791702,2026-02-14,12:02 PM,eBird - Traveling Count,84,1,1.31,,2
S192398436,American Black Duck,Anas rubripes,571,1,US-NH,Coos,L35984729,"Dam Road, Errol, New Hampshire, US (44.822, -71.081)",44.8217351,-71.0806811,2024-08-22,04:41 PM,eBird - Stationary Count,63,0,,,2
S192291989,American Black Duck,Anas rubripes,571,8,US-NH,Coos,L35961900,"Gorham Hydro Dam picnic Area, Gorham, New Hampshire, US (44.409, -71.196)",44.408647,-71.1959234,2024-08-21,05:05 PM,eBird - Stationary Count,18,1,,,3
S268581224,American Black Duck,Anas rubripes,571,32,US-NH,Coos,L12575127,"Umbagog Lake SP Campground, Errol",44.704008,-71.051226,2025-08-19,10:19 AM,eBird - Stationary Count,20,1,,,1,,Large flock in the marina of the campground. Must be getting ready for migration.
S197043896,American Black Duck,Anas rubripes,571,4,US-DC,District of Columbia,L1013541,The White House,38.8975294,-77.0364976,2024-09-30,11:00 AM,eBird - Traveling Count,102,1,.233,,1
S220188015,American Black Duck,Anas rubripes,571,8,US-VA,Fairfax,L718485,Great Falls Park,38.9937,-77.2553,2025-03-22,03:58 PM,eBird - Traveling Count,66,1,1.044,,3
S292145747,American Black Duck,Anas rubripes,571,2,US-VA,Fairfax,L718485,Great Falls Park,38.9937,-77.2553,2026-01-03,10:48 AM,eBird - Traveling Count,75,1,1.28,,1
S210247451,American Black Duck,Anas rubripes,571,2,US-MD,Montgomery,L214293,C&O Canal--Great Falls,38.9994802,-77.2450634,2022-01-08,09:00 AM,Historical,60,0,3.219
S249924330,American Black Duck,Anas rubripes,571,2,US-MD,Montgomery,L360157,C&O Canal--Riley's Lock,39.0682467,-77.3431492,2025-06-12,07:45 PM,eBird - Traveling Count,61,1,.287,,1,,"One male, you could see the white under his wing, and one female. Both had blue flash. Flying by"
S307723981,American Black Duck,Anas rubripes,571,7,US-MD,Montgomery,L126620,Hughes Hollow - McKee Beshers WMA,39.0803767,-77.4035096,2026-03-09,01:41 PM,eBird - Traveling Count,104,1,6.038,,1
S185018356,American Black Duck,Anas rubripes,571,2,US-MD,Montgomery,L11140089,"Rio Park, Gaithersburg",39.1168491,-77.1972698,2024-07-02,07:22 PM,eBird - Traveling Count,27,1,1.368,,1,,There are two American black ducks mixed in with a couple of Mallards one male one female.
S269564870,American Black Duck,Anas rubripes,571,2,US-MD,Montgomery,L11140089,"Rio Park, Gaithersburg",39.1168491,-77.1972698,2025-08-25,06:56 PM,eBird - Traveling Count,56,1,.389,,1
S221320287,American Black Duck,Anas rubripes,571,5,US-NY,New York,L3044567,"Hudson River Park--Pier 55 (Little Island, W 12th-14th St.)",40.7420139,-74.0106444,2025-03-28,11:55 AM,eBird - Traveling Count,38,1,.95,,1
S221934041,American Black Duck,Anas rubripes,571,2,US-MD,Washington,L31950817,"3716 Harpers Ferry Road, Sharpsburg, Maryland, US (39.415, -77.737)",39.4153833,-77.7371018,2025-03-30,03:58 PM,eBird - Traveling Count,76,1,.07,,1
S298474473,Mottled Duck,Anas fulvigula,575,2,US-FL,Charlotte,L2391257,Ann Dever Memorial Regional Park,26.9182434,-82.3157501,2026-02-06,03:27 PM,eBird - Traveling Count,73,1,1.287,,2
S298932326,Mottled Duck,Anas fulvigula,575,9,US-FL,Charlotte,L617642,Ollie's Pond Park,26.9860616,-82.1496961,2026-02-08,09:32 AM,eBird - Traveling Count,154,1,1.556,,2
S299026588,Mottled Duck,Anas fulvigula,575,1,US-FL,Charlotte,L1345169,Wildflower Preserve,26.8814148,-82.3046701,2026-02-08,05:41 PM,eBird - Traveling Count,26,1,.727,,2
S173679398,Mottled Duck,Anas fulvigula,575,1,US-FL,Sarasota,L607892,Venice Rookery,27.04598,-82.39989,2024-03-25,09:40 AM,eBird - Stationary Count,90,1,,,3,,,My kiddo got to participate in the nest egg count with the Audubon society for the purple martins.
S307723981,Northern Pintail,Anas acuta,594,1,US-MD,Montgomery,L126620,Hughes Hollow - McKee Beshers WMA,39.0803767,-77.4035096,2026-03-09,01:41 PM,eBird - Traveling Count,104,1,6.038,,1,,One male just about getting into his breeding plumage.
S286518252,Green-winged Teal,Anas crecca,612,4,US-MD,Carroll,L629938,Cranberry Reservoir,39.6019849,-76.9647217,2025-11-28,02:39 PM,eBird - Stationary Count,40,0,,,1
S299224660,Green-winged Teal,Anas crecca,612,5,US-FL,Charlotte,L17495505,Links Lane,26.8642861,-82.2841545,2026-02-09,03:08 PM,eBird - Traveling Count,127,1,.246,,2
S195126034,Green-winged Teal,Anas crecca,612,1,US-UT,Davis,L190743,Antelope Island SP,41.0465405,-112.2383881,2024-09-14,09:32 AM,eBird - Traveling Count,359,0,80.129,,1
S209075439,Green-winged Teal,Anas crecca,612,1,US-MD,Montgomery,L214293,C&O Canal--Great Falls,38.9994802,-77.2450634,2025-01-12,03:40 PM,eBird - Traveling Count,62,1,.966,,1,,"Have a recording. Single individual. Mostly gray body, reddish head.",The app stopped working repeatedly. It only recorded the first 6 minutes of our track. It should have recorded an entire 2/3 of a mile hike out and back to Olmsted Island.
S227622469,Green-winged Teal,Anas crecca,612,2,US-MD,Montgomery,L126620,Hughes Hollow - McKee Beshers WMA,39.0803767,-77.4035096,2025-04-20,05:15 PM,eBird - Traveling Count,87,1,2.301,,1
S316508959,Redhead,Aythya americana,667,1,US-MD,Montgomery,L230151,Blue Mash Nature Trail,39.1939588,-77.1060175,2026-04-03,05:54 PM,eBird - Traveling Count,70,1,2.147,,1,,A single female in with the ring billed ducks. Continuing
S300536527,Ring-necked Duck,Aythya collaris,673,2,US-MD,Baltimore,L449294,Fort McHenry NM,39.2625631,-76.5791702,2026-02-14,12:02 PM,eBird - Traveling Count,84,1,1.31,,2
S298932326,Ring-necked Duck,Aythya collaris,673,12,US-FL,Charlotte,L617642,Ollie's Pond Park,26.9860616,-82.1496961,2026-02-08,09:32 AM,eBird - Traveling Count,154,1,1.556,,2,,Could be more. Mixed in with some coots.
S192337244,Ring-necked Duck,Aythya collaris,673,1,US-NH,Coos,L1187682,"Magill Bay, Androscoggin River, Dummer",44.6464295,-71.2329483,2024-08-21,05:58 PM,eBird - Casual Observation,,0,,,3
S220188015,Ring-necked Duck,Aythya collaris,673,5,US-VA,Fairfax,L718485,Great Falls Park,38.9937,-77.2553,2025-03-22,03:58 PM,eBird - Traveling Count,66,1,1.044,,3
S294986972,Ring-necked Duck,Aythya collaris,673,17,US-VA,Fairfax,L718485,Great Falls Park,38.9937,-77.2553,2026-01-18,12:14 PM,eBird - Traveling Count,51,1,.724,,1
S316508959,Ring-necked Duck,Aythya collaris,673,8,US-MD,Montgomery,L230151,Blue Mash Nature Trail,39.1939588,-77.1060175,2026-04-03,05:54 PM,eBird - Traveling Count,70,1,2.147,,1
S307723981,Ring-necked Duck,Aythya collaris,673,100,US-MD,Montgomery,L126620,Hughes Hollow - McKee Beshers WMA,39.0803767,-77.4035096,2026-03-09,01:41 PM,eBird - Traveling Count,104,1,6.038,,1,,Estimated count. At least this many.
S312069147,Ring-necked Duck,Aythya collaris,673,125,US-MD,Montgomery,L126620,Hughes Hollow - McKee Beshers WMA,39.0803767,-77.4035096,2026-03-22,12:35 PM,eBird - Traveling Count,36,1,.657,,2,,Estimate
S315703473,Ring-necked Duck,Aythya collaris,673,4,US-MD,Montgomery,L126620,Hughes Hollow - McKee Beshers WMA,39.0803767,-77.4035096,2026-04-01,05:00 PM,eBird - Traveling Count,58,1,.544,,1,,,This was an absolutely stunning evening. Lots of birds. Couple of unexpected visitors like the blue winged teal and a nice show from the red-headed woodpeckers.
S303071118,Ring-necked Duck,Aythya collaris,673,7,US-MD,Montgomery,L11978481,"Lakeforest Mall stormwater ponds, Gaithersburg",39.1529726,-77.2085064,2026-02-22,12:40 PM,eBird - Stationary Count,4,1,,,1
S310828651,Ring-necked Duck,Aythya collaris,673,1,US-CA,San Francisco,L34358467,"Exploratorium, Pier 15, Embarcadero",37.802295,-122.396678,2026-03-19,06:55 PM,eBird - Traveling Count,47,1,.404,,1
S312735829,Tufted Duck,Aythya fuligula,687,3,DE-BE,Berlin (Kreisfreie Stadt),L13796487,Museumsinsel--Lustgarten,52.5187318,13.3995658,2026-03-24,03:36 PM,eBird - Traveling Count,119,1,.929,,1
S312996571,Tufted Duck,Aythya fuligula,687,2,DE-BE,Berlin (Kreisfreie Stadt),L13796487,Museumsinsel--Lustgarten,52.5187318,13.3995658,2026-03-25,03:55 PM,eBird - Traveling Count,25,1,1.545,,1
S300536527,Lesser Scaup,Aythya affinis,700,2,US-MD,Baltimore,L449294,Fort McHenry NM,39.2625631,-76.5791702,2026-02-14,12:02 PM,eBird - Traveling Count,84,1,1.31,,2
S298300486,Lesser Scaup,Aythya affinis,700,5,US-FL,Charlotte,L8957295,Rotunda Meadows Prairie,26.8573451,-82.2223281,2026-02-05,04:12 PM,eBird - Traveling Count,93,1,12.54,,2
S173683759,Lesser Scaup,Aythya affinis,700,2,US-DC,District of Columbia,L5658941,TJM a District of Columbia,38.8818381,-77.0346951,2017-04-05,10:30 AM,eBird - Traveling Count,60,1,1.609,,3,,D,With Paul Charron And Chris Marcum
S220188015,Lesser Scaup,Aythya affinis,700,10,US-VA,Fairfax,L718485,Great Falls Park,38.9937,-77.2553,2025-03-22,03:58 PM,eBird - Traveling Count,66,1,1.044,,3
S290835044,Harlequin Duck,Histrionicus histrionicus,727,1,US-MD,Queen Anne's,L498536,Romancoke,38.8802763,-76.3341236,2025-12-28,01:30 PM,eBird - Traveling Count,19,1,.12,,1,,Continuing.,Came for the Harlequin duck and was delighted for the bonus of a horned grebe and an Iceland Gull..,647706996 647707004
S235749233,Surf Scoter,Melanitta perspicillata,728,1,US-DE,Sussex,L1265319,Cape Henlopen SP--The Point,38.8000272,-75.092376,2025-05-10,02:06 PM,eBird - Traveling Count,42,1,5.472,,1
S296035915,White-winged Scoter,Melanitta deglandi,730,3,US-MD,Montgomery,L459907,"Black Hill RP--Little Seneca Lake, Rte.121",39.189427,-77.309455,2026-01-24,01:48 PM,eBird - Traveling Count,33,1,.26,,6,,Continuing.
S296035915,Long-tailed Duck,Clangula hyemalis,741,3,US-MD,Montgomery,L459907,"Black Hill RP--Little Seneca Lake, Rte.121",39.189427,-77.309455,2026-01-24,01:48 PM,eBird - Traveling Count,33,1,.26,,6,,"Two female, one male. Spotted across the lake, near the visitor center boating docks."
S300536527,Bufflehead,Bucephala albeola,742,15,US-MD,Baltimore,L449294,Fort McHenry NM,39.2625631,-76.5791702,2026-02-14,12:02 PM,eBird - Traveling Count,84,1,1.31,,2
S286518252,Bufflehead,Bucephala albeola,742,X,US-MD,Carroll,L629938,Cranberry Reservoir,39.6019849,-76.9647217,2025-11-28,02:39 PM,eBird - Stationary Count,40,0,,,1,,Dozens
S220188015,Bufflehead,Bucephala albeola,742,10,US-VA,Fairfax,L718485,Great Falls Park,38.9937,-77.2553,2025-03-22,03:58 PM,eBird - Traveling Count,66,1,1.044,,3
S292145747,Bufflehead,Bucephala albeola,742,12,US-VA,Fairfax,L718485,Great Falls Park,38.9937,-77.2553,2026-01-03,10:48 AM,eBird - Traveling Count,75,1,1.28,,1
S294986972,Bufflehead,Bucephala albeola,742,4,US-VA,Fairfax,L718485,Great Falls Park,38.9937,-77.2553,2026-01-18,12:14 PM,eBird - Traveling Count,51,1,.724,,1
S286509010,Bufflehead,Bucephala albeola,742,2,US-MD,Howard,L859276,Larriland Farm Pond,39.3128678,-77.1042609,2025-11-28,01:22 PM,eBird - Traveling Count,18,1,.601,,1
S307433161,Bufflehead,Bucephala albeola,742,5,US-MD,Montgomery,L1316706,Black Hill Hiker/Biker Trail,39.1941644,-77.2873378,2026-03-08,06:34 PM,eBird - Traveling Count,17,1,.825,,1
S206809614,Bufflehead,Bucephala albeola,742,4,US-MD,Montgomery,L196528,Black Hill Regional Park,39.192365,-77.295757,2024-12-27,04:17 PM,eBird - Traveling Count,80,1,13.164,,1
S219833183,Bufflehead,Bucephala albeola,742,12,US-MD,Montgomery,L230151,Blue Mash Nature Trail,39.1939588,-77.1060175,2025-03-21,04:14 PM,eBird - Traveling Count,10,1,3.14,,1
S296035915,Common Goldeneye,Bucephala clangula,743,1,US-MD,Montgomery,L459907,"Black Hill RP--Little Seneca Lake, Rte.121",39.189427,-77.309455,2026-01-24,01:48 PM,eBird - Traveling Count,33,1,.26,,6
S300536527,Hooded Merganser,Lophodytes cucullatus,754,3,US-MD,Baltimore,L449294,Fort McHenry NM,39.2625631,-76.5791702,2026-02-14,12:02 PM,eBird - Traveling Count,84,1,1.31,,2
S286518252,Hooded Merganser,Lophodytes cucullatus,754,X,US-MD,Carroll,L629938,Cranberry Reservoir,39.6019849,-76.9647217,2025-11-28,02:39 PM,eBird - Stationary Count,40,0,,,1,,30
S220188015,Hooded Merganser,Lophodytes cucullatus,754,2,US-VA,Fairfax,L718485,Great Falls Park,38.9937,-77.2553,2025-03-22,03:58 PM,eBird - Traveling Count,66,1,1.044,,3
S286509010,Hooded Merganser,Lophodytes cucullatus,754,2,US-MD,Howard,L859276,Larriland Farm Pond,39.3128678,-77.1042609,2025-11-28,01:22 PM,eBird - Traveling Count,18,1,.601,,1
S307433161,Hooded Merganser,Lophodytes cucullatus,754,15,US-MD,Montgomery,L1316706,Black Hill Hiker/Biker Trail,39.1941644,-77.2873378,2026-03-08,06:34 PM,eBird - Traveling Count,17,1,.825,,1
S218916728,Hooded Merganser,Lophodytes cucullatus,754,7,US-MD,Montgomery,L459907,"Black Hill RP--Little Seneca Lake, Rte.121",39.189427,-77.309455,2025-03-16,01:31 PM,eBird - Traveling Count,39,1,15.224,,1
S296035915,Hooded Merganser,Lophodytes cucullatus,754,X,US-MD,Montgomery,L459907,"Black Hill RP--Little Seneca Lake, Rte.121",39.189427,-77.309455,2026-01-24,01:48 PM,eBird - Traveling Count,33,1,.26,,6,,Hundreds..
S206809614,Hooded Merganser,Lophodytes cucullatus,754,2,US-MD,Montgomery,L196528,Black Hill Regional Park,39.192365,-77.295757,2024-12-27,04:17 PM,eBird - Traveling Count,80,1,13.164,,1
S219833183,Hooded Merganser,Lophodytes cucullatus,754,2,US-MD,Montgomery,L230151,Blue Mash Nature Trail,39.1939588,-77.1060175,2025-03-21,04:14 PM,eBird - Traveling Count,10,1,3.14,,1
S316508959,Hooded Merganser,Lophodytes cucullatus,754,4,US-MD,Montgomery,L230151,Blue Mash Nature Trail,39.1939588,-77.1060175,2026-04-03,05:54 PM,eBird - Traveling Count,70,1,2.147,,1
S216306884,Hooded Merganser,Lophodytes cucullatus,754,3,US-MD,Montgomery,L34819685,Brighton Dam Azalea Garden,39.1917702,-77.0070275,2025-03-02,01:06 PM,eBird - Traveling Count,66,0,5.263,,1,,Is a huge flock of commons on the river. These three hooded Are kind of staying away from the big flock of Commons.
S306511915,Hooded Merganser,Lophodytes cucullatus,754,4,US-MD,Montgomery,L3043543,Crabbs Branch Pond,39.122276,-77.1587741,2026-03-06,01:18 PM,eBird - Traveling Count,3,1,.869,,1
S307723981,Hooded Merganser,Lophodytes cucullatus,754,2,US-MD,Montgomery,L126620,Hughes Hollow - McKee Beshers WMA,39.0803767,-77.4035096,2026-03-09,01:41 PM,eBird - Traveling Count,104,1,6.038,,1
S314489044,Hooded Merganser,Lophodytes cucullatus,754,1,US-MD,Montgomery,L126620,Hughes Hollow - McKee Beshers WMA,39.0803767,-77.4035096,2026-03-29,02:54 PM,eBird - Traveling Count,36,1,2.047,,2
S303071118,Hooded Merganser,Lophodytes cucullatus,754,2,US-MD,Montgomery,L11978481,"Lakeforest Mall stormwater ponds, Gaithersburg",39.1529726,-77.2085064,2026-02-22,12:40 PM,eBird - Stationary Count,4,1,,,1
S291250550,Hooded Merganser,Lophodytes cucullatus,754,2,US-MD,Montgomery,L11140089,"Rio Park, Gaithersburg",39.1168491,-77.1972698,2025-12-30,04:10 PM,eBird - Stationary Count,15,1,,,2
S291915273,Hooded Merganser,Lophodytes cucullatus,754,2,US-MD,Montgomery,L11140089,"Rio Park, Gaithersburg",39.1168491,-77.1972698,2026-01-02,01:10 PM,eBird - Traveling Count,9,1,.207,,2
S175728697,Hooded Merganser,Lophodytes cucullatus,754,1,US-MD,Washington,L31950817,"3716 Harpers Ferry Road, Sharpsburg, Maryland, US (39.415, -77.737)",39.4153833,-77.7371018,2024-05-19,01:18 PM,eBird - Traveling Count,172,1,6.436,,3
S206613560,Common Merganser,Mergus merganser,762,1,US-NH,Coos,L12723083,Errol Downtown,44.7801749,-71.1354232,2024-12-20,05:17 PM,eBird - Casual Observation,,0,,,2
S220188015,Common Merganser,Mergus merganser,762,3,US-VA,Fairfax,L718485,Great Falls Park,38.9937,-77.2553,2025-03-22,03:58 PM,eBird - Traveling Count,66,1,1.044,,3
S292145747,Common Merganser,Mergus merganser,762,4,US-VA,Fairfax,L718485,Great Falls Park,38.9937,-77.2553,2026-01-03,10:48 AM,eBird - Traveling Count,75,1,1.28,,1
S294986972,Common Merganser,Mergus merganser,762,3,US-VA,Fairfax,L718485,Great Falls Park,38.9937,-77.2553,2026-01-18,12:14 PM,eBird - Traveling Count,51,1,.724,,1
S307433161,Common Merganser,Mergus merganser,762,25,US-MD,Montgomery,L1316706,Black Hill Hiker/Biker Trail,39.1941644,-77.2873378,2026-03-08,06:34 PM,eBird - Traveling Count,17,1,.825,,1
S218916728,Common Merganser,Mergus merganser,762,6,US-MD,Montgomery,L459907,"Black Hill RP--Little Seneca Lake, Rte.121",39.189427,-77.309455,2025-03-16,01:31 PM,eBird - Traveling Count,39,1,15.224,,1
S296035915,Common Merganser,Mergus merganser,762,X,US-MD,Montgomery,L459907,"Black Hill RP--Little Seneca Lake, Rte.121",39.189427,-77.309455,2026-01-24,01:48 PM,eBird - Traveling Count,33,1,.26,,6,,Dozens
S206809614,Common Merganser,Mergus merganser,762,1,US-MD,Montgomery,L196528,Black Hill Regional Park,39.192365,-77.295757,2024-12-27,04:17 PM,eBird - Traveling Count,80,1,13.164,,1
S219833183,Common Merganser,Mergus merganser,762,2,US-MD,Montgomery,L230151,Blue Mash Nature Trail,39.1939588,-77.1060175,2025-03-21,04:14 PM,eBird - Traveling Count,10,1,3.14,,1
S216306884,Common Merganser,Mergus merganser,762,X,US-MD,Montgomery,L34819685,Brighton Dam Azalea Garden,39.1917702,-77.0070275,2025-03-02,01:06 PM,eBird - Traveling Count,66,0,5.263,,1,,Dozens
S220359138,Common Merganser,Mergus merganser,762,6,US-MD,Montgomery,L34819685,Brighton Dam Azalea Garden,39.1917702,-77.0070275,2025-03-23,05:06 PM,eBird - Traveling Count,43,1,7.419,,1
S217581672,Common Merganser,Mergus merganser,762,5,US-MD,Montgomery,L192824,C&O Canal--Violette's Lock,39.066803,-77.32951,2025-03-09,05:06 PM,eBird - Traveling Count,77,1,.493,,1
S248712994,Common Merganser,Mergus merganser,762,3,US-MD,Montgomery,L126620,Hughes Hollow - McKee Beshers WMA,39.0803767,-77.4035096,2025-06-09,08:09 PM,eBird - Traveling Count,35,1,1.352,,1
S307723981,Common Merganser,Mergus merganser,762,2,US-MD,Montgomery,L126620,Hughes Hollow - McKee Beshers WMA,39.0803767,-77.4035096,2026-03-09,01:41 PM,eBird - Traveling Count,104,1,6.038,,1
S305118682,Common Merganser,Mergus merganser,762,1,US-MD,Montgomery,L53737414,Royce Hanson Conservation Park at Broad Run,39.1324176,-77.4573434,2026-03-01,03:06 PM,eBird - Traveling Count,44,1,1.343,,2
S268981579,Common Merganser,Mergus merganser,762,7,US-VT,Windham,L51909446,"2331 North Main Street, Londonderry, Vermont, US (43.227, -72.807)",43.2266159,-72.8071136,2025-08-23,10:32 AM,eBird - Casual Observation,,0,,,1
S274490277,Common Merganser,Mergus merganser,762,12,CH-GE,,L4661466,Bois du Faisan,46.2779787,6.1518073,2025-09-16,06:57 PM,eBird - Traveling Count,247,1,18.277,,1
S273926912,Common Merganser,Mergus merganser,762,12,CH-GE,,L926699,Jetée et Port des Pâquis,46.2102417,6.1546,2025-09-17,07:04 PM,eBird - Traveling Count,124,1,1.278,,1
S220188015,Red-breasted Merganser,Mergus serrator,770,2,US-VA,Fairfax,L718485,Great Falls Park,38.9937,-77.2553,2025-03-22,03:58 PM,eBird - Traveling Count,66,1,1.044,,3
S243074956,Red-breasted Merganser,Mergus serrator,770,3,US-MD,Montgomery,L192824,C&O Canal--Violette's Lock,39.066803,-77.32951,2025-05-26,11:56 AM,eBird - Traveling Count,55,1,.8,,2,,"Three individuals, appear to be juvenile or females, distinct from common mergansers with almost no distinguishable crest, bills were longer, thinner, and not tapered."
S315703473,Red-breasted Merganser,Mergus serrator,770,1,US-MD,Montgomery,L126620,Hughes Hollow - McKee Beshers WMA,39.0803767,-77.4035096,2026-04-01,05:00 PM,eBird - Traveling Count,58,1,.544,,1,,,This was an absolutely stunning evening. Lots of birds. Couple of unexpected visitors like the blue winged teal and a nice show from the red-headed woodpeckers.
S317015664,Red-breasted Merganser,Mergus serrator,770,1,US-MD,Washington,L512641,C&O Canal--Antietam Creek,39.417434,-77.745801,2026-04-04,04:56 PM,eBird - Traveling Count,21,1,.163,,2,,"Female , distinctive red head, dusty gray back"
S290856377,Ruddy Duck,Oxyura jamaicensis,778,12,US-MD,Anne Arundel,L3577788,Chesapeake Bay Bridge--west end,38.999689,-76.3983936,2025-12-28,03:13 PM,eBird - Traveling Count,6,1,7.318,,1
S286518252,Ruddy Duck,Oxyura jamaicensis,778,X,US-MD,Carroll,L629938,Cranberry Reservoir,39.6019849,-76.9647217,2025-11-28,02:39 PM,eBird - Stationary Count,40,0,,,1,,At least thirty
S246372176,Ruddy Duck,Oxyura jamaicensis,778,2,US-DC,District of Columbia,L473521,Constitution Gardens and Reflecting Pool,38.8901142,-77.043364,2025-06-03,02:15 PM,eBird - Traveling Count,27,1,1.625,,1,,One male and one female ready duck in the reflecting pool. Easily identified there by the blue bill and Rusty feathers on the male. Female was drab.
S292145747,Ruddy Duck,Oxyura jamaicensis,778,4,US-VA,Fairfax,L718485,Great Falls Park,38.9937,-77.2553,2026-01-03,10:48 AM,eBird - Traveling Count,75,1,1.28,,1,,Easily identifiable with the blue bills.
S206655156,duck sp.,Anatidae (duck sp.),792,2,US-MD,Frederick,L38875040,"Washington National Pike, Frederick, Maryland, US (39.358, -77.396)",39.3577117,-77.3958282,2024-12-26,01:37 PM,eBird - Traveling Count,18,1,30.209,,1
S187792544,duck sp.,Anatidae (duck sp.),792,3,US-MD,Montgomery,L22161519,Hughes Hollow - McKee Beshers WMA--sunflower area and eastern fields,39.076893,-77.3812916,2024-07-19,06:29 PM,eBird - Traveling Count,119,1,5.601,,1
S206614569,duck sp.,Anatidae (duck sp.),792,10,US-MD,Montgomery,L224286,Lake Frank,39.1028755,-77.1198104,2022-01-27,08:00 AM,Historical,60,0,3.219,,2
S303064806,duck sp.,Anatidae (duck sp.),792,1,US-MD,Montgomery,L11978481,"Lakeforest Mall stormwater ponds, Gaithersburg",39.1529726,-77.2085064,2026-02-22,11:21 AM,eBird - Traveling Count,62,1,8.579,,1
S237084412,duck sp.,Anatidae (duck sp.),792,3,US-MD,Montgomery,L11140089,"Rio Park, Gaithersburg",39.1168491,-77.1972698,2025-05-12,06:07 PM,eBird - Traveling Count,12,1,.113,,1
S221466591,duck sp.,Anatidae (duck sp.),792,2,US-NY,New York,L1007196,Battery Park City--Nelson A. Rockefeller Jr Park,40.7172332,-74.0166778,2025-03-29,06:49 AM,eBird - Traveling Count,37,0,1.99,,1
S203796974,duck sp.,Anatidae (duck sp.),792,10,US-MD,Washington,L512641,C&O Canal--Antietam Creek,39.417434,-77.745801,2024-11-02,04:11 PM,eBird - Traveling Count,111,1,2.35,,1
S206877564,Helmeted Guineafowl (Domestic type),Numida meleagris (Domestic type),989,1,US-GA,McIntosh,L38927491,Georgia Peach World,31.5322931,-81.4468485,2024-05-23,12:00 PM,eBird - Casual Observation,,0,,,3,,"a typical Guineafowl that is almond shaped, plummage with gray-black speckled with white, white/blue/red head. Came out of the woods, got spooked by us and ran towards a dumpster near the Georgia Peach World pitstop.",Pit-stop and greeted by a guinea hen.
S176388677,Helmeted Guineafowl (Domestic type),Numida meleagris (Domestic type),989,1,US-FL,Sarasota,L18609510,Deep Hole--Myakka SP Wilderness Trail,27.215375,-82.3381957,2021-02-17,,Historical,,0,,,2
S195126034,California Quail,Callipepla californica,1094,10,US-UT,Davis,L190743,Antelope Island SP,41.0465405,-112.2383881,2024-09-14,09:32 AM,eBird - Traveling Count,359,0,80.129,,1
S175887634,Gambel's Quail,Callipepla gambelii,1105,X,US-AZ,Pima,L211809,Madera Canyon--Proctor Rd.,31.739938,-110.886147,2008-05-01,09:01 AM,Historical,150,1,,,2,,,Corrected checklist to be accurate as historical.
S298683570,Wild Turkey,Meleagris gallopavo,1274,6,US-FL,Charlotte,L21750506,"Live Oak Blvd, Prairie Creek Preserve entrance road",27.005263,-81.929974,2026-02-07,09:07 AM,eBird - Traveling Count,83,1,4.837,,2
S192408165,Wild Turkey,Meleagris gallopavo,1274,65,US-NH,Coos,L35986886,"Buffalo Farm Road, Errol, New Hampshire, US (44.792, -71.179)",44.7922784,-71.1793562,2024-08-22,12:55 PM,eBird - Traveling Count,6,1,1.851,,1,,Approximate count. Several toms. Many chicks.
S206613560,Wild Turkey,Meleagris gallopavo,1274,12,US-NH,Coos,L12723083,Errol Downtown,44.7801749,-71.1354232,2024-12-20,05:17 PM,eBird - Casual Observation,,0,,,2
S192337227,Wild Turkey,Meleagris gallopavo,1274,1,US-NH,Coos,L5162343,Milan town,44.5762236,-71.1877477,2024-08-21,05:50 PM,eBird - Traveling Count,10,1,3.164,,3
S192192741,Wild Turkey,Meleagris gallopavo,1274,2,US-NH,Coos,L35940134,"Upton Road, Errol, New Hampshire, US (44.747, -71.111)",44.7469574,-71.1114598,2024-08-19,06:33 PM,eBird - Casual Observation,,0,,,1
S316753109,Wild Turkey,Meleagris gallopavo,1274,1,US-MD,Frederick,L61797187,"420 Prospect Boulevard, Frederick, Maryland, US (39.402, -77.429)",39.4024543,-77.4289245,2026-04-04,09:31 AM,eBird - Casual Observation,,0,,,1,,A single Tom strutting along the shoulder of route 40 in Frederick. I hope he doesn't get hit!
S184336723,Wild Turkey,Meleagris gallopavo,1274,13,US-MD,Frederick,L281578,Sugarloaf Mt.,39.2626685,-77.3972133,2018-04-01,10:45 AM,eBird - Traveling Count,130,1,4.828,,1
S267805148,Wild Turkey,Meleagris gallopavo,1274,1,US-NH,Grafton,L51646794,"766 New Hampshire 116, Littleton, New Hampshire, US (44.311, -71.744)",44.3108673,-71.7440414,2025-08-17,08:17 AM,eBird - Traveling Count,5,1,4.032,,1
S316508959,Wild Turkey,Meleagris gallopavo,1274,1,US-MD,Montgomery,L230151,Blue Mash Nature Trail,39.1939588,-77.1060175,2026-04-03,05:54 PM,eBird - Traveling Count,70,1,2.147,,1
S235749233,Wild Turkey,Meleagris gallopavo,1274,1,US-DE,Sussex,L1265319,Cape Henlopen SP--The Point,38.8000272,-75.092376,2025-05-10,02:06 PM,eBird - Traveling Count,42,1,5.472,,1
S193754988,Wild Turkey,Meleagris gallopavo,1274,1,US-MD,Washington,L31950817,"3716 Harpers Ferry Road, Sharpsburg, Maryland, US (39.415, -77.737)",39.4153833,-77.7371018,2024-09-02,03:51 PM,eBird - Casual Observation,,0,,,1
S288402383,Wild Turkey,Meleagris gallopavo,1274,3,US-MD,Washington,L47901776,"3909 Mills Road, Sharpsburg, Maryland, US (39.42, -77.725)",39.4204997,-77.7254397,2025-12-13,10:46 AM,eBird - Traveling Count,3,1,2.607,,1
S180559345,Wild Turkey,Meleagris gallopavo,1274,X,US-MD,Washington,L33056912,"Rohrbach Campground, Sharpsburg, Maryland, US (39.454, -77.731)",39.4543401,-77.7314234,2024-06-09,09:12 AM,eBird - Traveling Count,60,1,.298,,1,,I couldn't see them but they were gobbling away right at the Field's edge in the campground Early this morning startled myself and my dog.
S206874863,Ring-necked Pheasant,Phasianus colchicus,1477,10,US-PA,Union,L38927089,Bunkers of Alvira,41.1360517,-76.9591427,2023-10-07,05:00 PM,Historical,60,0,8.047,10.1171,2,,"PA managed hunting area with put and take Ring-Necked Pheasants. The birds have ""learned"" that Alvira road is safe from hunters because they can't be shot within 25 meters of the road so you can find lots of them running up and down the road as you drive https://pagame.maps.arcgis.com/apps/webappviewer/index.html?id=ee15ea3f0d0a48c68835828ea8dc43c0",We were exploring the old TNT bunkers and not birding but found ourselves surrounded by ring-necked pheasants.
S251631707,Ring-necked Pheasant,Phasianus colchicus,1477,1,US-MD,Washington,L47901776,"3909 Mills Road, Sharpsburg, Maryland, US (39.42, -77.725)",39.4204997,-77.7254397,2025-06-18,06:26 AM,eBird - Casual Observation,,0,,,1,,"Large fowl, mottled back, long tail feathers, white ring around neck. On mills near a farm. Likely an escapee",,637732439
S180214827,Red Junglefowl (Domestic type),Gallus gallus (Domestic type),1626,X,US-HI,Kauai,L33043265,"3500 Kilauea Road, Kilauea, Hawaii, US (22.232, -159.402)",22.2317619,-159.4019182,2024-06-08,04:24 PM,eBird - Casual Observation,,0,,,2
S192410212,Red Junglefowl (Domestic type),Gallus gallus (Domestic type),1626,X,US-HI,Kauai,L8027824,Kīlauea Point NWR--Overlook (always open),22.2277391,-159.4012624,2009-10-18,07:59 PM,eBird - Casual Observation,,0,,,2
S206617034,Red Junglefowl (Domestic type),Gallus gallus (Domestic type),1626,2,PR-NG,,L4451634,Bosque Nacional El Yunque--Río Cubuy,18.2653604,-65.801062,2022-05-15,,eBird - Casual Observation,,0,,,2,,,Kept notes but birding was not my primary objective.
S227644187,Chukar,Alectoris chukar,1765,1,US-MD,Montgomery,L43094219,"16601 West Willard Road, Poolesville, Maryland, US (39.091, -77.418)",39.0905915,-77.4179162,2025-04-20,07:39 PM,eBird - Stationary Count,2,1,,,1,,"One male Chukar standing on the side of the road,",,634125401
S199452331,Rock Pigeon,Columba livia,1853,X,IT-72,,L37440837,"Au Naturale, Capri, Campania, IT (40.546, 14.242)",40.5464255,14.2421554,2011-06-27,10:20 AM,eBird - Casual Observation,,0,,,1
S272049115,Rock Pigeon (Feral Pigeon),Columba livia (Feral Pigeon),1868,9,US-MD,Allegany,L2462463,Rocky Gap SP--camping loop,39.7113795,-78.6453509,2025-09-06,02:44 PM,eBird - Traveling Count,433,1,2.497,,2
S302220684,Rock Pigeon (Feral Pigeon),Columba livia (Feral Pigeon),1868,2,US-MD,Baltimore,L58847450,"830 East Pratt Street, Baltimore, Maryland, US (39.287, -76.604)",39.2874831,-76.6039973,2026-02-19,11:37 AM,eBird - Stationary Count,16,1,,,1
S250306194,Rock Pigeon (Feral Pigeon),Columba livia (Feral Pigeon),1868,6,US-MD,Baltimore,L517705,Fort Armistead Park (Baltimore City),39.2094705,-76.5330899,2025-06-14,02:00 PM,eBird - Traveling Count,57,1,.653,,1
S313599446,Rock Pigeon (Feral Pigeon),Columba livia (Feral Pigeon),1868,23,DE-BE,Berlin (Kreisfreie Stadt),L24881624,Köllnischer Park,52.5128862,13.4144725,2026-03-27,02:18 PM,eBird - Traveling Count,59,1,2.978,,1
S312735829,Rock Pigeon (Feral Pigeon),Columba livia (Feral Pigeon),1868,1,DE-BE,Berlin (Kreisfreie Stadt),L13796487,Museumsinsel--Lustgarten,52.5187318,13.3995658,2026-03-24,03:36 PM,eBird - Traveling Count,119,1,.929,,1
S312996571,Rock Pigeon (Feral Pigeon),Columba livia (Feral Pigeon),1868,8,DE-BE,Berlin (Kreisfreie Stadt),L13796487,Museumsinsel--Lustgarten,52.5187318,13.3995658,2026-03-25,03:55 PM,eBird - Traveling Count,25,1,1.545,,1
S313007777,Rock Pigeon (Feral Pigeon),Columba livia (Feral Pigeon),1868,5,DE-BE,Berlin (Kreisfreie Stadt),L29026686,Pariser Platz,52.5162796,13.3776999,2026-03-25,04:30 PM,eBird - Traveling Count,24,1,1.097,,1,,,Very chilly day
S312439613,Rock Pigeon (Feral Pigeon),Columba livia (Feral Pigeon),1868,6,DE-BE,Berlin (Kreisfreie Stadt),L1478491,Viktoriapark,52.4880789,13.3815891,2026-03-23,04:10 PM,eBird - Traveling Count,38,1,8.571,,1
S249151317,Rock Pigeon (Feral Pigeon),Columba livia (Feral Pigeon),1868,1,US-DC,District of Columbia,L47353153,"450 F Street Northwest, Washington, District of Columbia, US (38.897, -77.017)",38.8971325,-77.0174344,2025-06-11,08:37 AM,eBird - Traveling Count,6,1,.432,,1
S174655903,Rock Pigeon (Feral Pigeon),Columba livia (Feral Pigeon),1868,12,US-DC,District of Columbia,L31800402,"Farragut Square (38.902, -77.038)",38.9016016,-77.0382998,2024-05-15,09:18 AM,eBird - Traveling Count,8,1,.32,,1
S187594261,Rock Pigeon (Feral Pigeon),Columba livia (Feral Pigeon),1868,6,US-DC,District of Columbia,L31800402,"Farragut Square (38.902, -77.038)",38.9016016,-77.0382998,2024-07-18,05:51 PM,eBird - Casual Observation,,0,,,1
S188299193,Rock Pigeon (Feral Pigeon),Columba livia (Feral Pigeon),1868,X,US-DC,District of Columbia,L31800402,"Farragut Square (38.902, -77.038)",38.9016016,-77.0382998,2024-07-22,06:04 PM,eBird - Stationary Count,3,1,,,1
S309588450,Rock Pigeon (Feral Pigeon),Columba livia (Feral Pigeon),1868,8,US-DC,District of Columbia,L585694,Kingman Island South - Kingman Lake/Heritage Island,38.893872,-76.965301,2026-03-15,02:12 PM,eBird - Traveling Count,97,1,1.668,,1
S176244827,Rock Pigeon (Feral Pigeon),Columba livia (Feral Pigeon),1868,X,US-DC,District of Columbia,L1088366,Lafayette Park,38.8994874,-77.036562,2024-05-21,06:22 PM,eBird - Traveling Count,6,1,.51,,1
S205242909,Rock Pigeon (Feral Pigeon),Columba livia (Feral Pigeon),1868,2,US-DC,District of Columbia,L1013541,The White House,38.8975294,-77.0364976,2024-12-13,10:27 AM,eBird - Traveling Count,2,1,.061,,1
S199451432,Rock Pigeon (Feral Pigeon),Columba livia (Feral Pigeon),1868,X,GB-ENG,East Sussex,L37440658,"Brighton Beach, England, GB (50.819, -0.133)",50.8191163,-.1328981,2015-06-25,10:14 AM,eBird - Casual Observation,,0,,,1
S254954165,Rock Pigeon (Feral Pigeon),Columba livia (Feral Pigeon),1868,50,US-VA,Fairfax,L48658118,"Unique, Virginia, US (38.87, -77.228)",38.8695983,-77.227806,2025-06-28,03:01 PM,eBird - Casual Observation,,0,,,1,,Minimum estimated
S206655156,Rock Pigeon (Feral Pigeon),Columba livia (Feral Pigeon),1868,1,US-MD,Frederick,L38875040,"Washington National Pike, Frederick, Maryland, US (39.358, -77.396)",39.3577117,-77.3958282,2024-12-26,01:37 PM,eBird - Traveling Count,18,1,30.209,,1
S180214827,Rock Pigeon (Feral Pigeon),Columba livia (Feral Pigeon),1868,X,US-HI,Kauai,L33043265,"3500 Kilauea Road, Kilauea, Hawaii, US (22.232, -159.402)",22.2317619,-159.4019182,2024-06-08,04:24 PM,eBird - Casual Observation,,0,,,2
S175192347,Rock Pigeon (Feral Pigeon),Columba livia (Feral Pigeon),1868,6,US-MD,Montgomery,L31909282,"9679 Lost Knife Road, Montgomery Village, Maryland, US (39.153, -77.199)",39.1532211,-77.1989898,2024-05-17,07:19 PM,eBird - Traveling Count,29,1,30.204,,1
S243074956,Rock Pigeon (Feral Pigeon),Columba livia (Feral Pigeon),1868,1,US-MD,Montgomery,L192824,C&O Canal--Violette's Lock,39.066803,-77.32951,2025-05-26,11:56 AM,eBird - Traveling Count,55,1,.8,,2
S177345442,Rock Pigeon (Feral Pigeon),Columba livia (Feral Pigeon),1868,10,US-MD,Montgomery,L32384015,"Montgomery County Landfill, Gaithersburg, Maryland, US (39.123, -77.173)",39.1229591,-77.1734085,2024-05-26,01:30 PM,eBird - Traveling Count,14,1,1.384,,1
S221320287,Rock Pigeon (Feral Pigeon),Columba livia (Feral Pigeon),1868,1,US-NY,New York,L3044567,"Hudson River Park--Pier 55 (Little Island, W 12th-14th St.)",40.7420139,-74.0106444,2025-03-28,11:55 AM,eBird - Traveling Count,38,1,.95,,1
S192336954,Rock Pigeon (Feral Pigeon),Columba livia (Feral Pigeon),1868,1,FR-IDF,Paris,L35971489,"Montparnasse, Paris, Île-de-France, FR (48.838, 2.326)",48.8382362,2.3260925,2024-01-26,07:32 AM,eBird - Casual Observation,,0,,,1
S310405370,Rock Pigeon (Feral Pigeon),Columba livia (Feral Pigeon),1868,1,US-CA,San Francisco,L60484350,"Internet Archive, San Francisco, California, US (37.782, -122.472)",37.782363,-122.4717618,2026-03-18,11:16 AM,eBird - Traveling Count,110,1,1.828,,1
S180824684,Rock Pigeon (Feral Pigeon),Columba livia (Feral Pigeon),1868,X,US-MA,Suffolk,L33185579,"91 Harborside Drive, Boston, Massachusetts, US (42.359, -71.029)",42.359204,-71.0287974,2024-06-11,12:43 PM,eBird - Traveling Count,35,1,2.351,,1,,There are so many Rock pigeons. It's difficult to  count them. Total failure of this program not to have this long-term resident of Boston reported by Boston birders LOL.
S235898093,Rock Pigeon (Feral Pigeon),Columba livia (Feral Pigeon),1868,1,US-DE,Sussex,L2390607,Cape Henlopen SP--Gordon's Pond Beach,38.7424051,-75.0801587,2025-05-10,05:41 PM,eBird - Traveling Count,56,1,.719,,2
S173167431,Rock Pigeon (Feral Pigeon),Columba livia (Feral Pigeon),1868,X,CH-GE,,L31503812,"17 Quai Gustave-Ador, Genève, Genève, CH (46.207, 6.156)",46.2072199,6.155723,2023-07-13,07:13 AM,eBird - Traveling Count,120,1,3.219,,1
S274490277,Rock Pigeon (Feral Pigeon),Columba livia (Feral Pigeon),1868,30,CH-GE,,L4661466,Bois du Faisan,46.2779787,6.1518073,2025-09-16,06:57 PM,eBird - Traveling Count,247,1,18.277,,1
S206617034,Rock Pigeon (Feral Pigeon),Columba livia (Feral Pigeon),1868,10,PR-NG,,L4451634,Bosque Nacional El Yunque--Río Cubuy,18.2653604,-65.801062,2022-05-15,,eBird - Casual Observation,,0,,,2,,,Kept notes but birding was not my primary objective.
S192336954,Stock Dove,Columba oenas,1880,X,FR-IDF,Paris,L35971489,"Montparnasse, Paris, Île-de-France, FR (48.838, 2.326)",48.8382362,2.3260925,2024-01-26,07:32 AM,eBird - Casual Observation,,0,,,1
S313599446,Common Wood-Pigeon,Columba palumbus,1885,1,DE-BE,Berlin (Kreisfreie Stadt),L24881624,Köllnischer Park,52.5128862,13.4144725,2026-03-27,02:18 PM,eBird - Traveling Count,59,1,2.978,,1
S312735829,Common Wood-Pigeon,Columba palumbus,1885,5,DE-BE,Berlin (Kreisfreie Stadt),L13796487,Museumsinsel--Lustgarten,52.5187318,13.3995658,2026-03-24,03:36 PM,eBird - Traveling Count,119,1,.929,,1
S313499236,Common Wood-Pigeon,Columba palumbus,1885,2,DE-BE,Berlin (Kreisfreie Stadt),L13796487,Museumsinsel--Lustgarten,52.5187318,13.3995658,2026-03-26,05:35 PM,eBird - Casual Observation,,0,,,1,,,Very few birds after the storm..
S313007777,Common Wood-Pigeon,Columba palumbus,1885,1,DE-BE,Berlin (Kreisfreie Stadt),L29026686,Pariser Platz,52.5162796,13.3776999,2026-03-25,04:30 PM,eBird - Traveling Count,24,1,1.097,,1,,,Very chilly day
S312439613,Common Wood-Pigeon,Columba palumbus,1885,4,DE-BE,Berlin (Kreisfreie Stadt),L1478491,Viktoriapark,52.4880789,13.3815891,2026-03-23,04:10 PM,eBird - Traveling Count,38,1,8.571,,1
S274490359,Common Wood-Pigeon,Columba palumbus,1885,6,CH-GE,,L9307354,CERN (restricted access),46.2324564,6.0521808,2025-09-16,02:34 PM,eBird - Traveling Count,205,1,5.692,,1
S273320633,Common Wood-Pigeon,Columba palumbus,1885,12,CH-VD,,L52825255,Domaine La Capitaine,46.4356944,6.2608663,2025-09-14,01:52 PM,eBird - Traveling Count,54,1,1.063,,1
S273267681,Common Wood-Pigeon,Columba palumbus,1885,3,CH-VD,,L4446346,Port de Founex,46.3340545,6.2030804,2025-09-14,09:43 AM,eBird - Traveling Count,14,1,19.304,,1
S312735829,Eurasian Collared-Dove,Streptopelia decaocto,2031,1,DE-BE,Berlin (Kreisfreie Stadt),L13796487,Museumsinsel--Lustgarten,52.5187318,13.3995658,2026-03-24,03:36 PM,eBird - Traveling Count,119,1,.929,,1
S312439613,Eurasian Collared-Dove,Streptopelia decaocto,2031,1,DE-BE,Berlin (Kreisfreie Stadt),L1478491,Viktoriapark,52.4880789,13.3815891,2026-03-23,04:10 PM,eBird - Traveling Count,38,1,8.571,,1
S298474473,Eurasian Collared-Dove,Streptopelia decaocto,2031,2,US-FL,Charlotte,L2391257,Ann Dever Memorial Regional Park,26.9182434,-82.3157501,2026-02-06,03:27 PM,eBird - Traveling Count,73,1,1.287,,2
S226162184,Eurasian Collared-Dove,Streptopelia decaocto,2031,2,US-FL,Charlotte,L618241,Cedar Point Environmental Park,26.9253511,-82.334868,2025-04-16,02:36 PM,eBird - Traveling Count,41,1,.203,,3
S299224660,Eurasian Collared-Dove,Streptopelia decaocto,2031,1,US-FL,Charlotte,L17495505,Links Lane,26.8642861,-82.2841545,2026-02-09,03:08 PM,eBird - Traveling Count,127,1,.246,,2
S225947772,Eurasian Collared-Dove,Streptopelia decaocto,2031,2,US-FL,Charlotte,L1345169,Wildflower Preserve,26.8814148,-82.3046701,2025-04-15,06:40 PM,eBird - Traveling Count,9,1,.964,,1
S310405370,Eurasian Collared-Dove,Streptopelia decaocto,2031,1,US-CA,San Francisco,L60484350,"Internet Archive, San Francisco, California, US (37.782, -122.472)",37.782363,-122.4717618,2026-03-18,11:16 AM,eBird - Traveling Count,110,1,1.828,,1
S173167431,Eurasian Collared-Dove,Streptopelia decaocto,2031,X,CH-GE,,L31503812,"17 Quai Gustave-Ador, Genève, Genève, CH (46.207, 6.156)",46.2072199,6.155723,2023-07-13,07:13 AM,eBird - Traveling Count,120,1,3.219,,1
S273267681,Eurasian Collared-Dove,Streptopelia decaocto,2031,4,CH-VD,,L4446346,Port de Founex,46.3340545,6.2030804,2025-09-14,09:43 AM,eBird - Traveling Count,14,1,19.304,,1
S180214827,Spotted Dove,Spilopelia chinensis,2064,X,US-HI,Kauai,L33043265,"3500 Kilauea Road, Kilauea, Hawaii, US (22.232, -159.402)",22.2317619,-159.4019182,2024-06-08,04:24 PM,eBird - Casual Observation,,0,,,2
S192410212,Spotted Dove,Spilopelia chinensis,2064,X,US-HI,Kauai,L8027824,Kīlauea Point NWR--Overlook (always open),22.2277391,-159.4012624,2009-10-18,07:59 PM,eBird - Casual Observation,,0,,,2
S180214827,Zebra Dove,Geopelia striata,2232,X,US-HI,Kauai,L33043265,"3500 Kilauea Road, Kilauea, Hawaii, US (22.232, -159.402)",22.2317619,-159.4019182,2024-06-08,04:24 PM,eBird - Casual Observation,,0,,,2
S192410212,Zebra Dove,Geopelia striata,2232,X,US-HI,Kauai,L8027824,Kīlauea Point NWR--Overlook (always open),22.2277391,-159.4012624,2009-10-18,07:59 PM,eBird - Casual Observation,,0,,,2
S226075152,Common Ground Dove,Columbina passerina,2243,1,US-FL,Charlotte,L618537,Amberjack Environmental Park--Lemon Lake,26.8725833,-82.3001289,2025-04-16,08:52 AM,eBird - Traveling Count,100,1,1.018,,4
S226075158,Common Ground Dove,Columbina passerina,2243,1,US-FL,Charlotte,L618537,Amberjack Environmental Park--Lemon Lake,26.8725833,-82.3001289,2025-04-16,08:52 AM,eBird - Traveling Count,100,1,1.018,,4
S298474473,Common Ground Dove,Columbina passerina,2243,2,US-FL,Charlotte,L2391257,Ann Dever Memorial Regional Park,26.9182434,-82.3157501,2026-02-06,03:27 PM,eBird - Traveling Count,73,1,1.287,,2
S225653591,Common Ground Dove,Columbina passerina,2243,1,US-FL,Charlotte,L618241,Cedar Point Environmental Park,26.9253511,-82.334868,2025-04-14,02:41 PM,eBird - Traveling Count,95,1,4.216,,4
S298683570,Common Ground Dove,Columbina passerina,2243,3,US-FL,Charlotte,L21750506,"Live Oak Blvd, Prairie Creek Preserve entrance road",27.005263,-81.929974,2026-02-07,09:07 AM,eBird - Traveling Count,83,1,4.837,,2
S226336345,Common Ground Dove,Columbina passerina,2243,1,US-FL,Charlotte,L617642,Ollie's Pond Park,26.9860616,-82.1496961,2025-04-17,09:25 AM,eBird - Traveling Count,86,1,2.382,,3
S173679398,Common Ground Dove,Columbina passerina,2243,2,US-FL,Sarasota,L607892,Venice Rookery,27.04598,-82.39989,2024-03-25,09:40 AM,eBird - Stationary Count,90,1,,,3,,,My kiddo got to participate in the nest egg count with the Audubon society for the purple martins.
S173207161,White-winged Dove,Zenaida asiatica,2389,X,US-AZ,Pima,L267156,Danny Lopez Park (formerly Columbus Park),32.2856814,-111.0346556,2013-12-20,10:00 AM,eBird - Stationary Count,60,1,,,4
S175887634,White-winged Dove,Zenaida asiatica,2389,X,US-AZ,Pima,L211809,Madera Canyon--Proctor Rd.,31.739938,-110.886147,2008-05-01,09:01 AM,Historical,150,1,,,2,,,Corrected checklist to be accurate as historical.
S206617034,White-winged Dove,Zenaida asiatica,2389,1,PR-NG,,L4451634,Bosque Nacional El Yunque--Río Cubuy,18.2653604,-65.801062,2022-05-15,,eBird - Casual Observation,,0,,,2,,,Kept notes but birding was not my primary objective.
S250341411,Mourning Dove,Zenaida macroura,2412,1,US-MD,Baltimore,L126626,Fort Howard Park,39.199,-76.44,2025-06-14,03:50 PM,eBird - Traveling Count,51,1,1.658,,1
S226075152,Mourning Dove,Zenaida macroura,2412,4,US-FL,Charlotte,L618537,Amberjack Environmental Park--Lemon Lake,26.8725833,-82.3001289,2025-04-16,08:52 AM,eBird - Traveling Count,100,1,1.018,,4
S226075158,Mourning Dove,Zenaida macroura,2412,4,US-FL,Charlotte,L618537,Amberjack Environmental Park--Lemon Lake,26.8725833,-82.3001289,2025-04-16,08:52 AM,eBird - Traveling Count,100,1,1.018,,4
S298474473,Mourning Dove,Zenaida macroura,2412,3,US-FL,Charlotte,L2391257,Ann Dever Memorial Regional Park,26.9182434,-82.3157501,2026-02-06,03:27 PM,eBird - Traveling Count,73,1,1.287,,2
S298718546,Mourning Dove,Zenaida macroura,2412,1,US-FL,Charlotte,L618241,Cedar Point Environmental Park,26.9253511,-82.334868,2026-02-07,03:32 PM,eBird - Traveling Count,86,1,1.719,,1
S299140266,Mourning Dove,Zenaida macroura,2412,2,US-FL,Charlotte,L618241,Cedar Point Environmental Park,26.9253511,-82.334868,2026-02-09,08:29 AM,eBird - Traveling Count,114,1,1.533,,2
S299224660,Mourning Dove,Zenaida macroura,2412,10,US-FL,Charlotte,L17495505,Links Lane,26.8642861,-82.2841545,2026-02-09,03:08 PM,eBird - Traveling Count,127,1,.246,,2
S298683570,Mourning Dove,Zenaida macroura,2412,4,US-FL,Charlotte,L21750506,"Live Oak Blvd, Prairie Creek Preserve entrance road",27.005263,-81.929974,2026-02-07,09:07 AM,eBird - Traveling Count,83,1,4.837,,2
S226336345,Mourning Dove,Zenaida macroura,2412,3,US-FL,Charlotte,L617642,Ollie's Pond Park,26.9860616,-82.1496961,2025-04-17,09:25 AM,eBird - Traveling Count,86,1,2.382,,3
S298932326,Mourning Dove,Zenaida macroura,2412,3,US-FL,Charlotte,L617642,Ollie's Pond Park,26.9860616,-82.1496961,2026-02-08,09:32 AM,eBird - Traveling Count,154,1,1.556,,2
S298942097,Mourning Dove,Zenaida macroura,2412,2,US-FL,Charlotte,L14189493,Praise Tabernacle Church Pond,26.9752209,-82.1445278,2026-02-08,12:21 PM,eBird - Stationary Count,21,1,,,2
S298300486,Mourning Dove,Zenaida macroura,2412,32,US-FL,Charlotte,L8957295,Rotunda Meadows Prairie,26.8573451,-82.2223281,2026-02-05,04:12 PM,eBird - Traveling Count,93,1,12.54,,2
S225947772,Mourning Dove,Zenaida macroura,2412,2,US-FL,Charlotte,L1345169,Wildflower Preserve,26.8814148,-82.3046701,2025-04-15,06:40 PM,eBird - Traveling Count,9,1,.964,,1
S299026588,Mourning Dove,Zenaida macroura,2412,1,US-FL,Charlotte,L1345169,Wildflower Preserve,26.8814148,-82.3046701,2026-02-08,05:41 PM,eBird - Traveling Count,26,1,.727,,2
S206613560,Mourning Dove,Zenaida macroura,2412,8,US-NH,Coos,L12723083,Errol Downtown,44.7801749,-71.1354232,2024-12-20,05:17 PM,eBird - Casual Observation,,0,,,2
S206174934,Mourning Dove,Zenaida macroura,2412,8,US-NH,Coos,L3547211,"Errol, private yards",44.7891067,-71.1536837,2024-12-21,09:55 AM,eBird - Stationary Count,70,1,,,4
S192337227,Mourning Dove,Zenaida macroura,2412,3,US-NH,Coos,L5162343,Milan town,44.5762236,-71.1877477,2024-08-21,05:50 PM,eBird - Traveling Count,10,1,3.164,,3
S249151317,Mourning Dove,Zenaida macroura,2412,3,US-DC,District of Columbia,L47353153,"450 F Street Northwest, Washington, District of Columbia, US (38.897, -77.017)",38.8971325,-77.0174344,2025-06-11,08:37 AM,eBird - Traveling Count,6,1,.432,,1
S173683770,Mourning Dove,Zenaida macroura,2412,1,US-DC,District of Columbia,L490336,C&O Canal--Fletcher's Cove (Fletcher's Boathouse),38.9188853,-77.1022224,2017-04-05,01:25 PM,eBird - Traveling Count,75,1,2.414,,3,,,With Paul Charron and Chris Marcum
S247226180,Mourning Dove,Zenaida macroura,2412,1,US-DC,District of Columbia,L46925662,"THE Reach, Washington, District of Columbia, US (38.894, -77.056)",38.8943386,-77.0555275,2025-06-05,06:25 PM,eBird - Stationary Count,45,1,,,2
S173683759,Mourning Dove,Zenaida macroura,2412,5,US-DC,District of Columbia,L5658941,TJM a District of Columbia,38.8818381,-77.0346951,2017-04-05,10:30 AM,eBird - Traveling Count,60,1,1.609,,3,,,With Paul Charron And Chris Marcum
S187599424,Mourning Dove,Zenaida macroura,2412,1,US-DC,District of Columbia,L1013541,The White House,38.8975294,-77.0364976,2024-07-18,06:29 PM,eBird - Traveling Count,10,1,.29,,1
S304714269,Mourning Dove,Zenaida macroura,2412,2,US-MD,Frederick,L1739857,Catoctin Creek Park,39.392925,-77.5639615,2026-02-28,02:18 PM,eBird - Traveling Count,54,1,3.215,,1,,,Really nice day about 65° very few birds though at catoctin Park
S250749828,Mourning Dove,Zenaida macroura,2412,2,US-MD,Frederick,L2756806,Monocacy National Battlefield--Gambrill Mill Trail,39.3688266,-77.3877865,2025-06-15,01:10 PM,eBird - Traveling Count,80,1,1.175,,1
S206655156,Mourning Dove,Zenaida macroura,2412,12,US-MD,Frederick,L38875040,"Washington National Pike, Frederick, Maryland, US (39.358, -77.396)",39.3577117,-77.3958282,2024-12-26,01:37 PM,eBird - Traveling Count,18,1,30.209,,1
S267871655,Mourning Dove,Zenaida macroura,2412,1,US-NH,Grafton,L7922375,Little Squam Lake (overall),43.7196644,-71.603472,2025-08-17,09:29 AM,eBird - Traveling Count,163,1,9.725,,1
S184336717,Mourning Dove,Zenaida macroura,2412,2,US-CA,Los Angeles,L7530990,Long Beach Convention Center California,33.764151,-118.1883135,2011-06-03,,Historical,,1,,,4
S180197187,Mourning Dove,Zenaida macroura,2412,7,US-MD,Montgomery,L33038592,"270 North (39.239, -77.291)",39.2393341,-77.291275,2024-06-08,10:32 AM,eBird - Traveling Count,57,0,68.459,,1
S256885128,Mourning Dove,Zenaida macroura,2412,2,US-MD,Montgomery,L33038592,"270 North (39.239, -77.291)",39.2393341,-77.291275,2025-07-04,02:42 PM,eBird - Traveling Count,7,1,13.648,,1
S302434906,Mourning Dove,Zenaida macroura,2412,3,US-MD,Montgomery,L57047379,"A Fields Road Elementary, Gaithersburg, Maryland, US (39.119, -77.215)",39.1188882,-77.2150482,2026-02-20,09:10 AM,eBird - Traveling Count,91,1,1.206,,1
S303974969,Mourning Dove,Zenaida macroura,2412,1,US-MD,Montgomery,L57047379,"A Fields Road Elementary, Gaithersburg, Maryland, US (39.119, -77.215)",39.1188882,-77.2150482,2026-02-26,08:24 AM,eBird - Traveling Count,24,1,.427,,1
S304364531,Mourning Dove,Zenaida macroura,2412,2,US-MD,Montgomery,L57047379,"A Fields Road Elementary, Gaithersburg, Maryland, US (39.119, -77.215)",39.1188882,-77.2150482,2026-02-27,08:46 AM,eBird - Traveling Count,19,1,.435,,1
S173968054,Mourning Dove,Zenaida macroura,2412,8,US-MD,Montgomery,L285049,Agricultural History Farm Park,39.1610805,-77.1322894,2024-05-12,10:26 AM,eBird - Traveling Count,104,1,2.414,,1
S245500420,Mourning Dove,Zenaida macroura,2412,1,US-MD,Montgomery,L285049,Agricultural History Farm Park,39.1610805,-77.1322894,2025-06-01,10:11 AM,eBird - Traveling Count,66,1,3.46,,1
S316508959,Mourning Dove,Zenaida macroura,2412,3,US-MD,Montgomery,L230151,Blue Mash Nature Trail,39.1939588,-77.1060175,2026-04-03,05:54 PM,eBird - Traveling Count,70,1,2.147,,1
S189398872,Mourning Dove,Zenaida macroura,2412,3,US-MD,Montgomery,L7383392,Bohrer Park,39.1329353,-77.1933532,2024-07-29,08:46 AM,eBird - Traveling Count,15,1,.933,,1
S252450521,Mourning Dove,Zenaida macroura,2412,1,US-MD,Montgomery,L7383392,Bohrer Park,39.1329353,-77.1933532,2025-06-20,08:18 AM,eBird - Traveling Count,20,1,.52,,1
S263202719,Mourning Dove,Zenaida macroura,2412,1,US-MD,Montgomery,L7383392,Bohrer Park,39.1329353,-77.1933532,2025-07-27,02:00 PM,eBird - Traveling Count,31,1,.123,,1
S220359138,Mourning Dove,Zenaida macroura,2412,2,US-MD,Montgomery,L34819685,Brighton Dam Azalea Garden,39.1917702,-77.0070275,2025-03-23,05:06 PM,eBird - Traveling Count,43,1,7.419,,1
S233615339,Mourning Dove,Zenaida macroura,2412,3,US-MD,Montgomery,L584300,C&O Canal--Edwards Ferry,39.1030006,-77.4737057,2025-05-05,06:00 PM,eBird - Traveling Count,42,1,1.493,,1
S305134693,Mourning Dove,Zenaida macroura,2412,1,US-MD,Montgomery,L584300,C&O Canal--Edwards Ferry,39.1030006,-77.4737057,2026-03-01,04:03 PM,eBird - Traveling Count,7,1,.224,,1,,,This app is messed up. We were here for 40 minutes. It's saying 7:00.
S245692718,Mourning Dove,Zenaida macroura,2412,2,US-MD,Montgomery,L515805,C&O Canal--Mouth of the Monocacy (Mont. Co.),39.221687,-77.451432,2025-06-01,05:35 PM,eBird - Traveling Count,35,1,.52,,1
S183770250,Mourning Dove,Zenaida macroura,2412,2,US-MD,Montgomery,L33913928,"Camden Retention Pond, Gaithersburg, Maryland, US (39.12, -77.206)",39.1197497,-77.2064087,2024-06-25,07:46 PM,eBird - Stationary Count,24,1,,,1
S186245651,Mourning Dove,Zenaida macroura,2412,3,US-MD,Montgomery,L33913928,"Camden Retention Pond, Gaithersburg, Maryland, US (39.12, -77.206)",39.1197497,-77.2064087,2024-07-08,06:37 PM,eBird - Traveling Count,59,1,1.078,,1
S191234658,Mourning Dove,Zenaida macroura,2412,2,US-MD,Montgomery,L33913928,"Camden Retention Pond, Gaithersburg, Maryland, US (39.12, -77.206)",39.1197497,-77.2064087,2024-08-12,06:34 PM,eBird - Stationary Count,5,1,,,1
S232647749,Mourning Dove,Zenaida macroura,2412,2,US-MD,Montgomery,L33913928,"Camden Retention Pond, Gaithersburg, Maryland, US (39.12, -77.206)",39.1197497,-77.2064087,2025-05-03,03:19 PM,eBird - Traveling Count,32,1,1.03,,1
S270764740,Mourning Dove,Zenaida macroura,2412,4,US-MD,Montgomery,L33913928,"Camden Retention Pond, Gaithersburg, Maryland, US (39.12, -77.206)",39.1197497,-77.2064087,2025-08-31,07:33 PM,eBird - Traveling Count,97,1,1.031,,1
S276159786,Mourning Dove,Zenaida macroura,2412,1,US-MD,Montgomery,L33913928,"Camden Retention Pond, Gaithersburg, Maryland, US (39.12, -77.206)",39.1197497,-77.2064087,2025-09-27,11:00 AM,eBird - Traveling Count,37,1,1.082,,1
S314269634,Mourning Dove,Zenaida macroura,2412,2,US-MD,Montgomery,L33913928,"Camden Retention Pond, Gaithersburg, Maryland, US (39.12, -77.206)",39.1197497,-77.2064087,2026-03-29,07:51 AM,eBird - Traveling Count,19,1,.649,,1,,,Very chilly morning. Some frost on the grass. Lots of bird activity though.
S316385681,Mourning Dove,Zenaida macroura,2412,1,US-MD,Montgomery,L33913928,"Camden Retention Pond, Gaithersburg, Maryland, US (39.12, -77.206)",39.1197497,-77.2064087,2026-04-03,01:09 PM,eBird - Traveling Count,39,1,1.061,,1
S228011793,Mourning Dove,Zenaida macroura,2412,2,US-MD,Montgomery,L3043543,Crabbs Branch Pond,39.122276,-77.1587741,2025-04-21,07:07 PM,eBird - Traveling Count,19,1,.917,,1
S307416067,Mourning Dove,Zenaida macroura,2412,1,US-MD,Montgomery,L56914155,"Crown Woods, Gaithersburg, Maryland, US (39.117, -77.211)",39.1166315,-77.2109226,2026-03-08,06:00 PM,eBird - Traveling Count,5,1,.101,,1,,,74°. Nice big gang of cedar wax wings
S222948122,Mourning Dove,Zenaida macroura,2412,1,US-MD,Montgomery,L42096446,"Dufief Muddy Branch Park, North Potomac, Maryland, US (39.105, -77.236)",39.1045983,-77.2364397,2025-04-04,03:51 PM,eBird - Traveling Count,26,1,.885,,2
S174850650,Mourning Dove,Zenaida macroura,2412,4,US-MD,Montgomery,L9055068,Hibiscus court Maryland,39.1187154,-77.2108193,2024-05-16,08:44 AM,eBird - Traveling Count,18,1,.853,,1
S176115246,Mourning Dove,Zenaida macroura,2412,1,US-MD,Montgomery,L9055068,Hibiscus court Maryland,39.1187154,-77.2108193,2024-05-21,07:09 AM,eBird - Traveling Count,14,1,.694,,1
S176529751,Mourning Dove,Zenaida macroura,2412,1,US-MD,Montgomery,L9055068,Hibiscus court Maryland,39.1187154,-77.2108193,2024-05-23,08:49 AM,eBird - Traveling Count,46,1,1.706,,1
S176723839,Mourning Dove,Zenaida macroura,2412,3,US-MD,Montgomery,L9055068,Hibiscus court Maryland,39.1187154,-77.2108193,2024-05-24,08:49 AM,eBird - Traveling Count,19,1,.733,,1
S177681042,Mourning Dove,Zenaida macroura,2412,1,US-MD,Montgomery,L9055068,Hibiscus court Maryland,39.1187154,-77.2108193,2024-05-27,04:45 PM,eBird - Traveling Count,89,1,1.979,,1
S178096709,Mourning Dove,Zenaida macroura,2412,2,US-MD,Montgomery,L9055068,Hibiscus court Maryland,39.1187154,-77.2108193,2024-05-29,07:32 PM,eBird - Traveling Count,20,1,.563,,1
S181716209,Mourning Dove,Zenaida macroura,2412,1,US-MD,Montgomery,L9055068,Hibiscus court Maryland,39.1187154,-77.2108193,2024-06-15,06:55 PM,eBird - Traveling Count,29,1,.354,,1
S183760057,Mourning Dove,Zenaida macroura,2412,1,US-MD,Montgomery,L9055068,Hibiscus court Maryland,39.1187154,-77.2108193,2024-06-24,07:55 PM,eBird - Traveling Count,30,1,1.448,,1
S184569567,Mourning Dove,Zenaida macroura,2412,1,US-MD,Montgomery,L9055068,Hibiscus court Maryland,39.1187154,-77.2108193,2024-06-30,10:16 AM,eBird - Traveling Count,22,1,.531,,1
S215913487,Mourning Dove,Zenaida macroura,2412,2,US-MD,Montgomery,L9055068,Hibiscus court Maryland,39.1187154,-77.2108193,2025-02-28,05:36 PM,eBird - Traveling Count,8,1,.457,,1
S229607559,Mourning Dove,Zenaida macroura,2412,2,US-MD,Montgomery,L9055068,Hibiscus court Maryland,39.1187154,-77.2108193,2025-04-26,11:07 AM,eBird - Traveling Count,5,1,.272,,1
S248288214,Mourning Dove,Zenaida macroura,2412,2,US-MD,Montgomery,L9055068,Hibiscus court Maryland,39.1187154,-77.2108193,2025-06-08,04:40 PM,eBird - Casual Observation,,0,,,1
S251339864,Mourning Dove,Zenaida macroura,2412,1,US-MD,Montgomery,L9055068,Hibiscus court Maryland,39.1187154,-77.2108193,2025-06-17,08:28 AM,eBird - Traveling Count,6,1,.278,,1
S253652061,Mourning Dove,Zenaida macroura,2412,1,US-MD,Montgomery,L9055068,Hibiscus court Maryland,39.1187154,-77.2108193,2025-06-24,07:41 AM,eBird - Traveling Count,13,1,.508,,1
S254502123,Mourning Dove,Zenaida macroura,2412,1,US-MD,Montgomery,L9055068,Hibiscus court Maryland,39.1187154,-77.2108193,2025-06-27,08:24 AM,eBird - Traveling Count,14,1,.633,,1
S293088711,Mourning Dove,Zenaida macroura,2412,9,US-MD,Montgomery,L9055068,Hibiscus court Maryland,39.1187154,-77.2108193,2026-01-08,08:04 AM,eBird - Traveling Count,32,1,1.292,,2
S293642036,Mourning Dove,Zenaida macroura,2412,1,US-MD,Montgomery,L9055068,Hibiscus court Maryland,39.1187154,-77.2108193,2026-01-10,10:27 AM,eBird - Traveling Count,91,1,.281,,1
S295476283,Mourning Dove,Zenaida macroura,2412,1,US-MD,Montgomery,L9055068,Hibiscus court Maryland,39.1187154,-77.2108193,2026-01-21,07:53 AM,eBird - Stationary Count,33,1,,,1
S295783274,Mourning Dove,Zenaida macroura,2412,3,US-MD,Montgomery,L9055068,Hibiscus court Maryland,39.1187154,-77.2108193,2026-01-23,08:43 AM,eBird - Traveling Count,10,1,.476,,1
S296904367,Mourning Dove,Zenaida macroura,2412,1,US-MD,Montgomery,L9055068,Hibiscus court Maryland,39.1187154,-77.2108193,2026-01-29,09:30 AM,eBird - Stationary Count,240,1,,,1
S297204985,Mourning Dove,Zenaida macroura,2412,1,US-MD,Montgomery,L9055068,Hibiscus court Maryland,39.1187154,-77.2108193,2026-01-31,07:54 AM,eBird - Stationary Count,100,1,,,1
S301133523,Mourning Dove,Zenaida macroura,2412,2,US-MD,Montgomery,L9055068,Hibiscus court Maryland,39.1187154,-77.2108193,2026-02-15,02:50 PM,eBird - Stationary Count,130,1,,,2
S301916007,Mourning Dove,Zenaida macroura,2412,3,US-MD,Montgomery,L9055068,Hibiscus court Maryland,39.1187154,-77.2108193,2026-02-17,03:30 PM,eBird - Stationary Count,35,1,,,1
S301950574,Mourning Dove,Zenaida macroura,2412,1,US-MD,Montgomery,L9055068,Hibiscus court Maryland,39.1187154,-77.2108193,2026-02-18,07:24 AM,eBird - Traveling Count,94,1,.445,,1
S303944301,Mourning Dove,Zenaida macroura,2412,2,US-MD,Montgomery,L9055068,Hibiscus court Maryland,39.1187154,-77.2108193,2026-02-25,08:50 AM,eBird - Casual Observation,,0,,,1
S307587013,Mourning Dove,Zenaida macroura,2412,3,US-MD,Montgomery,L9055068,Hibiscus court Maryland,39.1187154,-77.2108193,2026-03-09,09:15 AM,eBird - Traveling Count,18,1,.498,,1,,,Gorgeous morning. So many resident birds chirping and building nests.
S308062000,Mourning Dove,Zenaida macroura,2412,2,US-MD,Montgomery,L9055068,Hibiscus court Maryland,39.1187154,-77.2108193,2026-03-10,08:52 AM,eBird - Traveling Count,211,1,.414,,1
S308298400,Mourning Dove,Zenaida macroura,2412,2,US-MD,Montgomery,L9055068,Hibiscus court Maryland,39.1187154,-77.2108193,2026-03-11,08:44 AM,eBird - Traveling Count,11,1,.415,,1,,,Another beautiful spring morning. It's trash day in my neighborhood so the crows were pretty excited.
S308522559,Mourning Dove,Zenaida macroura,2412,1,US-MD,Montgomery,L9055068,Hibiscus court Maryland,39.1187154,-77.2108193,2026-03-12,10:46 AM,eBird - Stationary Count,6,1,,,1,,,A miserable day with a wintry mix of precipitation and very few birds about.
S316727021,Mourning Dove,Zenaida macroura,2412,1,US-MD,Montgomery,L9055068,Hibiscus court Maryland,39.1187154,-77.2108193,2026-04-04,08:41 AM,eBird - Traveling Count,15,1,.656,,1,,,Nice warm morning. Lots of bird activity and a gentle warm rain.
S253053193,Mourning Dove,Zenaida macroura,2412,2,US-MD,Montgomery,L126620,Hughes Hollow - McKee Beshers WMA,39.0803767,-77.4035096,2025-06-22,06:50 AM,eBird - Traveling Count,99,1,1.237,,1
S187792544,Mourning Dove,Zenaida macroura,2412,4,US-MD,Montgomery,L22161519,Hughes Hollow - McKee Beshers WMA--sunflower area and eastern fields,39.076893,-77.3812916,2024-07-19,06:29 PM,eBird - Traveling Count,119,1,5.601,,1
S186245620,Mourning Dove,Zenaida macroura,2412,1,US-MD,Montgomery,L32216879,"Kaiser Permanente, Gaithersburg, Maryland, US (39.156, -77.222)",39.1558353,-77.2220648,2024-07-09,05:42 PM,eBird - Traveling Count,13,0,.274,,1,,,I think I saw a yellow billed cuckoo but only from the back and it flew off before I could catch up.
S240002346,Mourning Dove,Zenaida macroura,2412,2,US-MD,Montgomery,L2769057,Little Bennett RP--Western Piedmont Trail,39.27653,-77.3071432,2025-05-18,06:20 PM,eBird - Traveling Count,44,1,1.223,,1
S174220089,Mourning Dove,Zenaida macroura,2412,1,US-MD,Montgomery,L31569197,"Malcolm King Park (39.121, -77.212)",39.1205865,-77.212024,2024-05-13,08:59 AM,eBird - Traveling Count,13,1,.803,,1,,,Another day another Cardinal LOL.
S225232220,Mourning Dove,Zenaida macroura,2412,2,US-MD,Montgomery,L31569197,"Malcolm King Park (39.121, -77.212)",39.1205865,-77.212024,2025-04-13,10:38 AM,eBird - Traveling Count,35,1,.805,,2
S246582636,Mourning Dove,Zenaida macroura,2412,1,US-MD,Montgomery,L31569197,"Malcolm King Park (39.121, -77.212)",39.1205865,-77.212024,2025-06-04,08:20 AM,eBird - Traveling Count,9,1,.554,,1
S250837526,Mourning Dove,Zenaida macroura,2412,2,US-MD,Montgomery,L31569197,"Malcolm King Park (39.121, -77.212)",39.1205865,-77.212024,2025-06-15,05:46 PM,eBird - Traveling Count,36,1,2.063,,1
S252450226,Mourning Dove,Zenaida macroura,2412,2,US-MD,Montgomery,L31569197,"Malcolm King Park (39.121, -77.212)",39.1205865,-77.212024,2025-06-19,07:07 PM,eBird - Traveling Count,39,1,1.35,,1
S289206931,Mourning Dove,Zenaida macroura,2412,1,US-MD,Montgomery,L31569197,"Malcolm King Park (39.121, -77.212)",39.1205865,-77.212024,2025-12-19,12:37 PM,eBird - Traveling Count,13,1,.484,,1
S290882842,Mourning Dove,Zenaida macroura,2412,6,US-MD,Montgomery,L31569197,"Malcolm King Park (39.121, -77.212)",39.1205865,-77.212024,2025-12-28,05:02 PM,eBird - Traveling Count,13,1,.706,,1
S302680251,Mourning Dove,Zenaida macroura,2412,2,US-MD,Montgomery,L31569197,"Malcolm King Park (39.121, -77.212)",39.1205865,-77.212024,2026-02-21,08:56 AM,eBird - Traveling Count,15,1,.76,,1
S306793326,Mourning Dove,Zenaida macroura,2412,4,US-MD,Montgomery,L31569197,"Malcolm King Park (39.121, -77.212)",39.1205865,-77.212024,2026-03-07,09:48 AM,eBird - Traveling Count,17,1,.749,,1,,,"Very humid day. Most of the birds are pretty angry about the two red shoulder hawks flying around, filling a nest near the park bench at the shady Grove Park entrance."
S307216901,Mourning Dove,Zenaida macroura,2412,5,US-MD,Montgomery,L31569197,"Malcolm King Park (39.121, -77.212)",39.1205865,-77.212024,2026-03-08,09:51 AM,eBird - Traveling Count,76,1,1.346,,1,,,70f this morning on the walk. Watched a few crows try to take The nest that one of our pairs of red shouldered Hawks are building. The Hawks were not amused.
S317554838,Mourning Dove,Zenaida macroura,2412,1,US-MD,Montgomery,L31569197,"Malcolm King Park (39.121, -77.212)",39.1205865,-77.212024,2026-04-05,05:33 PM,eBird - Traveling Count,29,1,.728,,1,,,Beautiful cool but quiet evening after a daytime storm.
S270982186,Mourning Dove,Zenaida macroura,2412,1,US-MD,Montgomery,L453705,Patuxent River SP--Rte. 97 (Montgomery Co.),39.2380827,-77.0571345,2025-09-01,03:40 PM,eBird - Traveling Count,143,1,.802,,1
S214121244,Mourning Dove,Zenaida macroura,2412,13,US-MD,Montgomery,L40358682,"River Road, Poolesville, Maryland, US (39.113, -77.476)",39.1133163,-77.4764549,2025-02-17,02:13 PM,eBird - Traveling Count,42,1,8.047,,1
S288758503,Mourning Dove,Zenaida macroura,2412,21,US-MD,Montgomery,L53737414,Royce Hanson Conservation Park at Broad Run,39.1324176,-77.4573434,2025-12-15,04:21 PM,eBird - Traveling Count,12,1,.433,,1
S296602619,Mourning Dove,Zenaida macroura,2412,9,US-MD,Montgomery,L53737414,Royce Hanson Conservation Park at Broad Run,39.1324176,-77.4573434,2026-01-27,03:24 PM,eBird - Traveling Count,36,1,2.222,,1
S305118682,Mourning Dove,Zenaida macroura,2412,12,US-MD,Montgomery,L53737414,Royce Hanson Conservation Park at Broad Run,39.1324176,-77.4573434,2026-03-01,03:06 PM,eBird - Traveling Count,44,1,1.343,,2
S177875501,Mourning Dove,Zenaida macroura,2412,4,US-MD,Montgomery,L32507644,"Shady Grove Metro Station, Rockville, Maryland, US (39.121, -77.163)",39.1212152,-77.1634004,2024-05-28,05:41 PM,eBird - Traveling Count,8,1,.12,,1
S298126159,Mourning Dove,Zenaida macroura,2412,1,US-MD,Montgomery,L32507644,"Shady Grove Metro Station, Rockville, Maryland, US (39.121, -77.163)",39.1212152,-77.1634004,2026-02-04,04:44 PM,eBird - Traveling Count,2,1,.158,,1
S203796738,Mourning Dove,Zenaida macroura,2412,8,US-MD,Montgomery,L2055457,Sycamore Landing Rd. fields,39.0839717,-77.4146461,2024-11-27,02:08 PM,eBird - Traveling Count,89,1,4.361,,2
S279738820,Mourning Dove,Zenaida macroura,2412,1,US-MD,Montgomery,L54114773,"Washington Woods Park, Gaithersburg, Maryland, US (39.113, -77.224)",39.11282,-77.2236712,2025-10-16,01:21 PM,eBird - Traveling Count,34,1,.56,,1
S288754158,Mourning Dove,Zenaida macroura,2412,13,US-MD,Montgomery,L11401283,Westerly Rd. Pond,39.135653,-77.432952,2025-12-15,04:10 PM,eBird - Traveling Count,10,1,6.318,,1
S221466591,Mourning Dove,Zenaida macroura,2412,4,US-NY,New York,L1007196,Battery Park City--Nelson A. Rockefeller Jr Park,40.7172332,-74.0166778,2025-03-29,06:49 AM,eBird - Traveling Count,37,0,1.99,,1
S173207161,Mourning Dove,Zenaida macroura,2412,X,US-AZ,Pima,L267156,Danny Lopez Park (formerly Columbus Park),32.2856814,-111.0346556,2013-12-20,10:00 AM,eBird - Stationary Count,60,1,,,4
S175887634,Mourning Dove,Zenaida macroura,2412,X,US-AZ,Pima,L211809,Madera Canyon--Proctor Rd.,31.739938,-110.886147,2008-05-01,09:01 AM,Historical,150,1,,,2,,,Corrected checklist to be accurate as historical.
S183870068,Mourning Dove,Zenaida macroura,2412,2,US-MD,Prince George's,L33936221,"NASA Goddard Space Flight Center, Greenbelt, Maryland, US (38.993, -76.848)",38.9929483,-76.8476183,2024-06-26,08:30 AM,eBird - Casual Observation,,0,,,1
S239213799,Mourning Dove,Zenaida macroura,2412,3,US-MD,Prince George's,L305078,Patuxent Research Refuge--South Tract (National Wildlife Visitor Center),39.0270605,-76.7991731,2025-05-17,08:28 AM,eBird - Traveling Count,149,1,6.502,,1
S310405370,Mourning Dove,Zenaida macroura,2412,1,US-CA,San Francisco,L60484350,"Internet Archive, San Francisco, California, US (37.782, -122.472)",37.782363,-122.4717618,2026-03-18,11:16 AM,eBird - Traveling Count,110,1,1.828,,1
S226419119,Mourning Dove,Zenaida macroura,2412,2,US-FL,Sarasota,L625835,Lemon Bay Park,26.9727128,-82.3743725,2025-04-17,02:32 PM,eBird - Traveling Count,58,1,2.897,,1
S221934041,Mourning Dove,Zenaida macroura,2412,1,US-MD,Washington,L31950817,"3716 Harpers Ferry Road, Sharpsburg, Maryland, US (39.415, -77.737)",39.4153833,-77.7371018,2025-03-30,03:58 PM,eBird - Traveling Count,76,1,.07,,1
S199682839,Mourning Dove,Zenaida macroura,2412,2,US-MD,Washington,L3108412,Antietam National Battlefield--Burnside Bridge,39.4505101,-77.7318442,2024-10-20,03:00 PM,eBird - Traveling Count,160,1,32.895,,3
S257633796,Mourning Dove,Zenaida macroura,2412,1,US-MD,Washington,L5825627,Antietam National Battlefield--Snavely Ford Trail,39.449291,-77.7314029,2025-07-06,04:30 PM,eBird - Traveling Count,39,1,1.113,,1
S177414288,Mourning Dove,Zenaida macroura,2412,3,US-MD,Washington,L512641,C&O Canal--Antietam Creek,39.417434,-77.745801,2024-05-26,05:13 PM,eBird - Traveling Count,48,1,1.609,,3
S206657640,Mourning Dove,Zenaida macroura,2412,1,US-MD,Washington,L1135587,Mt. Briar Wetlands Preserve,39.4412971,-77.6814508,2024-12-26,02:03 PM,eBird - Traveling Count,12,1,10.432,,1
S306960721,Mourning Dove,Zenaida macroura,2412,3,US-MD,Washington,L59209237,"Private Yard, Sharpsburg, Maryland, US (39.416, -77.737)",39.4157499,-77.7373156,2026-03-07,04:48 PM,eBird - Traveling Count,41,1,.048,,2
S180559345,Mourning Dove,Zenaida macroura,2412,2,US-MD,Washington,L33056912,"Rohrbach Campground, Sharpsburg, Maryland, US (39.454, -77.731)",39.4543401,-77.7314234,2024-06-09,09:12 AM,eBird - Traveling Count,60,1,.298,,1
S259302581,Mourning Dove,Zenaida macroura,2412,2,US-MD,Washington,L33056912,"Rohrbach Campground, Sharpsburg, Maryland, US (39.454, -77.731)",39.4543401,-77.7314234,2025-07-12,03:12 PM,eBird - Traveling Count,99,1,2.404,,1
S175887634,Greater Roadrunner,Geococcyx californianus,3038,X,US-AZ,Pima,L211809,Madera Canyon--Proctor Rd.,31.739938,-110.886147,2008-05-01,09:01 AM,Historical,150,1,,,2,,,Corrected checklist to be accurate as historical.
S253053193,Yellow-billed Cuckoo,Coccyzus americanus,3238,1,US-MD,Montgomery,L126620,Hughes Hollow - McKee Beshers WMA,39.0803767,-77.4035096,2025-06-22,06:50 AM,eBird - Traveling Count,99,1,1.237,,1
S188156823,Yellow-billed Cuckoo,Coccyzus americanus,3238,1,US-MD,Montgomery,L19214285,"Welsh Park, Rockville",39.0908869,-77.1608661,2024-07-21,06:19 PM,eBird - Traveling Count,27,0,.756,,1
S239213799,Yellow-billed Cuckoo,Coccyzus americanus,3238,3,US-MD,Prince George's,L305078,Patuxent Research Refuge--South Tract (National Wildlife Visitor Center),39.0270605,-76.7991731,2025-05-17,08:28 AM,eBird - Traveling Count,149,1,6.502,,1
S226419119,Yellow-billed Cuckoo,Coccyzus americanus,3238,1,US-FL,Sarasota,L625835,Lemon Bay Park,26.9727128,-82.3743725,2025-04-17,02:32 PM,eBird - Traveling Count,58,1,2.897,,1
S175564443,Yellow-billed Cuckoo,Coccyzus americanus,3238,1,US-MD,Washington,L31950817,"3716 Harpers Ferry Road, Sharpsburg, Maryland, US (39.415, -77.737)",39.4153833,-77.7371018,2024-05-19,07:57 AM,eBird - Stationary Count,90,1,,,1
S175728697,Yellow-billed Cuckoo,Coccyzus americanus,3238,1,US-MD,Washington,L31950817,"3716 Harpers Ferry Road, Sharpsburg, Maryland, US (39.415, -77.737)",39.4153833,-77.7371018,2024-05-19,01:18 PM,eBird - Traveling Count,172,1,6.436,,3
S177419574,Yellow-billed Cuckoo,Coccyzus americanus,3238,1,US-MD,Washington,L31950817,"3716 Harpers Ferry Road, Sharpsburg, Maryland, US (39.415, -77.737)",39.4153833,-77.7371018,2024-05-26,06:06 PM,eBird - Traveling Count,15,0,12.975,,1
S173968054,Black-billed Cuckoo,Coccyzus erythropthalmus,3243,1,US-MD,Montgomery,L285049,Agricultural History Farm Park,39.1610805,-77.1322894,2024-05-12,10:26 AM,eBird - Traveling Count,104,1,2.414,,1,,Just inside the bluebird trail
S225965730,Chuck-will's-widow,Antrostomus carolinensis,3594,1,US-FL,Charlotte,L42656865,"Downing Street, Englewood, Florida, US (26.898, -82.321)",26.8978819,-82.3212738,2025-04-15,08:16 PM,eBird - Traveling Count,10,1,.322,,1
S252450521,Chimney Swift,Chaetura pelagica,3896,2,US-MD,Montgomery,L7383392,Bohrer Park,39.1329353,-77.1933532,2025-06-20,08:18 AM,eBird - Traveling Count,20,1,.52,,1
S252315175,Chimney Swift,Chaetura pelagica,3896,2,US-MD,Montgomery,L7383392,Bohrer Park,39.1329353,-77.1933532,2025-06-20,09:04 AM,eBird - Traveling Count,20,0,.4,,1
S233615339,Chimney Swift,Chaetura pelagica,3896,X,US-MD,Montgomery,L584300,C&O Canal--Edwards Ferry,39.1030006,-77.4737057,2025-05-05,06:00 PM,eBird - Traveling Count,42,1,1.493,,1
S173642100,Chimney Swift,Chaetura pelagica,3896,X,US-MD,Montgomery,L515805,C&O Canal--Mouth of the Monocacy (Mont. Co.),39.221687,-77.451432,2024-05-11,03:00 PM,eBird - Stationary Count,60,1,,,1
S176115246,Chimney Swift,Chaetura pelagica,3896,1,US-MD,Montgomery,L9055068,Hibiscus court Maryland,39.1187154,-77.2108193,2024-05-21,07:09 AM,eBird - Traveling Count,14,1,.694,,1
S176529751,Chimney Swift,Chaetura pelagica,3896,3,US-MD,Montgomery,L9055068,Hibiscus court Maryland,39.1187154,-77.2108193,2024-05-23,08:49 AM,eBird - Traveling Count,46,1,1.706,,1
S240002346,Chimney Swift,Chaetura pelagica,3896,X,US-MD,Montgomery,L2769057,Little Bennett RP--Western Piedmont Trail,39.27653,-77.3071432,2025-05-18,06:20 PM,eBird - Traveling Count,44,1,1.223,,1,,Mixing with tree swallows. There's too many to count
S188156823,Chimney Swift,Chaetura pelagica,3896,9,US-MD,Montgomery,L19214285,"Welsh Park, Rockville",39.0908869,-77.1608661,2024-07-21,06:19 PM,eBird - Traveling Count,27,0,.756,,1
S179436241,Chimney Swift,Chaetura pelagica,3896,2,US-VA,Richmond City,L3542266,James River Park--Pony Pasture,37.550872,-77.5204861,2024-06-04,05:59 PM,eBird - Traveling Count,25,1,.097,,2
S175564443,Chimney Swift,Chaetura pelagica,3896,3,US-MD,Washington,L31950817,"3716 Harpers Ferry Road, Sharpsburg, Maryland, US (39.415, -77.737)",39.4153833,-77.7371018,2024-05-19,07:57 AM,eBird - Stationary Count,90,1,,,1
S183379922,Chimney Swift,Chaetura pelagica,3896,X,US-MD,Washington,L31950817,"3716 Harpers Ferry Road, Sharpsburg, Maryland, US (39.415, -77.737)",39.4153833,-77.7371018,2024-06-23,05:41 PM,eBird - Casual Observation,,0,,,1
S252687295,Chimney Swift,Chaetura pelagica,3896,4,US-MD,Washington,L31950817,"3716 Harpers Ferry Road, Sharpsburg, Maryland, US (39.415, -77.737)",39.4153833,-77.7371018,2025-06-21,08:44 AM,eBird - Stationary Count,31,1,,,1
S177414288,Chimney Swift,Chaetura pelagica,3896,10,US-MD,Washington,L512641,C&O Canal--Antietam Creek,39.417434,-77.745801,2024-05-26,05:13 PM,eBird - Traveling Count,48,1,1.609,,3
S199452331,Common Swift,Apus apus,4094,X,IT-72,,L37440837,"Au Naturale, Capri, Campania, IT (40.546, 14.242)",40.5464255,14.2421554,2011-06-27,10:20 AM,eBird - Casual Observation,,0,,,1
S206617034,Puerto Rican Mango,Anthracothorax aurulentus,4395,1,PR-NG,,L4451634,Bosque Nacional El Yunque--Río Cubuy,18.2653604,-65.801062,2022-05-15,,eBird - Casual Observation,,0,,,2,,,Kept notes but birding was not my primary objective.
S192192710,Ruby-throated Hummingbird,Archilochus colubris,4802,1,US-NH,Coos,L5343246,"Akers Pond, Errol",44.7979771,-71.1591339,2024-08-20,05:15 PM,eBird - Stationary Count,34,1,,,1
S192337224,Ruby-throated Hummingbird,Archilochus colubris,4802,4,US-NH,Coos,L3547211,"Errol, private yards",44.7891067,-71.1536837,2024-08-19,05:00 PM,eBird - Stationary Count,15,1,,,3
S268294117,Ruby-throated Hummingbird,Archilochus colubris,4802,2,US-ME,Cumberland,L6199827,Maine Wildlife Park,43.9293181,-70.35254,2025-08-19,01:45 PM,eBird - Traveling Count,103,1,1.256,,4
S242111995,Ruby-throated Hummingbird,Archilochus colubris,4802,1,US-MD,Montgomery,L45854782,"23425 Slidell Road, Ten Mile Creek, Maryland, US (39.241, -77.32)",39.2410277,-77.3204555,2025-05-24,02:32 PM,eBird - Traveling Count,73,1,1.191,,1
S316508959,Ruby-throated Hummingbird,Archilochus colubris,4802,1,US-MD,Montgomery,L230151,Blue Mash Nature Trail,39.1939588,-77.1060175,2026-04-03,05:54 PM,eBird - Traveling Count,70,1,2.147,,1,,First of the season. There's a flowering dogwood and it was at the top buzzing around too fast to photograph in this light.
S183760057,Ruby-throated Hummingbird,Archilochus colubris,4802,1,US-MD,Montgomery,L9055068,Hibiscus court Maryland,39.1187154,-77.2108193,2024-06-24,07:55 PM,eBird - Traveling Count,30,1,1.448,,1
S194193514,Ruby-throated Hummingbird,Archilochus colubris,4802,5,US-MD,Montgomery,L126620,Hughes Hollow - McKee Beshers WMA,39.0803767,-77.4035096,2024-09-06,05:47 PM,eBird - Traveling Count,56,1,3.219,,4
S253053193,Ruby-throated Hummingbird,Archilochus colubris,4802,1,US-MD,Montgomery,L126620,Hughes Hollow - McKee Beshers WMA,39.0803767,-77.4035096,2025-06-22,06:50 AM,eBird - Traveling Count,99,1,1.237,,1
S187792544,Ruby-throated Hummingbird,Archilochus colubris,4802,1,US-MD,Montgomery,L22161519,Hughes Hollow - McKee Beshers WMA--sunflower area and eastern fields,39.076893,-77.3812916,2024-07-19,06:29 PM,eBird - Traveling Count,119,1,5.601,,1
S179436241,Ruby-throated Hummingbird,Archilochus colubris,4802,0,US-VA,Richmond City,L3542266,James River Park--Pony Pasture,37.550872,-77.5204861,2024-06-04,05:59 PM,eBird - Traveling Count,25,1,.097,,2
S191828104,Ruby-throated Hummingbird,Archilochus colubris,4802,2,US-MD,Washington,L31950817,"3716 Harpers Ferry Road, Sharpsburg, Maryland, US (39.415, -77.737)",39.4153833,-77.7371018,2024-08-17,04:38 PM,eBird - Casual Observation,,0,,,1
S195043301,Black-chinned Hummingbird,Archilochus alexandri,4803,1,US-UT,Salt Lake,L1095190,Red Butte Canyon,40.7740256,-111.8180537,2024-09-13,06:22 PM,eBird - Traveling Count,190,1,10.767,,2
S190802974,Anna's Hummingbird,Calypte anna,4814,1,US-OR,Clatsop,L35617970,"268 Beaver Street, Cannon Beach, Oregon, US (45.902, -123.958)",45.9019701,-123.9581253,2024-08-06,01:53 PM,eBird - Casual Observation,,0,,,1
S173207161,Anna's Hummingbird,Calypte anna,4814,X,US-AZ,Pima,L267156,Danny Lopez Park (formerly Columbus Park),32.2856814,-111.0346556,2013-12-20,10:00 AM,eBird - Stationary Count,60,1,,,4
S280793659,Anna's Hummingbird,Calypte anna,4814,2,US-CA,San Diego,L10053177,La Costa Ranch,33.0895832,-117.2502914,2025-10-22,07:18 AM,eBird - Traveling Count,12,1,.225,,1
S311102949,Anna's Hummingbird,Calypte anna,4814,1,US-CA,San Francisco,L60484350,"Internet Archive, San Francisco, California, US (37.782, -122.472)",37.782363,-122.4717618,2026-03-20,12:42 PM,eBird - Traveling Count,11,1,.193,,1,,,Very hot during the lunch break walk around the internet archive.
S206617034,Puerto Rican Emerald,Riccordia maugaeus,4865,1,PR-NG,,L4451634,Bosque Nacional El Yunque--Río Cubuy,18.2653604,-65.801062,2022-05-15,,eBird - Casual Observation,,0,,,2,,,Kept notes but birding was not my primary objective.
S230262565,King Rail,Rallus elegans,5272,1,US-MD,Montgomery,L22161519,Hughes Hollow - McKee Beshers WMA--sunflower area and eastern fields,39.076893,-77.3812916,2025-04-27,03:44 PM,eBird - Traveling Count,78,1,3.75,,3,,"Beautiful, rusty breast with mottled back. Was very vocal.",,634563659 634563974
S298932326,Sora,Porzana carolina,5455,2,US-FL,Charlotte,L617642,Ollie's Pond Park,26.9860616,-82.1496961,2026-02-08,09:32 AM,eBird - Traveling Count,154,1,1.556,,2,,Two calling from the observation platform near the parking lot. They're calling back and forth from each other. We picked it up on recording a little bit.
S225941637,Common Gallinule,Gallinula galeata,5468,1,US-FL,Charlotte,L618537,Amberjack Environmental Park--Lemon Lake,26.8725833,-82.3001289,2025-04-15,05:04 PM,eBird - Traveling Count,72,1,3.235,,1
S226075152,Common Gallinule,Gallinula galeata,5468,3,US-FL,Charlotte,L618537,Amberjack Environmental Park--Lemon Lake,26.8725833,-82.3001289,2025-04-16,08:52 AM,eBird - Traveling Count,100,1,1.018,,4
S226075158,Common Gallinule,Gallinula galeata,5468,3,US-FL,Charlotte,L618537,Amberjack Environmental Park--Lemon Lake,26.8725833,-82.3001289,2025-04-16,08:52 AM,eBird - Traveling Count,100,1,1.018,,4
S298474473,Common Gallinule,Gallinula galeata,5468,6,US-FL,Charlotte,L2391257,Ann Dever Memorial Regional Park,26.9182434,-82.3157501,2026-02-06,03:27 PM,eBird - Traveling Count,73,1,1.287,,2
S225656554,Common Gallinule,Gallinula galeata,5468,1,US-FL,Charlotte,L42656865,"Downing Street, Englewood, Florida, US (26.898, -82.321)",26.8978819,-82.3212738,2025-04-14,04:23 PM,eBird - Traveling Count,5,1,.527,,1
S299177701,Common Gallinule,Gallinula galeata,5468,1,US-FL,Charlotte,L42656865,"Downing Street, Englewood, Florida, US (26.898, -82.321)",26.8978819,-82.3212738,2026-02-09,12:58 PM,eBird - Stationary Count,10,1,,,2
S298432896,Common Gallinule,Gallinula galeata,5468,1,US-FL,Charlotte,L17495505,Links Lane,26.8642861,-82.2841545,2026-02-06,11:11 AM,eBird - Traveling Count,53,1,.15,,2
S226336345,Common Gallinule,Gallinula galeata,5468,13,US-FL,Charlotte,L617642,Ollie's Pond Park,26.9860616,-82.1496961,2025-04-17,09:25 AM,eBird - Traveling Count,86,1,2.382,,3
S298932326,Common Gallinule,Gallinula galeata,5468,30,US-FL,Charlotte,L617642,Ollie's Pond Park,26.9860616,-82.1496961,2026-02-08,09:32 AM,eBird - Traveling Count,154,1,1.556,,2,,Undercount
S298942097,Common Gallinule,Gallinula galeata,5468,5,US-FL,Charlotte,L14189493,Praise Tabernacle Church Pond,26.9752209,-82.1445278,2026-02-08,12:21 PM,eBird - Stationary Count,21,1,,,2
S192410212,Common Gallinule,Gallinula galeata,5468,X,US-HI,Kauai,L8027824,Kīlauea Point NWR--Overlook (always open),22.2277391,-159.4012624,2009-10-18,07:59 PM,eBird - Casual Observation,,0,,,2
S206617034,Common Gallinule,Gallinula galeata,5468,1,PR-NG,,L4451634,Bosque Nacional El Yunque--Río Cubuy,18.2653604,-65.801062,2022-05-15,,eBird - Casual Observation,,0,,,2,,,Kept notes but birding was not my primary objective.
S173167431,Eurasian Coot,Fulica atra,5487,X,CH-GE,,L31503812,"17 Quai Gustave-Ador, Genève, Genève, CH (46.207, 6.156)",46.2072199,6.155723,2023-07-13,07:13 AM,eBird - Traveling Count,120,1,3.219,,1
S273926912,Eurasian Coot,Fulica atra,5487,16,CH-GE,,L926699,Jetée et Port des Pâquis,46.2102417,6.1546,2025-09-17,07:04 PM,eBird - Traveling Count,124,1,1.278,,1
S180214827,Hawaiian Coot,Fulica alai,5497,X,US-HI,Kauai,L33043265,"3500 Kilauea Road, Kilauea, Hawaii, US (22.232, -159.402)",22.2317619,-159.4019182,2024-06-08,04:24 PM,eBird - Casual Observation,,0,,,2
S192410212,Hawaiian Coot,Fulica alai,5497,X,US-HI,Kauai,L8027824,Kīlauea Point NWR--Overlook (always open),22.2277391,-159.4012624,2009-10-18,07:59 PM,eBird - Casual Observation,,0,,,2
S300536527,American Coot,Fulica americana,5500,6,US-MD,Baltimore,L449294,Fort McHenry NM,39.2625631,-76.5791702,2026-02-14,12:02 PM,eBird - Traveling Count,84,1,1.31,,2
S298932326,American Coot,Fulica americana,5500,50,US-FL,Charlotte,L617642,Ollie's Pond Park,26.9860616,-82.1496961,2026-02-08,09:32 AM,eBird - Traveling Count,154,1,1.556,,2,,Estimate
S195126034,American Coot,Fulica americana,5500,X,US-UT,Davis,L190743,Antelope Island SP,41.0465405,-112.2383881,2024-09-14,09:32 AM,eBird - Traveling Count,359,0,80.129,,1
S176497993,American Coot,Fulica americana,5500,31,US-CA,Los Angeles,L20710882,"Alamitos Beach, Long Beach, CA",33.7651613,-118.1788457,2007-03-10,,Historical,,0,,,4
S296044910,American Coot,Fulica americana,5500,4,US-MD,Montgomery,L595310,Black Hill RP--Boat Ramp area,39.2009491,-77.2941077,2026-01-24,02:29 PM,eBird - Traveling Count,35,1,2.7,,1
S218916728,American Coot,Fulica americana,5500,5,US-MD,Montgomery,L459907,"Black Hill RP--Little Seneca Lake, Rte.121",39.189427,-77.309455,2025-03-16,01:31 PM,eBird - Traveling Count,39,1,15.224,,1
S206809614,American Coot,Fulica americana,5500,1,US-MD,Montgomery,L196528,Black Hill Regional Park,39.192365,-77.295757,2024-12-27,04:17 PM,eBird - Traveling Count,80,1,13.164,,1
S227622469,American Coot,Fulica americana,5500,5,US-MD,Montgomery,L126620,Hughes Hollow - McKee Beshers WMA,39.0803767,-77.4035096,2025-04-20,05:15 PM,eBird - Traveling Count,87,1,2.301,,1
S312069147,American Coot,Fulica americana,5500,8,US-MD,Montgomery,L126620,Hughes Hollow - McKee Beshers WMA,39.0803767,-77.4035096,2026-03-22,12:35 PM,eBird - Traveling Count,36,1,.657,,2
S230262565,American Coot,Fulica americana,5500,1,US-MD,Montgomery,L22161519,Hughes Hollow - McKee Beshers WMA--sunflower area and eastern fields,39.076893,-77.3812916,2025-04-27,03:44 PM,eBird - Traveling Count,78,1,3.75,,3
S280851263,American Coot,Fulica americana,5500,X,US-CA,San Diego,L6351012,Batiquitos Lagoon--Cholla Point,33.0935914,-117.2709236,2025-10-22,01:59 PM,eBird - Traveling Count,34,1,1.082,,1
S280415029,American Coot,Fulica americana,5500,45,US-CA,San Diego,L10053177,La Costa Ranch,33.0895832,-117.2502914,2025-10-19,03:57 PM,eBird - Stationary Count,74,1,,,1
S280793659,American Coot,Fulica americana,5500,X,US-CA,San Diego,L10053177,La Costa Ranch,33.0895832,-117.2502914,2025-10-22,07:18 AM,eBird - Traveling Count,12,1,.225,,1,,Too many to count. At least a hundred
S226336345,Purple Gallinule,Porphyrio martinica,5515,3,US-FL,Charlotte,L617642,Ollie's Pond Park,26.9860616,-82.1496961,2025-04-17,09:25 AM,eBird - Traveling Count,86,1,2.382,,3
S298932326,Purple Gallinule,Porphyrio martinica,5515,2,US-FL,Charlotte,L617642,Ollie's Pond Park,26.9860616,-82.1496961,2026-02-08,09:32 AM,eBird - Traveling Count,154,1,1.556,,2
S227622469,Purple Gallinule,Porphyrio martinica,5515,1,US-MD,Montgomery,L126620,Hughes Hollow - McKee Beshers WMA,39.0803767,-77.4035096,2025-04-20,05:15 PM,eBird - Traveling Count,87,1,2.301,,1,,"Beautiful male, putting on a show for us all.",,634120898
S173679398,Purple Gallinule,Porphyrio martinica,5515,1,US-FL,Sarasota,L607892,Venice Rookery,27.04598,-82.39989,2024-03-25,09:40 AM,eBird - Stationary Count,90,1,,,3,,,My kiddo got to participate in the nest egg count with the Audubon society for the purple martins.,618835951
S226336345,Gray-headed Swamphen,Porphyrio poliocephalus,5533,1,US-FL,Charlotte,L617642,Ollie's Pond Park,26.9860616,-82.1496961,2025-04-17,09:25 AM,eBird - Traveling Count,86,1,2.382,,3
S299224660,Sandhill Crane,Antigone canadensis,5697,2,US-FL,Charlotte,L17495505,Links Lane,26.8642861,-82.2841545,2026-02-09,03:08 PM,eBird - Traveling Count,127,1,.246,,2,,At the start the road right at intersection.
S298683570,Sandhill Crane,Antigone canadensis,5697,38,US-FL,Charlotte,L21750506,"Live Oak Blvd, Prairie Creek Preserve entrance road",27.005263,-81.929974,2026-02-07,09:07 AM,eBird - Traveling Count,83,1,4.837,,2
S299026588,Sandhill Crane,Antigone canadensis,5697,X,US-FL,Charlotte,L1345169,Wildflower Preserve,26.8814148,-82.3046701,2026-02-08,05:41 PM,eBird - Traveling Count,26,1,.727,,2,,Flyover. Couldn't count.
S176388677,Sandhill Crane,Antigone canadensis,5697,1,US-FL,Sarasota,L18609510,Deep Hole--Myakka SP Wilderness Trail,27.215375,-82.3381957,2021-02-17,,Historical,,0,,,2,,,,619447351
S225941637,Black-necked Stilt,Himantopus mexicanus,5770,5,US-FL,Charlotte,L618537,Amberjack Environmental Park--Lemon Lake,26.8725833,-82.3001289,2025-04-15,05:04 PM,eBird - Traveling Count,72,1,3.235,,1
S226075152,Black-necked Stilt,Himantopus mexicanus,5770,16,US-FL,Charlotte,L618537,Amberjack Environmental Park--Lemon Lake,26.8725833,-82.3001289,2025-04-16,08:52 AM,eBird - Traveling Count,100,1,1.018,,4
S226075158,Black-necked Stilt,Himantopus mexicanus,5770,16,US-FL,Charlotte,L618537,Amberjack Environmental Park--Lemon Lake,26.8725833,-82.3001289,2025-04-16,08:52 AM,eBird - Traveling Count,100,1,1.018,,4
S195126034,Black-necked Stilt,Himantopus mexicanus,5770,3,US-UT,Davis,L190743,Antelope Island SP,41.0465405,-112.2383881,2024-09-14,09:32 AM,eBird - Traveling Count,359,0,80.129,,1
S173166674,Eurasian Oystercatcher,Haematopus ostralegus,5786,1,IS-8,,L31503669,"Vik, IS (63.414, -19.011)",63.4143057,-19.0106412,2023-06-24,07:04 AM,eBird - Casual Observation,,0,,,1
S299224660,Black-bellied Plover,Pluvialis squatarola,5811,1,US-FL,Charlotte,L17495505,Links Lane,26.8642861,-82.2841545,2026-02-09,03:08 PM,eBird - Traveling Count,127,1,.246,,2
S299162126,Black-bellied Plover,Pluvialis squatarola,5811,3,US-FL,Charlotte,L855856,Stump Pass Beach SP,26.9022934,-82.346805,2026-02-09,11:14 AM,eBird - Traveling Count,37,1,.898,,2
S277297961,Killdeer,Charadrius vociferus,5827,4,US-MD,Calvert,L285147,Calvert Cliffs State Park,38.3966118,-76.423091,2025-10-04,04:09 PM,eBird - Traveling Count,166,1,3.191,,1
S298474473,Killdeer,Charadrius vociferus,5827,6,US-FL,Charlotte,L2391257,Ann Dever Memorial Regional Park,26.9182434,-82.3157501,2026-02-06,03:27 PM,eBird - Traveling Count,73,1,1.287,,2
S225653591,Killdeer,Charadrius vociferus,5827,1,US-FL,Charlotte,L618241,Cedar Point Environmental Park,26.9253511,-82.334868,2025-04-14,02:41 PM,eBird - Traveling Count,95,1,4.216,,4
S299140266,Killdeer,Charadrius vociferus,5827,4,US-FL,Charlotte,L618241,Cedar Point Environmental Park,26.9253511,-82.334868,2026-02-09,08:29 AM,eBird - Traveling Count,114,1,1.533,,2
S299224660,Killdeer,Charadrius vociferus,5827,2,US-FL,Charlotte,L17495505,Links Lane,26.8642861,-82.2841545,2026-02-09,03:08 PM,eBird - Traveling Count,127,1,.246,,2
S298683570,Killdeer,Charadrius vociferus,5827,7,US-FL,Charlotte,L21750506,"Live Oak Blvd, Prairie Creek Preserve entrance road",27.005263,-81.929974,2026-02-07,09:07 AM,eBird - Traveling Count,83,1,4.837,,2
S226336345,Killdeer,Charadrius vociferus,5827,2,US-FL,Charlotte,L617642,Ollie's Pond Park,26.9860616,-82.1496961,2025-04-17,09:25 AM,eBird - Traveling Count,86,1,2.382,,3
S298942097,Killdeer,Charadrius vociferus,5827,2,US-FL,Charlotte,L14189493,Praise Tabernacle Church Pond,26.9752209,-82.1445278,2026-02-08,12:21 PM,eBird - Stationary Count,21,1,,,2
S298300486,Killdeer,Charadrius vociferus,5827,6,US-FL,Charlotte,L8957295,Rotunda Meadows Prairie,26.8573451,-82.2223281,2026-02-05,04:12 PM,eBird - Traveling Count,93,1,12.54,,2
S225947772,Killdeer,Charadrius vociferus,5827,1,US-FL,Charlotte,L1345169,Wildflower Preserve,26.8814148,-82.3046701,2025-04-15,06:40 PM,eBird - Traveling Count,9,1,.964,,1
S288058093,Killdeer,Charadrius vociferus,5827,1,US-MD,Howard,L695923,Johns Hopkins APL Pond,39.1612462,-76.8963575,2025-12-10,02:14 PM,eBird - Traveling Count,12,1,.189,,3
S287726423,Killdeer,Charadrius vociferus,5827,2,US-MD,Montgomery,L285049,Agricultural History Farm Park,39.1610805,-77.1322894,2025-12-07,03:07 PM,eBird - Traveling Count,87,1,1.583,,2
S274969283,Killdeer,Charadrius vociferus,5827,8,US-MD,Montgomery,L230151,Blue Mash Nature Trail,39.1939588,-77.1060175,2025-09-22,06:06 PM,eBird - Traveling Count,57,1,2.145,,1
S189398872,Killdeer,Charadrius vociferus,5827,2,US-MD,Montgomery,L7383392,Bohrer Park,39.1329353,-77.1933532,2024-07-29,08:46 AM,eBird - Traveling Count,15,1,.933,,1,,To kill deer in the sports field on the other side of the black fence by the high school. They were chasing mockingbirds and making a ruckus.
S183770250,Killdeer,Charadrius vociferus,5827,2,US-MD,Montgomery,L33913928,"Camden Retention Pond, Gaithersburg, Maryland, US (39.12, -77.206)",39.1197497,-77.2064087,2024-06-25,07:46 PM,eBird - Stationary Count,24,1,,,1
S186245651,Killdeer,Charadrius vociferus,5827,1,US-MD,Montgomery,L33913928,"Camden Retention Pond, Gaithersburg, Maryland, US (39.12, -77.206)",39.1197497,-77.2064087,2024-07-08,06:37 PM,eBird - Traveling Count,59,1,1.078,,1
S240410804,Killdeer,Charadrius vociferus,5827,2,US-MD,Montgomery,L33913928,"Camden Retention Pond, Gaithersburg, Maryland, US (39.12, -77.206)",39.1197497,-77.2064087,2025-05-19,08:13 PM,eBird - Stationary Count,4,1,,,1
S270764740,Killdeer,Charadrius vociferus,5827,1,US-MD,Montgomery,L33913928,"Camden Retention Pond, Gaithersburg, Maryland, US (39.12, -77.206)",39.1197497,-77.2064087,2025-08-31,07:33 PM,eBird - Traveling Count,97,1,1.031,,1
S281282055,Killdeer,Charadrius vociferus,5827,1,US-MD,Montgomery,L33913928,"Camden Retention Pond, Gaithersburg, Maryland, US (39.12, -77.206)",39.1197497,-77.2064087,2025-10-25,12:08 PM,eBird - Traveling Count,28,1,.952,,1
S314269634,Killdeer,Charadrius vociferus,5827,X,US-MD,Montgomery,L33913928,"Camden Retention Pond, Gaithersburg, Maryland, US (39.12, -77.206)",39.1197497,-77.2064087,2026-03-29,07:51 AM,eBird - Traveling Count,19,1,.649,,1,,Could hear them pipping near the Camden retention pond but could not spot them. Distinctive calls. Turned on merlin and confirmed. No way to estimate the count but I think I heard at least two..,Very chilly morning. Some frost on the grass. Lots of bird activity though.
S253053193,Killdeer,Charadrius vociferus,5827,3,US-MD,Montgomery,L126620,Hughes Hollow - McKee Beshers WMA,39.0803767,-77.4035096,2025-06-22,06:50 AM,eBird - Traveling Count,99,1,1.237,,1
S186245620,Killdeer,Charadrius vociferus,5827,2,US-MD,Montgomery,L32216879,"Kaiser Permanente, Gaithersburg, Maryland, US (39.156, -77.222)",39.1558353,-77.2220648,2024-07-09,05:42 PM,eBird - Traveling Count,13,0,.274,,1,,,I think I saw a yellow billed cuckoo but only from the back and it flew off before I could catch up.
S232178059,Killdeer,Charadrius vociferus,5827,3,US-MD,Montgomery,L31569197,"Malcolm King Park (39.121, -77.212)",39.1205865,-77.212024,2025-05-02,05:38 PM,eBird - Traveling Count,19,1,1.014,,1
S199451432,Common Ringed Plover,Charadrius hiaticula,5831,X,GB-ENG,East Sussex,L37440658,"Brighton Beach, England, GB (50.819, -0.133)",50.8191163,-.1328981,2015-06-25,10:14 AM,eBird - Casual Observation,,0,,,1
S190802974,Semipalmated Plover,Charadrius semipalmatus,5834,2,US-OR,Clatsop,L35617970,"268 Beaver Street, Cannon Beach, Oregon, US (45.902, -123.958)",45.9019701,-123.9581253,2024-08-06,01:53 PM,eBird - Casual Observation,,0,,,1
S192291989,Semipalmated Plover,Charadrius semipalmatus,5834,3,US-NH,Coos,L35961900,"Gorham Hydro Dam picnic Area, Gorham, New Hampshire, US (44.409, -71.196)",44.408647,-71.1959234,2024-08-21,05:05 PM,eBird - Stationary Count,18,1,,,3
S195126034,Semipalmated Plover,Charadrius semipalmatus,5834,1,US-UT,Davis,L190743,Antelope Island SP,41.0465405,-112.2383881,2024-09-14,09:32 AM,eBird - Traveling Count,359,0,80.129,,1
S280864686,Semipalmated Plover,Charadrius semipalmatus,5834,22,US-CA,San Diego,L2411807,North El Portal Seawatch,33.0569177,-117.3016237,2025-10-22,02:56 PM,eBird - Traveling Count,100,1,9.982,,1
S299224660,Long-billed Dowitcher,Limnodromus scolopaceus,6061,15,US-FL,Charlotte,L17495505,Links Lane,26.8642861,-82.2841545,2026-02-09,03:08 PM,eBird - Traveling Count,127,1,.246,,2,,Thanks to Sam Buttrick for the ID.
S298474473,Wilson's Snipe,Gallinago delicata,6104,1,US-FL,Charlotte,L2391257,Ann Dever Memorial Regional Park,26.9182434,-82.3157501,2026-02-06,03:27 PM,eBird - Traveling Count,73,1,1.287,,2,,,,650394134
S298932326,Wilson's Snipe,Gallinago delicata,6104,1,US-FL,Charlotte,L617642,Ollie's Pond Park,26.9860616,-82.1496961,2026-02-08,09:32 AM,eBird - Traveling Count,154,1,1.556,,2
S273926912,Common Sandpiper,Actitis hypoleucos,6125,12,CH-GE,,L926699,Jetée et Port des Pâquis,46.2102417,6.1546,2025-09-17,07:04 PM,eBird - Traveling Count,124,1,1.278,,1
S192291989,Spotted Sandpiper,Actitis macularius,6126,1,US-NH,Coos,L35961900,"Gorham Hydro Dam picnic Area, Gorham, New Hampshire, US (44.409, -71.196)",44.408647,-71.1959234,2024-08-21,05:05 PM,eBird - Stationary Count,18,1,,,3
S195126034,Spotted Sandpiper,Actitis macularius,6126,X,US-UT,Davis,L190743,Antelope Island SP,41.0465405,-112.2383881,2024-09-14,09:32 AM,eBird - Traveling Count,359,0,80.129,,1
S267871655,Spotted Sandpiper,Actitis macularius,6126,1,US-NH,Grafton,L7922375,Little Squam Lake (overall),43.7196644,-71.603472,2025-08-17,09:29 AM,eBird - Traveling Count,163,1,9.725,,1
S233615339,Spotted Sandpiper,Actitis macularius,6126,2,US-MD,Montgomery,L584300,C&O Canal--Edwards Ferry,39.1030006,-77.4737057,2025-05-05,06:00 PM,eBird - Traveling Count,42,1,1.493,,1
S230262565,Spotted Sandpiper,Actitis macularius,6126,1,US-MD,Montgomery,L22161519,Hughes Hollow - McKee Beshers WMA--sunflower area and eastern fields,39.076893,-77.3812916,2025-04-27,03:44 PM,eBird - Traveling Count,78,1,3.75,,3
S173113419,Solitary Sandpiper,Tringa solitaria,6129,4,US-MD,Washington,L4053312,Devil's Backbone County Park,39.538741,-77.7100086,2024-05-08,01:00 PM,eBird - Traveling Count,120,1,8.047,,2,,Several solitary sandpipers each about 100 m or more apart along the creek.
S225941637,Lesser Yellowlegs,Tringa flavipes,6145,1,US-FL,Charlotte,L618537,Amberjack Environmental Park--Lemon Lake,26.8725833,-82.3001289,2025-04-15,05:04 PM,eBird - Traveling Count,72,1,3.235,,1
S226075152,Lesser Yellowlegs,Tringa flavipes,6145,1,US-FL,Charlotte,L618537,Amberjack Environmental Park--Lemon Lake,26.8725833,-82.3001289,2025-04-16,08:52 AM,eBird - Traveling Count,100,1,1.018,,4
S226075158,Lesser Yellowlegs,Tringa flavipes,6145,1,US-FL,Charlotte,L618537,Amberjack Environmental Park--Lemon Lake,26.8725833,-82.3001289,2025-04-16,08:52 AM,eBird - Traveling Count,100,1,1.018,,4
S298432896,Lesser Yellowlegs,Tringa flavipes,6145,1,US-FL,Charlotte,L17495505,Links Lane,26.8642861,-82.2841545,2026-02-06,11:11 AM,eBird - Traveling Count,53,1,.15,,2
S195126034,Lesser Yellowlegs,Tringa flavipes,6145,1,US-UT,Davis,L190743,Antelope Island SP,41.0465405,-112.2383881,2024-09-14,09:32 AM,eBird - Traveling Count,359,0,80.129,,1
S274969283,Lesser Yellowlegs,Tringa flavipes,6145,23,US-MD,Montgomery,L230151,Blue Mash Nature Trail,39.1939588,-77.1060175,2025-09-22,06:06 PM,eBird - Traveling Count,57,1,2.145,,1,,Mixed in with a half dozen killdeer. There are so many yellow legs out at the back pond. I have a suspicion that people who are reporting stilt sandpipers are actually seeing yellow legs. This is a big cacophonous group.
S299140266,Willet,Tringa semipalmata,6147,2,US-FL,Charlotte,L618241,Cedar Point Environmental Park,26.9253511,-82.334868,2026-02-09,08:29 AM,eBird - Traveling Count,114,1,1.533,,2
S299224660,Willet,Tringa semipalmata,6147,1,US-FL,Charlotte,L17495505,Links Lane,26.8642861,-82.2841545,2026-02-09,03:08 PM,eBird - Traveling Count,127,1,.246,,2
S299162126,Willet,Tringa semipalmata,6147,4,US-FL,Charlotte,L855856,Stump Pass Beach SP,26.9022934,-82.346805,2026-02-09,11:14 AM,eBird - Traveling Count,37,1,.898,,2
S280864686,Willet,Tringa semipalmata,6147,1,US-CA,San Diego,L2411807,North El Portal Seawatch,33.0569177,-117.3016237,2025-10-22,02:56 PM,eBird - Traveling Count,100,1,9.982,,1
S226442082,Willet,Tringa semipalmata,6147,3,US-FL,Sarasota,L444742,Blind Pass Beach Park,26.9634069,-82.3849297,2025-04-17,04:34 PM,eBird - Traveling Count,21,1,.156,,1
S226075158,Greater Yellowlegs,Tringa melanoleuca,6154,0,US-FL,Charlotte,L618537,Amberjack Environmental Park--Lemon Lake,26.8725833,-82.3001289,2025-04-16,08:52 AM,eBird - Traveling Count,100,1,1.018,,4
S299019880,Greater Yellowlegs,Tringa melanoleuca,6154,3,US-FL,Charlotte,L618537,Amberjack Environmental Park--Lemon Lake,26.8725833,-82.3001289,2026-02-08,05:00 PM,eBird - Traveling Count,34,1,.332,,2
S299140266,Greater Yellowlegs,Tringa melanoleuca,6154,1,US-FL,Charlotte,L618241,Cedar Point Environmental Park,26.9253511,-82.334868,2026-02-09,08:29 AM,eBird - Traveling Count,114,1,1.533,,2
S298432896,Greater Yellowlegs,Tringa melanoleuca,6154,2,US-FL,Charlotte,L17495505,Links Lane,26.8642861,-82.2841545,2026-02-06,11:11 AM,eBird - Traveling Count,53,1,.15,,2
S299224660,Greater Yellowlegs,Tringa melanoleuca,6154,2,US-FL,Charlotte,L17495505,Links Lane,26.8642861,-82.2841545,2026-02-09,03:08 PM,eBird - Traveling Count,127,1,.246,,2
S226336345,Greater Yellowlegs,Tringa melanoleuca,6154,1,US-FL,Charlotte,L617642,Ollie's Pond Park,26.9860616,-82.1496961,2025-04-17,09:25 AM,eBird - Traveling Count,86,1,2.382,,3
S298932326,Greater Yellowlegs,Tringa melanoleuca,6154,5,US-FL,Charlotte,L617642,Ollie's Pond Park,26.9860616,-82.1496961,2026-02-08,09:32 AM,eBird - Traveling Count,154,1,1.556,,2
S195126034,Greater Yellowlegs,Tringa melanoleuca,6154,X,US-UT,Davis,L190743,Antelope Island SP,41.0465405,-112.2383881,2024-09-14,09:32 AM,eBird - Traveling Count,359,0,80.129,,1
S280864686,Greater Yellowlegs,Tringa melanoleuca,6154,1,US-CA,San Diego,L2411807,North El Portal Seawatch,33.0569177,-117.3016237,2025-10-22,02:56 PM,eBird - Traveling Count,100,1,9.982,,1
S298474473,Ruddy Turnstone,Arenaria interpres,6161,3,US-FL,Charlotte,L2391257,Ann Dever Memorial Regional Park,26.9182434,-82.3157501,2026-02-06,03:27 PM,eBird - Traveling Count,73,1,1.287,,2
S299162126,Ruddy Turnstone,Arenaria interpres,6161,6,US-FL,Charlotte,L855856,Stump Pass Beach SP,26.9022934,-82.346805,2026-02-09,11:14 AM,eBird - Traveling Count,37,1,.898,,2
S226442082,Ruddy Turnstone,Arenaria interpres,6161,4,US-FL,Sarasota,L444742,Blind Pass Beach Park,26.9634069,-82.3849297,2025-04-17,04:34 PM,eBird - Traveling Count,21,1,.156,,1
S299162126,Sanderling,Calidris alba,6189,5,US-FL,Charlotte,L855856,Stump Pass Beach SP,26.9022934,-82.346805,2026-02-09,11:14 AM,eBird - Traveling Count,37,1,.898,,2
S299224660,Least Sandpiper,Calidris minutilla,6226,25,US-FL,Charlotte,L17495505,Links Lane,26.8642861,-82.2841545,2026-02-09,03:08 PM,eBird - Traveling Count,127,1,.246,,2,,"Estimate, murmuration over the water"
S176497993,shorebird sp.,Charadriiformes sp. (shorebird sp.),6356,X,US-CA,Los Angeles,L20710882,"Alamitos Beach, Long Beach, CA",33.7651613,-118.1788457,2007-03-10,,Historical,,0,,,4
S231014378,shorebird sp.,Charadriiformes sp. (shorebird sp.),6356,1,US-MD,Montgomery,L33913928,"Camden Retention Pond, Gaithersburg, Maryland, US (39.12, -77.206)",39.1197497,-77.2064087,2025-04-29,07:54 PM,eBird - Traveling Count,7,1,.082,,1,,"I'll have to come back in better light, but it looks like a sanderling. Could not get a positive ID."
S173166674,Atlantic Puffin,Fratercula arctica,6379,100,IS-8,,L31503669,"Vik, IS (63.414, -19.011)",63.4143057,-19.0106412,2023-06-24,07:04 AM,eBird - Casual Observation,,0,,,1,,They were nesting all along the cliffs by the ocean.
S298432896,Bonaparte's Gull,Chroicocephalus philadelphia,6462,1,US-FL,Charlotte,L17495505,Links Lane,26.8642861,-82.2841545,2026-02-06,11:11 AM,eBird - Traveling Count,53,1,.15,,2
S299224660,Bonaparte's Gull,Chroicocephalus philadelphia,6462,2,US-FL,Charlotte,L17495505,Links Lane,26.8642861,-82.2841545,2026-02-09,03:08 PM,eBird - Traveling Count,127,1,.246,,2
S299162126,Bonaparte's Gull,Chroicocephalus philadelphia,6462,2,US-FL,Charlotte,L855856,Stump Pass Beach SP,26.9022934,-82.346805,2026-02-09,11:14 AM,eBird - Traveling Count,37,1,.898,,2
S199451432,Black-headed Gull,Chroicocephalus ridibundus,6474,X,GB-ENG,East Sussex,L37440658,"Brighton Beach, England, GB (50.819, -0.133)",50.8191163,-.1328981,2015-06-25,10:14 AM,eBird - Casual Observation,,0,,,1
S274490277,Black-headed Gull,Chroicocephalus ridibundus,6474,2,CH-GE,,L4661466,Bois du Faisan,46.2779787,6.1518073,2025-09-16,06:57 PM,eBird - Traveling Count,247,1,18.277,,1
S273926912,Black-headed Gull,Chroicocephalus ridibundus,6474,30,CH-GE,,L926699,Jetée et Port des Pâquis,46.2102417,6.1546,2025-09-17,07:04 PM,eBird - Traveling Count,124,1,1.278,,1
S298474473,Laughing Gull,Leucophaeus atricilla,6490,1,US-FL,Charlotte,L2391257,Ann Dever Memorial Regional Park,26.9182434,-82.3157501,2026-02-06,03:27 PM,eBird - Traveling Count,73,1,1.287,,2
S299140266,Laughing Gull,Leucophaeus atricilla,6490,3,US-FL,Charlotte,L618241,Cedar Point Environmental Park,26.9253511,-82.334868,2026-02-09,08:29 AM,eBird - Traveling Count,114,1,1.533,,2
S299224660,Laughing Gull,Leucophaeus atricilla,6490,1,US-FL,Charlotte,L17495505,Links Lane,26.8642861,-82.2841545,2026-02-09,03:08 PM,eBird - Traveling Count,127,1,.246,,2
S299162126,Laughing Gull,Leucophaeus atricilla,6490,12,US-FL,Charlotte,L855856,Stump Pass Beach SP,26.9022934,-82.346805,2026-02-09,11:14 AM,eBird - Traveling Count,37,1,.898,,2
S225882649,Laughing Gull,Leucophaeus atricilla,6490,4,US-FL,Lee,L1084111,Gasparilla Island SP,26.7174771,-82.2609043,2025-04-15,11:20 AM,eBird - Traveling Count,126,1,10.992,,2
S226442082,Laughing Gull,Leucophaeus atricilla,6490,1,US-FL,Sarasota,L444742,Blind Pass Beach Park,26.9634069,-82.3849297,2025-04-17,04:34 PM,eBird - Traveling Count,21,1,.156,,1
S226419119,Laughing Gull,Leucophaeus atricilla,6490,1,US-FL,Sarasota,L625835,Lemon Bay Park,26.9727128,-82.3743725,2025-04-17,02:32 PM,eBird - Traveling Count,58,1,2.897,,1
S235898093,Laughing Gull,Leucophaeus atricilla,6490,X,US-DE,Sussex,L2390607,Cape Henlopen SP--Gordon's Pond Beach,38.7424051,-75.0801587,2025-05-10,05:41 PM,eBird - Traveling Count,56,1,.719,,2
S235749233,Laughing Gull,Leucophaeus atricilla,6490,X,US-DE,Sussex,L1265319,Cape Henlopen SP--The Point,38.8000272,-75.092376,2025-05-10,02:06 PM,eBird - Traveling Count,42,1,5.472,,1
S235862177,Laughing Gull,Leucophaeus atricilla,6490,X,US-DE,Sussex,L1760833,Rehoboth  Beach,38.7160411,-75.0768757,2025-05-10,04:41 PM,eBird - Traveling Count,58,1,4.168,,1
S195126034,Franklin's Gull,Leucophaeus pipixcan,6494,X,US-UT,Davis,L190743,Antelope Island SP,41.0465405,-112.2383881,2024-09-14,09:32 AM,eBird - Traveling Count,359,0,80.129,,1
S190802974,Heermann's Gull,Larus heermanni,6512,X,US-OR,Clatsop,L35617970,"268 Beaver Street, Cannon Beach, Oregon, US (45.902, -123.958)",45.9019701,-123.9581253,2024-08-06,01:53 PM,eBird - Casual Observation,,0,,,1
S184336708,Heermann's Gull,Larus heermanni,6512,7,US-CA,Orange,L7641410,Newport Beach toward Long Beach CA fishing trip,33.6469928,-118.0092144,2011-12-10,,Historical,,0,,,4
S313599446,Common Gull,Larus canus,6513,2,DE-BE,Berlin (Kreisfreie Stadt),L24881624,Köllnischer Park,52.5128862,13.4144725,2026-03-27,02:18 PM,eBird - Traveling Count,59,1,2.978,,1
S312735829,Common Gull,Larus canus,6513,5,DE-BE,Berlin (Kreisfreie Stadt),L13796487,Museumsinsel--Lustgarten,52.5187318,13.3995658,2026-03-24,03:36 PM,eBird - Traveling Count,119,1,.929,,1
S312996571,Common Gull,Larus canus,6513,5,DE-BE,Berlin (Kreisfreie Stadt),L13796487,Museumsinsel--Lustgarten,52.5187318,13.3995658,2026-03-25,03:55 PM,eBird - Traveling Count,25,1,1.545,,1
S312439613,Common Gull,Larus canus,6513,1,DE-BE,Berlin (Kreisfreie Stadt),L1478491,Viktoriapark,52.4880789,13.3815891,2026-03-23,04:10 PM,eBird - Traveling Count,38,1,8.571,,1
S290856377,Ring-billed Gull,Larus delawarensis,6521,5,US-MD,Anne Arundel,L3577788,Chesapeake Bay Bridge--west end,38.999689,-76.3983936,2025-12-28,03:13 PM,eBird - Traveling Count,6,1,7.318,,1
S300536527,Ring-billed Gull,Larus delawarensis,6521,X,US-MD,Baltimore,L449294,Fort McHenry NM,39.2625631,-76.5791702,2026-02-14,12:02 PM,eBird - Traveling Count,84,1,1.31,,2
S309588450,Ring-billed Gull,Larus delawarensis,6521,26,US-DC,District of Columbia,L585694,Kingman Island South - Kingman Lake/Heritage Island,38.893872,-76.965301,2026-03-15,02:12 PM,eBird - Traveling Count,97,1,1.668,,1
S217090868,Ring-billed Gull,Larus delawarensis,6521,2,US-DC,District of Columbia,L40002483,Lincoln Memorial,38.8892792,-77.0501876,2025-03-07,12:55 PM,eBird - Traveling Count,206,1,3.058,,1
S173683759,Ring-billed Gull,Larus delawarensis,6521,4,US-DC,District of Columbia,L5658941,TJM a District of Columbia,38.8818381,-77.0346951,2017-04-05,10:30 AM,eBird - Traveling Count,60,1,1.609,,3,,,With Paul Charron And Chris Marcum
S294986972,Ring-billed Gull,Larus delawarensis,6521,1,US-VA,Fairfax,L718485,Great Falls Park,38.9937,-77.2553,2026-01-18,12:14 PM,eBird - Traveling Count,51,1,.724,,1
S267871655,Ring-billed Gull,Larus delawarensis,6521,2,US-NH,Grafton,L7922375,Little Squam Lake (overall),43.7196644,-71.603472,2025-08-17,09:29 AM,eBird - Traveling Count,163,1,9.725,,1
S216306884,Ring-billed Gull,Larus delawarensis,6521,X,US-MD,Montgomery,L34819685,Brighton Dam Azalea Garden,39.1917702,-77.0070275,2025-03-02,01:06 PM,eBird - Traveling Count,66,0,5.263,,1,,There are dozens of them.
S305134693,Ring-billed Gull,Larus delawarensis,6521,30,US-MD,Montgomery,L584300,C&O Canal--Edwards Ferry,39.1030006,-77.4737057,2026-03-01,04:03 PM,eBird - Traveling Count,7,1,.224,,1,,,This app is messed up. We were here for 40 minutes. It's saying 7:00.
S217581672,Ring-billed Gull,Larus delawarensis,6521,X,US-MD,Montgomery,L192824,C&O Canal--Violette's Lock,39.066803,-77.32951,2025-03-09,05:06 PM,eBird - Traveling Count,77,1,.493,,1,,Nearly a hundred of them here
S214123451,Ring-billed Gull,Larus delawarensis,6521,34,US-MD,Montgomery,L282688,C&O Canal--White's Ferry,39.155215,-77.517221,2025-02-17,02:55 PM,eBird - Traveling Count,9,1,.966,,1,,Very large block floating in the Potomac River.
S305086064,Ring-billed Gull,Larus delawarensis,6521,4,US-MD,Montgomery,L282688,C&O Canal--White's Ferry,39.155215,-77.517221,2026-03-01,01:46 PM,eBird - Traveling Count,25,1,.46,,1
S291915273,Ring-billed Gull,Larus delawarensis,6521,4,US-MD,Montgomery,L11140089,"Rio Park, Gaithersburg",39.1168491,-77.1972698,2026-01-02,01:10 PM,eBird - Traveling Count,9,1,.207,,2
S290835044,Ring-billed Gull,Larus delawarensis,6521,3,US-MD,Queen Anne's,L498536,Romancoke,38.8802763,-76.3341236,2025-12-28,01:30 PM,eBird - Traveling Count,19,1,.12,,1,,,Came for the Harlequin duck and was delighted for the bonus of a horned grebe and an Iceland Gull..
S180824684,Ring-billed Gull,Larus delawarensis,6521,4,US-MA,Suffolk,L33185579,"91 Harborside Drive, Boston, Massachusetts, US (42.359, -71.029)",42.359204,-71.0287974,2024-06-11,12:43 PM,eBird - Traveling Count,35,1,2.351,,1
S190802974,Western Gull,Larus occidentalis,6528,X,US-OR,Clatsop,L35617970,"268 Beaver Street, Cannon Beach, Oregon, US (45.902, -123.958)",45.9019701,-123.9581253,2024-08-06,01:53 PM,eBird - Casual Observation,,0,,,1
S176497993,Western Gull,Larus occidentalis,6528,X,US-CA,Los Angeles,L20710882,"Alamitos Beach, Long Beach, CA",33.7651613,-118.1788457,2007-03-10,,Historical,,0,,,4
S280864686,Western Gull,Larus occidentalis,6528,21,US-CA,San Diego,L2411807,North El Portal Seawatch,33.0569177,-117.3016237,2025-10-22,02:56 PM,eBird - Traveling Count,100,1,9.982,,1
S310828651,Western Gull,Larus occidentalis,6528,4,US-CA,San Francisco,L34358467,"Exploratorium, Pier 15, Embarcadero",37.802295,-122.396678,2026-03-19,06:55 PM,eBird - Traveling Count,47,1,.404,,1
S302220684,American Herring Gull,Larus smithsonianus,6539,4,US-MD,Baltimore,L58847450,"830 East Pratt Street, Baltimore, Maryland, US (39.287, -76.604)",39.2874831,-76.6039973,2026-02-19,11:37 AM,eBird - Stationary Count,16,1,,,1
S300536527,American Herring Gull,Larus smithsonianus,6539,X,US-MD,Baltimore,L449294,Fort McHenry NM,39.2625631,-76.5791702,2026-02-14,12:02 PM,eBird - Traveling Count,84,1,1.31,,2
S277297961,American Herring Gull,Larus smithsonianus,6539,2,US-MD,Calvert,L285147,Calvert Cliffs State Park,38.3966118,-76.423091,2025-10-04,04:09 PM,eBird - Traveling Count,166,1,3.191,,1
S299162126,American Herring Gull,Larus smithsonianus,6539,1,US-FL,Charlotte,L855856,Stump Pass Beach SP,26.9022934,-82.346805,2026-02-09,11:14 AM,eBird - Traveling Count,37,1,.898,,2
S309588450,American Herring Gull,Larus smithsonianus,6539,1,US-DC,District of Columbia,L585694,Kingman Island South - Kingman Lake/Heritage Island,38.893872,-76.965301,2026-03-15,02:12 PM,eBird - Traveling Count,97,1,1.668,,1
S199502389,American Herring Gull,Larus smithsonianus,6539,1,US-DC,District of Columbia,L477896,LBJ Memorial Grove - Columbia Island Marina,38.8783386,-77.0510674,2024-10-19,01:47 PM,eBird - Traveling Count,81,1,1.738,,1
S217090868,American Herring Gull,Larus smithsonianus,6539,3,US-DC,District of Columbia,L40002483,Lincoln Memorial,38.8892792,-77.0501876,2025-03-07,12:55 PM,eBird - Traveling Count,206,1,3.058,,1
S221466591,American Herring Gull,Larus smithsonianus,6539,13,US-NY,New York,L1007196,Battery Park City--Nelson A. Rockefeller Jr Park,40.7172332,-74.0166778,2025-03-29,06:49 AM,eBird - Traveling Count,37,0,1.99,,1
S221320287,American Herring Gull,Larus smithsonianus,6539,9,US-NY,New York,L3044567,"Hudson River Park--Pier 55 (Little Island, W 12th-14th St.)",40.7420139,-74.0106444,2025-03-28,11:55 AM,eBird - Traveling Count,38,1,.95,,1
S290845555,American Herring Gull,Larus smithsonianus,6539,1,US-MD,Queen Anne's,L5194688,Kent Point Marina,38.8382982,-76.3732617,2025-12-28,02:14 PM,eBird - Traveling Count,17,1,4.058,,1
S290835044,American Herring Gull,Larus smithsonianus,6539,4,US-MD,Queen Anne's,L498536,Romancoke,38.8802763,-76.3341236,2025-12-28,01:30 PM,eBird - Traveling Count,19,1,.12,,1,,,Came for the Harlequin duck and was delighted for the bonus of a horned grebe and an Iceland Gull..
S180824684,American Herring Gull,Larus smithsonianus,6539,2,US-MA,Suffolk,L33185579,"91 Harborside Drive, Boston, Massachusetts, US (42.359, -71.029)",42.359204,-71.0287974,2024-06-11,12:43 PM,eBird - Traveling Count,35,1,2.351,,1
S235749233,American Herring Gull,Larus smithsonianus,6539,X,US-DE,Sussex,L1265319,Cape Henlopen SP--The Point,38.8000272,-75.092376,2025-05-10,02:06 PM,eBird - Traveling Count,42,1,5.472,,1
S199451432,European Herring Gull,Larus argentatus,6545,X,GB-ENG,East Sussex,L37440658,"Brighton Beach, England, GB (50.819, -0.133)",50.8191163,-.1328981,2015-06-25,10:14 AM,eBird - Casual Observation,,0,,,1
S199452331,Yellow-legged Gull,Larus michahellis,6552,X,IT-72,,L37440837,"Au Naturale, Capri, Campania, IT (40.546, 14.242)",40.5464255,14.2421554,2011-06-27,10:20 AM,eBird - Casual Observation,,0,,,1
S274490277,Yellow-legged Gull,Larus michahellis,6552,6,CH-GE,,L4661466,Bois du Faisan,46.2779787,6.1518073,2025-09-16,06:57 PM,eBird - Traveling Count,247,1,18.277,,1
S273926912,Yellow-legged Gull,Larus michahellis,6552,2,CH-GE,,L926699,Jetée et Port des Pâquis,46.2102417,6.1546,2025-09-17,07:04 PM,eBird - Traveling Count,124,1,1.278,,1
S221320287,Great Black-backed Gull,Larus marinus,6562,2,US-NY,New York,L3044567,"Hudson River Park--Pier 55 (Little Island, W 12th-14th St.)",40.7420139,-74.0106444,2025-03-28,11:55 AM,eBird - Traveling Count,38,1,.95,,1
S180824684,Great Black-backed Gull,Larus marinus,6562,1,US-MA,Suffolk,L33185579,"91 Harborside Drive, Boston, Massachusetts, US (42.359, -71.029)",42.359204,-71.0287974,2024-06-11,12:43 PM,eBird - Traveling Count,35,1,2.351,,1
S190802974,California Gull,Larus californicus,6591,X,US-OR,Clatsop,L35617970,"268 Beaver Street, Cannon Beach, Oregon, US (45.902, -123.958)",45.9019701,-123.9581253,2024-08-06,01:53 PM,eBird - Casual Observation,,0,,,1
S190756985,California Gull,Larus californicus,6591,X,US-OR,Clatsop,L2977912,Seaside (town),45.9930925,-123.9230647,2024-08-05,10:58 PM,eBird - Stationary Count,90,0,,,1
S195126034,California Gull,Larus californicus,6591,100,US-UT,Davis,L190743,Antelope Island SP,41.0465405,-112.2383881,2024-09-14,09:32 AM,eBird - Traveling Count,359,0,80.129,,1,,At least 100 gull in with the stilts
S310828651,California Gull,Larus californicus,6591,2,US-CA,San Francisco,L34358467,"Exploratorium, Pier 15, Embarcadero",37.802295,-122.396678,2026-03-19,06:55 PM,eBird - Traveling Count,47,1,.404,,1
S310828651,Glaucous-winged Gull,Larus glaucescens,6596,1,US-CA,San Francisco,L34358467,"Exploratorium, Pier 15, Embarcadero",37.802295,-122.396678,2026-03-19,06:55 PM,eBird - Traveling Count,47,1,.404,,1
S290835044,Iceland Gull,Larus glaucoides,6606,1,US-MD,Queen Anne's,L498536,Romancoke,38.8802763,-76.3341236,2025-12-28,01:30 PM,eBird - Traveling Count,19,1,.12,,1,,Continuing. Fly-over.,Came for the Harlequin duck and was delighted for the bonus of a horned grebe and an Iceland Gull..
S173166674,Iceland Gull,Larus glaucoides,6606,1,IS-8,,L31503669,"Vik, IS (63.414, -19.011)",63.4143057,-19.0106412,2023-06-24,07:04 AM,eBird - Casual Observation,,0,,,1
S298718546,gull sp.,Larinae sp.,6619,2,US-FL,Charlotte,L618241,Cedar Point Environmental Park,26.9253511,-82.334868,2026-02-07,03:32 PM,eBird - Traveling Count,86,1,1.719,,1
S298997775,gull sp.,Larinae sp.,6619,17,US-FL,Charlotte,L11416412,Chadwick Park,26.9234331,-82.3579264,2026-02-08,03:52 PM,eBird - Traveling Count,7,1,.107,,2
S298432896,gull sp.,Larinae sp.,6619,2,US-FL,Charlotte,L17495505,Links Lane,26.8642861,-82.2841545,2026-02-06,11:11 AM,eBird - Traveling Count,53,1,.15,,2
S173683759,gull sp.,Larinae sp.,6619,8,US-DC,District of Columbia,L5658941,TJM a District of Columbia,38.8818381,-77.0346951,2017-04-05,10:30 AM,eBird - Traveling Count,60,1,1.609,,3,,,With Paul Charron And Chris Marcum
S310405370,gull sp.,Larinae sp.,6619,1,US-CA,San Francisco,L60484350,"Internet Archive, San Francisco, California, US (37.782, -122.472)",37.782363,-122.4717618,2026-03-18,11:16 AM,eBird - Traveling Count,110,1,1.828,,1
S180824684,gull sp.,Larinae sp.,6619,6,US-MA,Suffolk,L33185579,"91 Harborside Drive, Boston, Massachusetts, US (42.359, -71.029)",42.359204,-71.0287974,2024-06-11,12:43 PM,eBird - Traveling Count,35,1,2.351,,1
S181474802,gull sp.,Larinae sp.,6619,X,US-MA,Suffolk,L515554,Charles River Esplanade,42.3553409,-71.0790968,2024-06-14,04:19 PM,eBird - Traveling Count,45,1,.674,,1
S299224660,Black Skimmer,Rynchops niger,6622,3,US-FL,Charlotte,L17495505,Links Lane,26.8642861,-82.2841545,2026-02-09,03:08 PM,eBird - Traveling Count,127,1,.246,,2
S225882649,Least Tern,Sternula antillarum,6699,3,US-FL,Lee,L1084111,Gasparilla Island SP,26.7174771,-82.2609043,2025-04-15,11:20 AM,eBird - Traveling Count,126,1,10.992,,2
S235749233,Least Tern,Sternula antillarum,6699,X,US-DE,Sussex,L1265319,Cape Henlopen SP--The Point,38.8000272,-75.092376,2025-05-10,02:06 PM,eBird - Traveling Count,42,1,5.472,,1
S235862177,Least Tern,Sternula antillarum,6699,2,US-DE,Sussex,L1760833,Rehoboth  Beach,38.7160411,-75.0768757,2025-05-10,04:41 PM,eBird - Traveling Count,58,1,4.168,,1
S298432896,Caspian Tern,Hydroprogne caspia,6718,3,US-FL,Charlotte,L17495505,Links Lane,26.8642861,-82.2841545,2026-02-06,11:11 AM,eBird - Traveling Count,53,1,.15,,2
S298300486,Caspian Tern,Hydroprogne caspia,6718,1,US-FL,Charlotte,L8957295,Rotunda Meadows Prairie,26.8573451,-82.2223281,2026-02-05,04:12 PM,eBird - Traveling Count,93,1,12.54,,2
S173166674,Arctic Tern,Sterna paradisaea,6733,100,IS-8,,L31503669,"Vik, IS (63.414, -19.011)",63.4143057,-19.0106412,2023-06-24,07:04 AM,eBird - Casual Observation,,0,,,1,,All were nesting in the cliffs across from the beach.
S226442082,Sandwich Tern,Thalasseus sandvicensis,6775,1,US-FL,Sarasota,L444742,Blind Pass Beach Park,26.9634069,-82.3849297,2025-04-17,04:34 PM,eBird - Traveling Count,21,1,.156,,1
S192498772,Elegant Tern,Thalasseus elegans,6780,2,US-CA,Orange,L1165694,Bolsa Chica--walkbridge/inner bay,33.6965128,-118.0451372,2011-06-03,,Historical,,0,,,4
S225882649,Royal Tern,Thalasseus maximus,6789,X,US-FL,Lee,L1084111,Gasparilla Island SP,26.7174771,-82.2609043,2025-04-15,11:20 AM,eBird - Traveling Count,126,1,10.992,,2,,A bunch on a pier with the pelicans .
S299224660,tern sp.,Sterninae sp.,6803,1,US-FL,Charlotte,L17495505,Links Lane,26.8642861,-82.2841545,2026-02-09,03:08 PM,eBird - Traveling Count,127,1,.246,,2
S298300486,tern sp.,Sterninae sp.,6803,3,US-FL,Charlotte,L8957295,Rotunda Meadows Prairie,26.8573451,-82.2223281,2026-02-05,04:12 PM,eBird - Traveling Count,93,1,12.54,,2
S273926912,Little Grebe,Tachybaptus ruficollis,6827,2,CH-GE,,L926699,Jetée et Port des Pâquis,46.2102417,6.1546,2025-09-17,07:04 PM,eBird - Traveling Count,124,1,1.278,,1
S298432896,Pied-billed Grebe,Podilymbus podiceps,6855,5,US-FL,Charlotte,L17495505,Links Lane,26.8642861,-82.2841545,2026-02-06,11:11 AM,eBird - Traveling Count,53,1,.15,,2
S299224660,Pied-billed Grebe,Podilymbus podiceps,6855,11,US-FL,Charlotte,L17495505,Links Lane,26.8642861,-82.2841545,2026-02-09,03:08 PM,eBird - Traveling Count,127,1,.246,,2
S298932326,Pied-billed Grebe,Podilymbus podiceps,6855,2,US-FL,Charlotte,L617642,Ollie's Pond Park,26.9860616,-82.1496961,2026-02-08,09:32 AM,eBird - Traveling Count,154,1,1.556,,2
S298942097,Pied-billed Grebe,Podilymbus podiceps,6855,1,US-FL,Charlotte,L14189493,Praise Tabernacle Church Pond,26.9752209,-82.1445278,2026-02-08,12:21 PM,eBird - Stationary Count,21,1,,,2
S195126034,Pied-billed Grebe,Podilymbus podiceps,6855,1,US-UT,Davis,L190743,Antelope Island SP,41.0465405,-112.2383881,2024-09-14,09:32 AM,eBird - Traveling Count,359,0,80.129,,1
S218916728,Pied-billed Grebe,Podilymbus podiceps,6855,2,US-MD,Montgomery,L459907,"Black Hill RP--Little Seneca Lake, Rte.121",39.189427,-77.309455,2025-03-16,01:31 PM,eBird - Traveling Count,39,1,15.224,,1
S227622469,Pied-billed Grebe,Podilymbus podiceps,6855,1,US-MD,Montgomery,L126620,Hughes Hollow - McKee Beshers WMA,39.0803767,-77.4035096,2025-04-20,05:15 PM,eBird - Traveling Count,87,1,2.301,,1
S312069147,Pied-billed Grebe,Podilymbus podiceps,6855,2,US-MD,Montgomery,L126620,Hughes Hollow - McKee Beshers WMA,39.0803767,-77.4035096,2026-03-22,12:35 PM,eBird - Traveling Count,36,1,.657,,2
S314489044,Pied-billed Grebe,Podilymbus podiceps,6855,1,US-MD,Montgomery,L126620,Hughes Hollow - McKee Beshers WMA,39.0803767,-77.4035096,2026-03-29,02:54 PM,eBird - Traveling Count,36,1,2.047,,2
S315703473,Pied-billed Grebe,Podilymbus podiceps,6855,3,US-MD,Montgomery,L126620,Hughes Hollow - McKee Beshers WMA,39.0803767,-77.4035096,2026-04-01,05:00 PM,eBird - Traveling Count,58,1,.544,,1,,,This was an absolutely stunning evening. Lots of birds. Couple of unexpected visitors like the blue winged teal and a nice show from the red-headed woodpeckers.
S216306884,Horned Grebe,Podiceps auritus,6866,2,US-MD,Montgomery,L34819685,Brighton Dam Azalea Garden,39.1917702,-77.0070275,2025-03-02,01:06 PM,eBird - Traveling Count,66,0,5.263,,1
S290835044,Horned Grebe,Podiceps auritus,6866,1,US-MD,Queen Anne's,L498536,Romancoke,38.8802763,-76.3341236,2025-12-28,01:30 PM,eBird - Traveling Count,19,1,.12,,1,,,Came for the Harlequin duck and was delighted for the bonus of a horned grebe and an Iceland Gull..
S173167431,Great Crested Grebe,Podiceps cristatus,6872,4,CH-GE,,L31503812,"17 Quai Gustave-Ador, Genève, Genève, CH (46.207, 6.156)",46.2072199,6.155723,2023-07-13,07:13 AM,eBird - Traveling Count,120,1,3.219,,1
S273926912,Great Crested Grebe,Podiceps cristatus,6872,5,CH-GE,,L926699,Jetée et Port des Pâquis,46.2102417,6.1546,2025-09-17,07:04 PM,eBird - Traveling Count,124,1,1.278,,1
S273926912,Eared Grebe,Podiceps nigricollis,6876,2,CH-GE,,L926699,Jetée et Port des Pâquis,46.2102417,6.1546,2025-09-17,07:04 PM,eBird - Traveling Count,124,1,1.278,,1
S184336708,Western Grebe,Aechmophorus occidentalis,6888,2,US-CA,Orange,L7641410,Newport Beach toward Long Beach CA fishing trip,33.6469928,-118.0092144,2011-12-10,,Historical,,0,,,4
S225780448,Western Grebe,Aechmophorus occidentalis,6888,1,US-CA,Orange,L982904,Upper Newport Bay--Eastbluff Dr.,33.6469213,-117.8680873,2005-09-10,09:00 AM,Historical,120,0,3.219,,,,"Many, in the bay","First time at back bay, incomplete notes from journal and a few photos"
S184336708,Clark's Grebe,Aechmophorus clarkii,6891,1,US-CA,Orange,L7641410,Newport Beach toward Long Beach CA fishing trip,33.6469928,-118.0092144,2011-12-10,,Historical,,0,,,4
S296035915,Red-throated Loon,Gavia stellata,6927,1,US-MD,Montgomery,L459907,"Black Hill RP--Little Seneca Lake, Rte.121",39.189427,-77.309455,2026-01-24,01:48 PM,eBird - Traveling Count,33,1,.26,,6,,Continuing. Distinct Rusty throat. Easily distinguished from the common merganzers it was swimming with.
S235749233,Red-throated Loon,Gavia stellata,6927,1,US-DE,Sussex,L1265319,Cape Henlopen SP--The Point,38.8000272,-75.092376,2025-05-10,02:06 PM,eBird - Traveling Count,42,1,5.472,,1
S190802974,Pacific Loon,Gavia pacifica,6931,4,US-OR,Clatsop,L35617970,"268 Beaver Street, Cannon Beach, Oregon, US (45.902, -123.958)",45.9019701,-123.9581253,2024-08-06,01:53 PM,eBird - Casual Observation,,0,,,1
S184336708,Pacific Loon,Gavia pacifica,6931,1,US-CA,Orange,L7641410,Newport Beach toward Long Beach CA fishing trip,33.6469928,-118.0092144,2011-12-10,,Historical,,0,,,4
S268581224,Common Loon,Gavia immer,6933,1,US-NH,Coos,L12575127,"Umbagog Lake SP Campground, Errol",44.704008,-71.051226,2025-08-19,10:19 AM,eBird - Stationary Count,20,1,,,1
S268111225,Common Loon,Gavia immer,6933,2,US-NH,Coos,L1209933,"Umbagog NWR--Magalloway River Trail, Wentworths Location",44.8424719,-71.0572958,2025-08-18,02:08 PM,eBird - Traveling Count,70,1,1.903,,1
S180824684,Common Loon,Gavia immer,6933,1,US-MA,Suffolk,L33185579,"91 Harborside Drive, Boston, Massachusetts, US (42.359, -71.029)",42.359204,-71.0287974,2024-06-11,12:43 PM,eBird - Traveling Count,35,1,2.351,,1
S180214827,Hawaiian Petrel,Pterodroma sandwichensis,7138,X,US-HI,Kauai,L33043265,"3500 Kilauea Road, Kilauea, Hawaii, US (22.232, -159.402)",22.2317619,-159.4019182,2024-06-08,04:24 PM,eBird - Casual Observation,,0,,,2
S298474473,Wood Stork,Mycteria americana,7306,12,US-FL,Charlotte,L2391257,Ann Dever Memorial Regional Park,26.9182434,-82.3157501,2026-02-06,03:27 PM,eBird - Traveling Count,73,1,1.287,,2
S298432896,Wood Stork,Mycteria americana,7306,2,US-FL,Charlotte,L17495505,Links Lane,26.8642861,-82.2841545,2026-02-06,11:11 AM,eBird - Traveling Count,53,1,.15,,2
S298932326,Wood Stork,Mycteria americana,7306,2,US-FL,Charlotte,L617642,Ollie's Pond Park,26.9860616,-82.1496961,2026-02-08,09:32 AM,eBird - Traveling Count,154,1,1.556,,2
S298942097,Wood Stork,Mycteria americana,7306,2,US-FL,Charlotte,L14189493,Praise Tabernacle Church Pond,26.9752209,-82.1445278,2026-02-08,12:21 PM,eBird - Stationary Count,21,1,,,2
S298300486,Wood Stork,Mycteria americana,7306,1,US-FL,Charlotte,L8957295,Rotunda Meadows Prairie,26.8573451,-82.2223281,2026-02-05,04:12 PM,eBird - Traveling Count,93,1,12.54,,2
S176388677,Wood Stork,Mycteria americana,7306,2,US-FL,Sarasota,L18609510,Deep Hole--Myakka SP Wilderness Trail,27.215375,-82.3381957,2021-02-17,,Historical,,0,,,2,,,,619447655
S226134137,Magnificent Frigatebird,Fregata magnificens,7315,1,US-FL,Charlotte,L2393516,Anger Fishing Pier,26.9352907,-82.3517936,2025-04-16,02:24 PM,eBird - Casual Observation,,0,,,1
S226442082,Magnificent Frigatebird,Fregata magnificens,7315,2,US-FL,Sarasota,L444742,Blind Pass Beach Park,26.9634069,-82.3849297,2025-04-17,04:34 PM,eBird - Traveling Count,21,1,.156,,1
S192410212,Great Frigatebird,Fregata minor,7323,X,US-HI,Kauai,L8027824,Kīlauea Point NWR--Overlook (always open),22.2277391,-159.4012624,2009-10-18,07:59 PM,eBird - Casual Observation,,0,,,2
S180214827,Brown Booby,Sula leucogaster,7342,X,US-HI,Kauai,L33043265,"3500 Kilauea Road, Kilauea, Hawaii, US (22.232, -159.402)",22.2317619,-159.4019182,2024-06-08,04:24 PM,eBird - Casual Observation,,0,,,2
S192410212,Brown Booby,Sula leucogaster,7342,X,US-HI,Kauai,L8027824,Kīlauea Point NWR--Overlook (always open),22.2277391,-159.4012624,2009-10-18,07:59 PM,eBird - Casual Observation,,0,,,2
S298432896,Anhinga,Anhinga anhinga,7367,1,US-FL,Charlotte,L17495505,Links Lane,26.8642861,-82.2841545,2026-02-06,11:11 AM,eBird - Traveling Count,53,1,.15,,2
S226336345,Anhinga,Anhinga anhinga,7367,4,US-FL,Charlotte,L617642,Ollie's Pond Park,26.9860616,-82.1496961,2025-04-17,09:25 AM,eBird - Traveling Count,86,1,2.382,,3
S298932326,Anhinga,Anhinga anhinga,7367,1,US-FL,Charlotte,L617642,Ollie's Pond Park,26.9860616,-82.1496961,2026-02-08,09:32 AM,eBird - Traveling Count,154,1,1.556,,2
S298436654,Anhinga,Anhinga anhinga,7367,1,US-FL,Charlotte,L58129349,"Ponds at Publix, Placida, Florida, US (26.854, -82.29)",26.8544176,-82.2895274,2026-02-06,01:06 PM,eBird - Traveling Count,9,1,.084,,2
S298300486,Anhinga,Anhinga anhinga,7367,1,US-FL,Charlotte,L8957295,Rotunda Meadows Prairie,26.8573451,-82.2223281,2026-02-05,04:12 PM,eBird - Traveling Count,93,1,12.54,,2
S299026588,Anhinga,Anhinga anhinga,7367,1,US-FL,Charlotte,L1345169,Wildflower Preserve,26.8814148,-82.3046701,2026-02-08,05:41 PM,eBird - Traveling Count,26,1,.727,,2
S176388677,Anhinga,Anhinga anhinga,7367,1,US-FL,Sarasota,L18609510,Deep Hole--Myakka SP Wilderness Trail,27.215375,-82.3381957,2021-02-17,,Historical,,0,,,2
S173679398,Anhinga,Anhinga anhinga,7367,12,US-FL,Sarasota,L607892,Venice Rookery,27.04598,-82.39989,2024-03-25,09:40 AM,eBird - Stationary Count,90,1,,,3,,,My kiddo got to participate in the nest egg count with the Audubon society for the purple martins.,618835966
S176497993,Brandt's Cormorant,Urile penicillatus,7389,12,US-CA,Los Angeles,L20710882,"Alamitos Beach, Long Beach, CA",33.7651613,-118.1788457,2007-03-10,,Historical,,0,,,4
S312996571,Great Cormorant,Phalacrocorax carbo,7397,1,DE-BE,Berlin (Kreisfreie Stadt),L13796487,Museumsinsel--Lustgarten,52.5187318,13.3995658,2026-03-25,03:55 PM,eBird - Traveling Count,25,1,1.545,,1,,Flying low over the spree.
S173167431,Great Cormorant,Phalacrocorax carbo,7397,X,CH-GE,,L31503812,"17 Quai Gustave-Ador, Genève, Genève, CH (46.207, 6.156)",46.2072199,6.155723,2023-07-13,07:13 AM,eBird - Traveling Count,120,1,3.219,,1
S250341411,Double-crested Cormorant,Nannopterum auritum,7424,3,US-MD,Baltimore,L126626,Fort Howard Park,39.199,-76.44,2025-06-14,03:50 PM,eBird - Traveling Count,51,1,1.658,,1
S300536527,Double-crested Cormorant,Nannopterum auritum,7424,3,US-MD,Baltimore,L449294,Fort McHenry NM,39.2625631,-76.5791702,2026-02-14,12:02 PM,eBird - Traveling Count,84,1,1.31,,2
S277297961,Double-crested Cormorant,Nannopterum auritum,7424,1,US-MD,Calvert,L285147,Calvert Cliffs State Park,38.3966118,-76.423091,2025-10-04,04:09 PM,eBird - Traveling Count,166,1,3.191,,1
S192288648,Double-crested Cormorant,Nannopterum auritum,7424,2,US-NH,Carroll,L2573426,"Story Land, Rt. 16, Glen",44.117161,-71.184298,2024-08-21,10:28 AM,eBird - Traveling Count,372,0,.791,,2,,,Storyland!
S226134137,Double-crested Cormorant,Nannopterum auritum,7424,2,US-FL,Charlotte,L2393516,Anger Fishing Pier,26.9352907,-82.3517936,2025-04-16,02:24 PM,eBird - Casual Observation,,0,,,1
S298474473,Double-crested Cormorant,Nannopterum auritum,7424,2,US-FL,Charlotte,L2391257,Ann Dever Memorial Regional Park,26.9182434,-82.3157501,2026-02-06,03:27 PM,eBird - Traveling Count,73,1,1.287,,2
S225653591,Double-crested Cormorant,Nannopterum auritum,7424,1,US-FL,Charlotte,L618241,Cedar Point Environmental Park,26.9253511,-82.334868,2025-04-14,02:41 PM,eBird - Traveling Count,95,1,4.216,,4
S299140266,Double-crested Cormorant,Nannopterum auritum,7424,4,US-FL,Charlotte,L618241,Cedar Point Environmental Park,26.9253511,-82.334868,2026-02-09,08:29 AM,eBird - Traveling Count,114,1,1.533,,2
S299026588,Double-crested Cormorant,Nannopterum auritum,7424,1,US-FL,Charlotte,L1345169,Wildflower Preserve,26.8814148,-82.3046701,2026-02-08,05:41 PM,eBird - Traveling Count,26,1,.727,,2
S192291989,Double-crested Cormorant,Nannopterum auritum,7424,1,US-NH,Coos,L35961900,"Gorham Hydro Dam picnic Area, Gorham, New Hampshire, US (44.409, -71.196)",44.408647,-71.1959234,2024-08-21,05:05 PM,eBird - Stationary Count,18,1,,,3
S192337362,Double-crested Cormorant,Nannopterum auritum,7424,3,US-NH,Coos,L5634375,Gull rock across from irvings in Berlin,44.4591017,-71.1863959,2024-08-21,05:33 PM,eBird - Casual Observation,,0,,,3
S192337221,Double-crested Cormorant,Nannopterum auritum,7424,1,US-NH,Coos,L758167,"Pontook Reservoir, Dummer",44.6364873,-71.2434597,2024-08-21,05:56 PM,eBird - Casual Observation,,0,,,3
S173683770,Double-crested Cormorant,Nannopterum auritum,7424,15,US-DC,District of Columbia,L490336,C&O Canal--Fletcher's Cove (Fletcher's Boathouse),38.9188853,-77.1022224,2017-04-05,01:25 PM,eBird - Traveling Count,75,1,2.414,,3,,,With Paul Charron and Chris Marcum
S309588450,Double-crested Cormorant,Nannopterum auritum,7424,1,US-DC,District of Columbia,L585694,Kingman Island South - Kingman Lake/Heritage Island,38.893872,-76.965301,2026-03-15,02:12 PM,eBird - Traveling Count,97,1,1.668,,1
S217090868,Double-crested Cormorant,Nannopterum auritum,7424,2,US-DC,District of Columbia,L40002483,Lincoln Memorial,38.8892792,-77.0501876,2025-03-07,12:55 PM,eBird - Traveling Count,206,1,3.058,,1
S220188015,Double-crested Cormorant,Nannopterum auritum,7424,6,US-VA,Fairfax,L718485,Great Falls Park,38.9937,-77.2553,2025-03-22,03:58 PM,eBird - Traveling Count,66,1,1.044,,3
S218916728,Double-crested Cormorant,Nannopterum auritum,7424,2,US-MD,Montgomery,L459907,"Black Hill RP--Little Seneca Lake, Rte.121",39.189427,-77.309455,2025-03-16,01:31 PM,eBird - Traveling Count,39,1,15.224,,1
S233083528,Double-crested Cormorant,Nannopterum auritum,7424,2,US-MD,Montgomery,L196528,Black Hill Regional Park,39.192365,-77.295757,2025-05-04,12:18 PM,eBird - Traveling Count,64,1,3.541,,1
S249924330,Double-crested Cormorant,Nannopterum auritum,7424,1,US-MD,Montgomery,L360157,C&O Canal--Riley's Lock,39.0682467,-77.3431492,2025-06-12,07:45 PM,eBird - Traveling Count,61,1,.287,,1
S217581672,Double-crested Cormorant,Nannopterum auritum,7424,1,US-MD,Montgomery,L192824,C&O Canal--Violette's Lock,39.066803,-77.32951,2025-03-09,05:06 PM,eBird - Traveling Count,77,1,.493,,1
S243074956,Double-crested Cormorant,Nannopterum auritum,7424,2,US-MD,Montgomery,L192824,C&O Canal--Violette's Lock,39.066803,-77.32951,2025-05-26,11:56 AM,eBird - Traveling Count,55,1,.8,,2
S191063486,Double-crested Cormorant,Nannopterum auritum,7424,1,US-MD,Montgomery,L33913928,"Camden Retention Pond, Gaithersburg, Maryland, US (39.12, -77.206)",39.1197497,-77.2064087,2024-08-11,01:03 PM,eBird - Stationary Count,1,1,,,1
S197613650,Double-crested Cormorant,Nannopterum auritum,7424,1,US-MD,Montgomery,L33913928,"Camden Retention Pond, Gaithersburg, Maryland, US (39.12, -77.206)",39.1197497,-77.2064087,2024-10-05,11:16 AM,eBird - Casual Observation,,0,,,1
S248990243,Double-crested Cormorant,Nannopterum auritum,7424,1,US-MD,Montgomery,L3043543,Crabbs Branch Pond,39.122276,-77.1587741,2025-06-10,05:46 PM,eBird - Traveling Count,13,1,.29,,1
S245062525,Double-crested Cormorant,Nannopterum auritum,7424,2,US-MD,Montgomery,L224286,Lake Frank,39.1028755,-77.1198104,2025-05-31,11:53 AM,eBird - Traveling Count,38,1,.75,,1
S237084412,Double-crested Cormorant,Nannopterum auritum,7424,4,US-MD,Montgomery,L11140089,"Rio Park, Gaithersburg",39.1168491,-77.1972698,2025-05-12,06:07 PM,eBird - Traveling Count,12,1,.113,,1
S269564870,Double-crested Cormorant,Nannopterum auritum,7424,2,US-MD,Montgomery,L11140089,"Rio Park, Gaithersburg",39.1168491,-77.1972698,2025-08-25,06:56 PM,eBird - Traveling Count,56,1,.389,,1
S315714190,Double-crested Cormorant,Nannopterum auritum,7424,1,US-MD,Montgomery,L2055457,Sycamore Landing Rd. fields,39.0839717,-77.4146461,2026-04-01,06:15 PM,eBird - Traveling Count,26,1,11.681,,1
S248738652,Double-crested Cormorant,Nannopterum auritum,7424,1,US-MD,Prince George's,L305078,Patuxent Research Refuge--South Tract (National Wildlife Visitor Center),39.0270605,-76.7991731,2024-05-27,09:00 AM,Historical,60,0,3.219
S177579473,Double-crested Cormorant,Nannopterum auritum,7424,1,US-MD,Prince George's,L305078,Patuxent Research Refuge--South Tract (National Wildlife Visitor Center),39.0270605,-76.7991731,2024-05-27,09:22 AM,eBird - Traveling Count,131,0,8.433,,2
S173679398,Double-crested Cormorant,Nannopterum auritum,7424,2,US-FL,Sarasota,L607892,Venice Rookery,27.04598,-82.39989,2024-03-25,09:40 AM,eBird - Stationary Count,90,1,,,3,,,My kiddo got to participate in the nest egg count with the Audubon society for the purple martins.,618836466
S180824684,Double-crested Cormorant,Nannopterum auritum,7424,11,US-MA,Suffolk,L33185579,"91 Harborside Drive, Boston, Massachusetts, US (42.359, -71.029)",42.359204,-71.0287974,2024-06-11,12:43 PM,eBird - Traveling Count,35,1,2.351,,1
S235749233,Double-crested Cormorant,Nannopterum auritum,7424,X,US-DE,Sussex,L1265319,Cape Henlopen SP--The Point,38.8000272,-75.092376,2025-05-10,02:06 PM,eBird - Traveling Count,42,1,5.472,,1
S235862177,Double-crested Cormorant,Nannopterum auritum,7424,3,US-DE,Sussex,L1760833,Rehoboth  Beach,38.7160411,-75.0768757,2025-05-10,04:41 PM,eBird - Traveling Count,58,1,4.168,,1
S299140266,White Ibis,Eudocimus albus,7462,3,US-FL,Charlotte,L618241,Cedar Point Environmental Park,26.9253511,-82.334868,2026-02-09,08:29 AM,eBird - Traveling Count,114,1,1.533,,2
S225656554,White Ibis,Eudocimus albus,7462,6,US-FL,Charlotte,L42656865,"Downing Street, Englewood, Florida, US (26.898, -82.321)",26.8978819,-82.3212738,2025-04-14,04:23 PM,eBird - Traveling Count,5,1,.527,,1
S298432896,White Ibis,Eudocimus albus,7462,2,US-FL,Charlotte,L17495505,Links Lane,26.8642861,-82.2841545,2026-02-06,11:11 AM,eBird - Traveling Count,53,1,.15,,2
S299224660,White Ibis,Eudocimus albus,7462,6,US-FL,Charlotte,L17495505,Links Lane,26.8642861,-82.2841545,2026-02-09,03:08 PM,eBird - Traveling Count,127,1,.246,,2,,,,650609798
S298932326,White Ibis,Eudocimus albus,7462,4,US-FL,Charlotte,L617642,Ollie's Pond Park,26.9860616,-82.1496961,2026-02-08,09:32 AM,eBird - Traveling Count,154,1,1.556,,2
S298436654,White Ibis,Eudocimus albus,7462,47,US-FL,Charlotte,L58129349,"Ponds at Publix, Placida, Florida, US (26.854, -82.29)",26.8544176,-82.2895274,2026-02-06,01:06 PM,eBird - Traveling Count,9,1,.084,,2
S298942097,White Ibis,Eudocimus albus,7462,14,US-FL,Charlotte,L14189493,Praise Tabernacle Church Pond,26.9752209,-82.1445278,2026-02-08,12:21 PM,eBird - Stationary Count,21,1,,,2
S176388677,White Ibis,Eudocimus albus,7462,6,US-FL,Sarasota,L18609510,Deep Hole--Myakka SP Wilderness Trail,27.215375,-82.3381957,2021-02-17,,Historical,,0,,,2
S298474473,Glossy Ibis,Plegadis falcinellus,7467,1,US-FL,Charlotte,L2391257,Ann Dever Memorial Regional Park,26.9182434,-82.3157501,2026-02-06,03:27 PM,eBird - Traveling Count,73,1,1.287,,2
S226336345,Glossy Ibis,Plegadis falcinellus,7467,1,US-FL,Charlotte,L617642,Ollie's Pond Park,26.9860616,-82.1496961,2025-04-17,09:25 AM,eBird - Traveling Count,86,1,2.382,,3
S298932326,Glossy Ibis,Plegadis falcinellus,7467,20,US-FL,Charlotte,L617642,Ollie's Pond Park,26.9860616,-82.1496961,2026-02-08,09:32 AM,eBird - Traveling Count,154,1,1.556,,2
S176388677,Glossy Ibis,Plegadis falcinellus,7467,6,US-FL,Sarasota,L18609510,Deep Hole--Myakka SP Wilderness Trail,27.215375,-82.3381957,2021-02-17,,Historical,,0,,,2
S173679398,Glossy Ibis,Plegadis falcinellus,7467,4,US-FL,Sarasota,L607892,Venice Rookery,27.04598,-82.39989,2024-03-25,09:40 AM,eBird - Stationary Count,90,1,,,3,,,My kiddo got to participate in the nest egg count with the Audubon society for the purple martins.
S195126034,White-faced Ibis,Plegadis chihi,7468,X,US-UT,Davis,L190743,Antelope Island SP,41.0465405,-112.2383881,2024-09-14,09:32 AM,eBird - Traveling Count,359,0,80.129,,1
S225941637,Roseate Spoonbill,Platalea ajaja,7533,7,US-FL,Charlotte,L618537,Amberjack Environmental Park--Lemon Lake,26.8725833,-82.3001289,2025-04-15,05:04 PM,eBird - Traveling Count,72,1,3.235,,1
S226075152,Roseate Spoonbill,Platalea ajaja,7533,2,US-FL,Charlotte,L618537,Amberjack Environmental Park--Lemon Lake,26.8725833,-82.3001289,2025-04-16,08:52 AM,eBird - Traveling Count,100,1,1.018,,4
S226075158,Roseate Spoonbill,Platalea ajaja,7533,2,US-FL,Charlotte,L618537,Amberjack Environmental Park--Lemon Lake,26.8725833,-82.3001289,2025-04-16,08:52 AM,eBird - Traveling Count,100,1,1.018,,4
S299019880,Roseate Spoonbill,Platalea ajaja,7533,1,US-FL,Charlotte,L618537,Amberjack Environmental Park--Lemon Lake,26.8725833,-82.3001289,2026-02-08,05:00 PM,eBird - Traveling Count,34,1,.332,,2
S298474473,Roseate Spoonbill,Platalea ajaja,7533,1,US-FL,Charlotte,L2391257,Ann Dever Memorial Regional Park,26.9182434,-82.3157501,2026-02-06,03:27 PM,eBird - Traveling Count,73,1,1.287,,2
S298932326,Roseate Spoonbill,Platalea ajaja,7533,5,US-FL,Charlotte,L617642,Ollie's Pond Park,26.9860616,-82.1496961,2026-02-08,09:32 AM,eBird - Traveling Count,154,1,1.556,,2
S176388677,Roseate Spoonbill,Platalea ajaja,7533,20,US-FL,Sarasota,L18609510,Deep Hole--Myakka SP Wilderness Trail,27.215375,-82.3381957,2021-02-17,,Historical,,0,,,2,,,,619447492
S298932326,Least Bittern,Botaurus exilis,7565,2,US-FL,Charlotte,L617642,Ollie's Pond Park,26.9860616,-82.1496961,2026-02-08,09:32 AM,eBird - Traveling Count,154,1,1.556,,2,,,,650543516
S248712994,Least Bittern,Botaurus exilis,7565,2,US-MD,Montgomery,L126620,Hughes Hollow - McKee Beshers WMA,39.0803767,-77.4035096,2025-06-09,08:09 PM,eBird - Traveling Count,35,1,1.352,,1
S189294100,Yellow-crowned Night Heron,Nyctanassa violacea,7591,1,US-DC,District of Columbia,L247770,Kenilworth Park and Aquatic Gardens,38.9133204,-76.9443433,2024-07-28,12:32 PM,eBird - Traveling Count,71,1,2.366,,2,,,,625353405
S183770250,Yellow-crowned Night Heron,Nyctanassa violacea,7591,1,US-MD,Montgomery,L33913928,"Camden Retention Pond, Gaithersburg, Maryland, US (39.12, -77.206)",39.1197497,-77.2064087,2024-06-25,07:46 PM,eBird - Stationary Count,24,1,,,1
S183763373,Yellow-crowned Night Heron,Nyctanassa violacea,7591,1,US-MD,Montgomery,L31569197,"Malcolm King Park (39.121, -77.212)",39.1205865,-77.212024,2024-06-25,07:00 PM,eBird - Traveling Count,23,1,.837,,1
S298932326,Black-crowned Night Heron,Nycticorax nycticorax,7600,4,US-FL,Charlotte,L617642,Ollie's Pond Park,26.9860616,-82.1496961,2026-02-08,09:32 AM,eBird - Traveling Count,154,1,1.556,,2
S246372176,Black-crowned Night Heron,Nycticorax nycticorax,7600,1,US-DC,District of Columbia,L473521,Constitution Gardens and Reflecting Pool,38.8901142,-77.043364,2025-06-03,02:15 PM,eBird - Traveling Count,27,1,1.625,,1,,A single male and full breeding plumage trying to choke down what appeared to be a sunfish that was too big for it. Have photos.,,637011676
S184336717,Black-crowned Night Heron,Nycticorax nycticorax,7600,5,US-CA,Los Angeles,L7530990,Long Beach Convention Center California,33.764151,-118.1883135,2011-06-03,,Historical,,1,,,4
S183556228,Black-crowned Night Heron,Nycticorax nycticorax,7600,1,US-MD,Montgomery,L7383392,Bohrer Park,39.1329353,-77.1933532,2024-06-24,03:35 PM,eBird - Traveling Count,39,1,.174,,1
S249924330,Black-crowned Night Heron,Nycticorax nycticorax,7600,1,US-MD,Montgomery,L360157,C&O Canal--Riley's Lock,39.0682467,-77.3431492,2025-06-12,07:45 PM,eBird - Traveling Count,61,1,.287,,1
S248712994,Black-crowned Night Heron,Nycticorax nycticorax,7600,1,US-MD,Montgomery,L126620,Hughes Hollow - McKee Beshers WMA,39.0803767,-77.4035096,2025-06-09,08:09 PM,eBird - Traveling Count,35,1,1.352,,1
S226419119,Black-crowned Night Heron,Nycticorax nycticorax,7600,1,US-FL,Sarasota,L625835,Lemon Bay Park,26.9727128,-82.3743725,2025-04-17,02:32 PM,eBird - Traveling Count,58,1,2.897,,1
S173679398,Black-crowned Night Heron,Nycticorax nycticorax,7600,2,US-FL,Sarasota,L607892,Venice Rookery,27.04598,-82.39989,2024-03-25,09:40 AM,eBird - Stationary Count,90,1,,,3,,,My kiddo got to participate in the nest egg count with the Audubon society for the purple martins.
S225941637,Little Blue Heron,Egretta caerulea,7629,1,US-FL,Charlotte,L618537,Amberjack Environmental Park--Lemon Lake,26.8725833,-82.3001289,2025-04-15,05:04 PM,eBird - Traveling Count,72,1,3.235,,1
S226075152,Little Blue Heron,Egretta caerulea,7629,4,US-FL,Charlotte,L618537,Amberjack Environmental Park--Lemon Lake,26.8725833,-82.3001289,2025-04-16,08:52 AM,eBird - Traveling Count,100,1,1.018,,4
S226075158,Little Blue Heron,Egretta caerulea,7629,4,US-FL,Charlotte,L618537,Amberjack Environmental Park--Lemon Lake,26.8725833,-82.3001289,2025-04-16,08:52 AM,eBird - Traveling Count,100,1,1.018,,4
S298474473,Little Blue Heron,Egretta caerulea,7629,1,US-FL,Charlotte,L2391257,Ann Dever Memorial Regional Park,26.9182434,-82.3157501,2026-02-06,03:27 PM,eBird - Traveling Count,73,1,1.287,,2
S299140266,Little Blue Heron,Egretta caerulea,7629,2,US-FL,Charlotte,L618241,Cedar Point Environmental Park,26.9253511,-82.334868,2026-02-09,08:29 AM,eBird - Traveling Count,114,1,1.533,,2
S225656554,Little Blue Heron,Egretta caerulea,7629,7,US-FL,Charlotte,L42656865,"Downing Street, Englewood, Florida, US (26.898, -82.321)",26.8978819,-82.3212738,2025-04-14,04:23 PM,eBird - Traveling Count,5,1,.527,,1
S299177701,Little Blue Heron,Egretta caerulea,7629,1,US-FL,Charlotte,L42656865,"Downing Street, Englewood, Florida, US (26.898, -82.321)",26.8978819,-82.3212738,2026-02-09,12:58 PM,eBird - Stationary Count,10,1,,,2
S298432896,Little Blue Heron,Egretta caerulea,7629,3,US-FL,Charlotte,L17495505,Links Lane,26.8642861,-82.2841545,2026-02-06,11:11 AM,eBird - Traveling Count,53,1,.15,,2
S226336345,Little Blue Heron,Egretta caerulea,7629,1,US-FL,Charlotte,L617642,Ollie's Pond Park,26.9860616,-82.1496961,2025-04-17,09:25 AM,eBird - Traveling Count,86,1,2.382,,3
S298932326,Little Blue Heron,Egretta caerulea,7629,3,US-FL,Charlotte,L617642,Ollie's Pond Park,26.9860616,-82.1496961,2026-02-08,09:32 AM,eBird - Traveling Count,154,1,1.556,,2
S298436654,Little Blue Heron,Egretta caerulea,7629,3,US-FL,Charlotte,L58129349,"Ponds at Publix, Placida, Florida, US (26.854, -82.29)",26.8544176,-82.2895274,2026-02-06,01:06 PM,eBird - Traveling Count,9,1,.084,,2
S298942097,Little Blue Heron,Egretta caerulea,7629,2,US-FL,Charlotte,L14189493,Praise Tabernacle Church Pond,26.9752209,-82.1445278,2026-02-08,12:21 PM,eBird - Stationary Count,21,1,,,2
S299026588,Little Blue Heron,Egretta caerulea,7629,1,US-FL,Charlotte,L1345169,Wildflower Preserve,26.8814148,-82.3046701,2026-02-08,05:41 PM,eBird - Traveling Count,26,1,.727,,2
S173679398,Little Blue Heron,Egretta caerulea,7629,1,US-FL,Sarasota,L607892,Venice Rookery,27.04598,-82.39989,2024-03-25,09:40 AM,eBird - Stationary Count,90,1,,,3,,,My kiddo got to participate in the nest egg count with the Audubon society for the purple martins.
S225941637,Tricolored Heron,Egretta tricolor,7630,1,US-FL,Charlotte,L618537,Amberjack Environmental Park--Lemon Lake,26.8725833,-82.3001289,2025-04-15,05:04 PM,eBird - Traveling Count,72,1,3.235,,1,,,,633825753
S299019880,Tricolored Heron,Egretta tricolor,7630,3,US-FL,Charlotte,L618537,Amberjack Environmental Park--Lemon Lake,26.8725833,-82.3001289,2026-02-08,05:00 PM,eBird - Traveling Count,34,1,.332,,2
S299140266,Tricolored Heron,Egretta tricolor,7630,1,US-FL,Charlotte,L618241,Cedar Point Environmental Park,26.9253511,-82.334868,2026-02-09,08:29 AM,eBird - Traveling Count,114,1,1.533,,2
S298432896,Tricolored Heron,Egretta tricolor,7630,1,US-FL,Charlotte,L17495505,Links Lane,26.8642861,-82.2841545,2026-02-06,11:11 AM,eBird - Traveling Count,53,1,.15,,2
S226336345,Tricolored Heron,Egretta tricolor,7630,2,US-FL,Charlotte,L617642,Ollie's Pond Park,26.9860616,-82.1496961,2025-04-17,09:25 AM,eBird - Traveling Count,86,1,2.382,,3
S298932326,Tricolored Heron,Egretta tricolor,7630,3,US-FL,Charlotte,L617642,Ollie's Pond Park,26.9860616,-82.1496961,2026-02-08,09:32 AM,eBird - Traveling Count,154,1,1.556,,2
S298942097,Tricolored Heron,Egretta tricolor,7630,3,US-FL,Charlotte,L14189493,Praise Tabernacle Church Pond,26.9752209,-82.1445278,2026-02-08,12:21 PM,eBird - Stationary Count,21,1,,,2
S173679398,Tricolored Heron,Egretta tricolor,7630,1,US-FL,Sarasota,L607892,Venice Rookery,27.04598,-82.39989,2024-03-25,09:40 AM,eBird - Stationary Count,90,1,,,3,,,My kiddo got to participate in the nest egg count with the Audubon society for the purple martins.,618836930 618836953
S299224660,Reddish Egret,Egretta rufescens,7634,1,US-FL,Charlotte,L17495505,Links Lane,26.8642861,-82.2841545,2026-02-09,03:08 PM,eBird - Traveling Count,127,1,.246,,2
S225941637,Snowy Egret,Egretta thula,7645,1,US-FL,Charlotte,L618537,Amberjack Environmental Park--Lemon Lake,26.8725833,-82.3001289,2025-04-15,05:04 PM,eBird - Traveling Count,72,1,3.235,,1
S226075152,Snowy Egret,Egretta thula,7645,1,US-FL,Charlotte,L618537,Amberjack Environmental Park--Lemon Lake,26.8725833,-82.3001289,2025-04-16,08:52 AM,eBird - Traveling Count,100,1,1.018,,4
S226075158,Snowy Egret,Egretta thula,7645,1,US-FL,Charlotte,L618537,Amberjack Environmental Park--Lemon Lake,26.8725833,-82.3001289,2025-04-16,08:52 AM,eBird - Traveling Count,100,1,1.018,,4
S298474473,Snowy Egret,Egretta thula,7645,1,US-FL,Charlotte,L2391257,Ann Dever Memorial Regional Park,26.9182434,-82.3157501,2026-02-06,03:27 PM,eBird - Traveling Count,73,1,1.287,,2
S299140266,Snowy Egret,Egretta thula,7645,1,US-FL,Charlotte,L618241,Cedar Point Environmental Park,26.9253511,-82.334868,2026-02-09,08:29 AM,eBird - Traveling Count,114,1,1.533,,2
S298432896,Snowy Egret,Egretta thula,7645,1,US-FL,Charlotte,L17495505,Links Lane,26.8642861,-82.2841545,2026-02-06,11:11 AM,eBird - Traveling Count,53,1,.15,,2
S299224660,Snowy Egret,Egretta thula,7645,2,US-FL,Charlotte,L17495505,Links Lane,26.8642861,-82.2841545,2026-02-09,03:08 PM,eBird - Traveling Count,127,1,.246,,2
S226336345,Snowy Egret,Egretta thula,7645,4,US-FL,Charlotte,L617642,Ollie's Pond Park,26.9860616,-82.1496961,2025-04-17,09:25 AM,eBird - Traveling Count,86,1,2.382,,3
S298932326,Snowy Egret,Egretta thula,7645,4,US-FL,Charlotte,L617642,Ollie's Pond Park,26.9860616,-82.1496961,2026-02-08,09:32 AM,eBird - Traveling Count,154,1,1.556,,2
S280415029,Snowy Egret,Egretta thula,7645,1,US-CA,San Diego,L10053177,La Costa Ranch,33.0895832,-117.2502914,2025-10-19,03:57 PM,eBird - Stationary Count,74,1,,,1
S280793659,Snowy Egret,Egretta thula,7645,2,US-CA,San Diego,L10053177,La Costa Ranch,33.0895832,-117.2502914,2025-10-22,07:18 AM,eBird - Traveling Count,12,1,.225,,1
S176388677,Snowy Egret,Egretta thula,7645,4,US-FL,Sarasota,L18609510,Deep Hole--Myakka SP Wilderness Trail,27.215375,-82.3381957,2021-02-17,,Historical,,0,,,2
S173679398,Snowy Egret,Egretta thula,7645,8,US-FL,Sarasota,L607892,Venice Rookery,27.04598,-82.39989,2024-03-25,09:40 AM,eBird - Stationary Count,90,1,,,3,,,My kiddo got to participate in the nest egg count with the Audubon society for the purple martins.
S299224660,Green Heron,Butorides virescens,7704,1,US-FL,Charlotte,L17495505,Links Lane,26.8642861,-82.2841545,2026-02-09,03:08 PM,eBird - Traveling Count,127,1,.246,,2
S226336345,Green Heron,Butorides virescens,7704,1,US-FL,Charlotte,L617642,Ollie's Pond Park,26.9860616,-82.1496961,2025-04-17,09:25 AM,eBird - Traveling Count,86,1,2.382,,3
S298932326,Green Heron,Butorides virescens,7704,3,US-FL,Charlotte,L617642,Ollie's Pond Park,26.9860616,-82.1496961,2026-02-08,09:32 AM,eBird - Traveling Count,154,1,1.556,,2,,,,650543582 650543583
S298436654,Green Heron,Butorides virescens,7704,1,US-FL,Charlotte,L58129349,"Ponds at Publix, Placida, Florida, US (26.854, -82.29)",26.8544176,-82.2895274,2026-02-06,01:06 PM,eBird - Traveling Count,9,1,.084,,2
S189294100,Green Heron,Butorides virescens,7704,1,US-DC,District of Columbia,L247770,Kenilworth Park and Aquatic Gardens,38.9133204,-76.9443433,2024-07-28,12:32 PM,eBird - Traveling Count,71,1,2.366,,2
S250749828,Green Heron,Butorides virescens,7704,2,US-MD,Frederick,L2756806,Monocacy National Battlefield--Gambrill Mill Trail,39.3688266,-77.3877865,2025-06-15,01:10 PM,eBird - Traveling Count,80,1,1.175,,1
S239842745,Green Heron,Butorides virescens,7704,1,US-MD,Frederick,L281578,Sugarloaf Mt.,39.2626685,-77.3972133,2025-05-18,12:09 PM,eBird - Traveling Count,111,1,4.442,,1
S274969283,Green Heron,Butorides virescens,7704,3,US-MD,Montgomery,L230151,Blue Mash Nature Trail,39.1939588,-77.1060175,2025-09-22,06:06 PM,eBird - Traveling Count,57,1,2.145,,1,,All three of these individuals were in the mud at the small pond closest to the road.
S183770250,Green Heron,Butorides virescens,7704,2,US-MD,Montgomery,L33913928,"Camden Retention Pond, Gaithersburg, Maryland, US (39.12, -77.206)",39.1197497,-77.2064087,2024-06-25,07:46 PM,eBird - Stationary Count,24,1,,,1
S185956082,Green Heron,Butorides virescens,7704,2,US-MD,Montgomery,L33913928,"Camden Retention Pond, Gaithersburg, Maryland, US (39.12, -77.206)",39.1197497,-77.2064087,2024-07-07,08:37 PM,eBird - Traveling Count,29,1,.418,,1
S194193514,Green Heron,Butorides virescens,7704,1,US-MD,Montgomery,L126620,Hughes Hollow - McKee Beshers WMA,39.0803767,-77.4035096,2024-09-06,05:47 PM,eBird - Traveling Count,56,1,3.219,,4
S227622469,Green Heron,Butorides virescens,7704,1,US-MD,Montgomery,L126620,Hughes Hollow - McKee Beshers WMA,39.0803767,-77.4035096,2025-04-20,05:15 PM,eBird - Traveling Count,87,1,2.301,,1
S248712994,Green Heron,Butorides virescens,7704,3,US-MD,Montgomery,L126620,Hughes Hollow - McKee Beshers WMA,39.0803767,-77.4035096,2025-06-09,08:09 PM,eBird - Traveling Count,35,1,1.352,,1
S253053193,Green Heron,Butorides virescens,7704,3,US-MD,Montgomery,L126620,Hughes Hollow - McKee Beshers WMA,39.0803767,-77.4035096,2025-06-22,06:50 AM,eBird - Traveling Count,99,1,1.237,,1
S259644861,Green Heron,Butorides virescens,7704,1,US-MD,Montgomery,L126620,Hughes Hollow - McKee Beshers WMA,39.0803767,-77.4035096,2025-07-13,03:26 PM,eBird - Traveling Count,15,1,.342,,2
S187792544,Green Heron,Butorides virescens,7704,3,US-MD,Montgomery,L22161519,Hughes Hollow - McKee Beshers WMA--sunflower area and eastern fields,39.076893,-77.3812916,2024-07-19,06:29 PM,eBird - Traveling Count,119,1,5.601,,1,,,,621675741
S230262565,Green Heron,Butorides virescens,7704,3,US-MD,Montgomery,L22161519,Hughes Hollow - McKee Beshers WMA--sunflower area and eastern fields,39.076893,-77.3812916,2025-04-27,03:44 PM,eBird - Traveling Count,78,1,3.75,,3
S183763373,Green Heron,Butorides virescens,7704,1,US-MD,Montgomery,L31569197,"Malcolm King Park (39.121, -77.212)",39.1205865,-77.212024,2024-06-25,07:00 PM,eBird - Traveling Count,23,1,.837,,1
S270982186,Green Heron,Butorides virescens,7704,1,US-MD,Montgomery,L453705,Patuxent River SP--Rte. 97 (Montgomery Co.),39.2380827,-77.0571345,2025-09-01,03:40 PM,eBird - Traveling Count,143,1,.802,,1
S226419119,Green Heron,Butorides virescens,7704,1,US-FL,Sarasota,L625835,Lemon Bay Park,26.9727128,-82.3743725,2025-04-17,02:32 PM,eBird - Traveling Count,58,1,2.897,,1
S255372516,Green Heron,Butorides virescens,7704,1,US-MD,Washington,L33056912,"Rohrbach Campground, Sharpsburg, Maryland, US (39.454, -77.731)",39.4543401,-77.7314234,2025-06-29,02:50 PM,eBird - Traveling Count,58,1,2.214,,1
S299224660,Western Cattle-Egret,Ardea ibis,7724,1,US-FL,Charlotte,L17495505,Links Lane,26.8642861,-82.2841545,2026-02-09,03:08 PM,eBird - Traveling Count,127,1,.246,,2,,Just across from the golf course in the vacant lot before you get to Links Blvd.
S298683570,Western Cattle-Egret,Ardea ibis,7724,2,US-FL,Charlotte,L21750506,"Live Oak Blvd, Prairie Creek Preserve entrance road",27.005263,-81.929974,2026-02-07,09:07 AM,eBird - Traveling Count,83,1,4.837,,2
S180214827,Western Cattle-Egret,Ardea ibis,7724,X,US-HI,Kauai,L33043265,"3500 Kilauea Road, Kilauea, Hawaii, US (22.232, -159.402)",22.2317619,-159.4019182,2024-06-08,04:24 PM,eBird - Casual Observation,,0,,,2
S225941637,Great Egret,Ardea alba,7729,3,US-FL,Charlotte,L618537,Amberjack Environmental Park--Lemon Lake,26.8725833,-82.3001289,2025-04-15,05:04 PM,eBird - Traveling Count,72,1,3.235,,1
S226075152,Great Egret,Ardea alba,7729,4,US-FL,Charlotte,L618537,Amberjack Environmental Park--Lemon Lake,26.8725833,-82.3001289,2025-04-16,08:52 AM,eBird - Traveling Count,100,1,1.018,,4
S226075158,Great Egret,Ardea alba,7729,4,US-FL,Charlotte,L618537,Amberjack Environmental Park--Lemon Lake,26.8725833,-82.3001289,2025-04-16,08:52 AM,eBird - Traveling Count,100,1,1.018,,4
S226134137,Great Egret,Ardea alba,7729,1,US-FL,Charlotte,L2393516,Anger Fishing Pier,26.9352907,-82.3517936,2025-04-16,02:24 PM,eBird - Casual Observation,,0,,,1
S298474473,Great Egret,Ardea alba,7729,4,US-FL,Charlotte,L2391257,Ann Dever Memorial Regional Park,26.9182434,-82.3157501,2026-02-06,03:27 PM,eBird - Traveling Count,73,1,1.287,,2
S298432896,Great Egret,Ardea alba,7729,7,US-FL,Charlotte,L17495505,Links Lane,26.8642861,-82.2841545,2026-02-06,11:11 AM,eBird - Traveling Count,53,1,.15,,2
S299224660,Great Egret,Ardea alba,7729,2,US-FL,Charlotte,L17495505,Links Lane,26.8642861,-82.2841545,2026-02-09,03:08 PM,eBird - Traveling Count,127,1,.246,,2
S226336345,Great Egret,Ardea alba,7729,4,US-FL,Charlotte,L617642,Ollie's Pond Park,26.9860616,-82.1496961,2025-04-17,09:25 AM,eBird - Traveling Count,86,1,2.382,,3
S298932326,Great Egret,Ardea alba,7729,4,US-FL,Charlotte,L617642,Ollie's Pond Park,26.9860616,-82.1496961,2026-02-08,09:32 AM,eBird - Traveling Count,154,1,1.556,,2
S298300486,Great Egret,Ardea alba,7729,5,US-FL,Charlotte,L8957295,Rotunda Meadows Prairie,26.8573451,-82.2223281,2026-02-05,04:12 PM,eBird - Traveling Count,93,1,12.54,,2
S299162126,Great Egret,Ardea alba,7729,1,US-FL,Charlotte,L855856,Stump Pass Beach SP,26.9022934,-82.346805,2026-02-09,11:14 AM,eBird - Traveling Count,37,1,.898,,2
S225947772,Great Egret,Ardea alba,7729,1,US-FL,Charlotte,L1345169,Wildflower Preserve,26.8814148,-82.3046701,2025-04-15,06:40 PM,eBird - Traveling Count,9,1,.964,,1
S299026588,Great Egret,Ardea alba,7729,1,US-FL,Charlotte,L1345169,Wildflower Preserve,26.8814148,-82.3046701,2026-02-08,05:41 PM,eBird - Traveling Count,26,1,.727,,2
S189294100,Great Egret,Ardea alba,7729,9,US-DC,District of Columbia,L247770,Kenilworth Park and Aquatic Gardens,38.9133204,-76.9443433,2024-07-28,12:32 PM,eBird - Traveling Count,71,1,2.366,,2,,,,625353419
S243074956,Great Egret,Ardea alba,7729,1,US-MD,Montgomery,L192824,C&O Canal--Violette's Lock,39.066803,-77.32951,2025-05-26,11:56 AM,eBird - Traveling Count,55,1,.8,,2
S227622469,Great Egret,Ardea alba,7729,1,US-MD,Montgomery,L126620,Hughes Hollow - McKee Beshers WMA,39.0803767,-77.4035096,2025-04-20,05:15 PM,eBird - Traveling Count,87,1,2.301,,1
S230262565,Great Egret,Ardea alba,7729,1,US-MD,Montgomery,L22161519,Hughes Hollow - McKee Beshers WMA--sunflower area and eastern fields,39.076893,-77.3812916,2025-04-27,03:44 PM,eBird - Traveling Count,78,1,3.75,,3
S231384757,Great Egret,Ardea alba,7729,1,US-MD,Montgomery,L8617665,Muddy Branch Greenway Trail--Pennyfield entrance,39.0579926,-77.2935924,2025-04-30,07:19 PM,eBird - Traveling Count,35,1,2.865,,1
S227641632,Great Egret,Ardea alba,7729,1,US-MD,Montgomery,L2055457,Sycamore Landing Rd. fields,39.0839717,-77.4146461,2025-04-20,06:54 PM,eBird - Traveling Count,41,1,2.494,,1
S280851263,Great Egret,Ardea alba,7729,1,US-CA,San Diego,L6351012,Batiquitos Lagoon--Cholla Point,33.0935914,-117.2709236,2025-10-22,01:59 PM,eBird - Traveling Count,34,1,1.082,,1
S280415029,Great Egret,Ardea alba,7729,6,US-CA,San Diego,L10053177,La Costa Ranch,33.0895832,-117.2502914,2025-10-19,03:57 PM,eBird - Stationary Count,74,1,,,1
S280793659,Great Egret,Ardea alba,7729,1,US-CA,San Diego,L10053177,La Costa Ranch,33.0895832,-117.2502914,2025-10-22,07:18 AM,eBird - Traveling Count,12,1,.225,,1
S173679398,Great Egret,Ardea alba,7729,14,US-FL,Sarasota,L607892,Venice Rookery,27.04598,-82.39989,2024-03-25,09:40 AM,eBird - Stationary Count,90,1,,,3,,There were probably more individuals that were chicks but I could not count them.,My kiddo got to participate in the nest egg count with the Audubon society for the purple martins.,618836981
S273267681,Gray Heron,Ardea cinerea,7745,1,CH-VD,,L4446346,Port de Founex,46.3340545,6.2030804,2025-09-14,09:43 AM,eBird - Traveling Count,14,1,19.304,,1
S272049115,Great Blue Heron,Ardea herodias,7753,1,US-MD,Allegany,L2462463,Rocky Gap SP--camping loop,39.7113795,-78.6453509,2025-09-06,02:44 PM,eBird - Traveling Count,433,1,2.497,,2
S277297961,Great Blue Heron,Ardea herodias,7753,2,US-MD,Calvert,L285147,Calvert Cliffs State Park,38.3966118,-76.423091,2025-10-04,04:09 PM,eBird - Traveling Count,166,1,3.191,,1
S226075152,Great Blue Heron,Ardea herodias,7753,1,US-FL,Charlotte,L618537,Amberjack Environmental Park--Lemon Lake,26.8725833,-82.3001289,2025-04-16,08:52 AM,eBird - Traveling Count,100,1,1.018,,4
S299140266,Great Blue Heron,Ardea herodias,7753,2,US-FL,Charlotte,L618241,Cedar Point Environmental Park,26.9253511,-82.334868,2026-02-09,08:29 AM,eBird - Traveling Count,114,1,1.533,,2
S225656554,Great Blue Heron,Ardea herodias,7753,1,US-FL,Charlotte,L42656865,"Downing Street, Englewood, Florida, US (26.898, -82.321)",26.8978819,-82.3212738,2025-04-14,04:23 PM,eBird - Traveling Count,5,1,.527,,1
S299177701,Great Blue Heron,Ardea herodias,7753,2,US-FL,Charlotte,L42656865,"Downing Street, Englewood, Florida, US (26.898, -82.321)",26.8978819,-82.3212738,2026-02-09,12:58 PM,eBird - Stationary Count,10,1,,,2,,They've already started nesting in the dead tree outside the pond fence .
S298432896,Great Blue Heron,Ardea herodias,7753,2,US-FL,Charlotte,L17495505,Links Lane,26.8642861,-82.2841545,2026-02-06,11:11 AM,eBird - Traveling Count,53,1,.15,,2
S299224660,Great Blue Heron,Ardea herodias,7753,7,US-FL,Charlotte,L17495505,Links Lane,26.8642861,-82.2841545,2026-02-09,03:08 PM,eBird - Traveling Count,127,1,.246,,2
S298683570,Great Blue Heron,Ardea herodias,7753,1,US-FL,Charlotte,L21750506,"Live Oak Blvd, Prairie Creek Preserve entrance road",27.005263,-81.929974,2026-02-07,09:07 AM,eBird - Traveling Count,83,1,4.837,,2
S226336345,Great Blue Heron,Ardea herodias,7753,3,US-FL,Charlotte,L617642,Ollie's Pond Park,26.9860616,-82.1496961,2025-04-17,09:25 AM,eBird - Traveling Count,86,1,2.382,,3
S298932326,Great Blue Heron,Ardea herodias,7753,4,US-FL,Charlotte,L617642,Ollie's Pond Park,26.9860616,-82.1496961,2026-02-08,09:32 AM,eBird - Traveling Count,154,1,1.556,,2
S298942097,Great Blue Heron,Ardea herodias,7753,1,US-FL,Charlotte,L14189493,Praise Tabernacle Church Pond,26.9752209,-82.1445278,2026-02-08,12:21 PM,eBird - Stationary Count,21,1,,,2
S298300486,Great Blue Heron,Ardea herodias,7753,3,US-FL,Charlotte,L8957295,Rotunda Meadows Prairie,26.8573451,-82.2223281,2026-02-05,04:12 PM,eBird - Traveling Count,93,1,12.54,,2
S299162126,Great Blue Heron,Ardea herodias,7753,1,US-FL,Charlotte,L855856,Stump Pass Beach SP,26.9022934,-82.346805,2026-02-09,11:14 AM,eBird - Traveling Count,37,1,.898,,2,,,,650611010
S192408165,Great Blue Heron,Ardea herodias,7753,1,US-NH,Coos,L35986886,"Buffalo Farm Road, Errol, New Hampshire, US (44.792, -71.179)",44.7922784,-71.1793562,2024-08-22,12:55 PM,eBird - Traveling Count,6,1,1.851,,1
S268111225,Great Blue Heron,Ardea herodias,7753,1,US-NH,Coos,L1209933,"Umbagog NWR--Magalloway River Trail, Wentworths Location",44.8424719,-71.0572958,2025-08-18,02:08 PM,eBird - Traveling Count,70,1,1.903,,1
S173683770,Great Blue Heron,Ardea herodias,7753,3,US-DC,District of Columbia,L490336,C&O Canal--Fletcher's Cove (Fletcher's Boathouse),38.9188853,-77.1022224,2017-04-05,01:25 PM,eBird - Traveling Count,75,1,2.414,,3,,,With Paul Charron and Chris Marcum
S246372176,Great Blue Heron,Ardea herodias,7753,2,US-DC,District of Columbia,L473521,Constitution Gardens and Reflecting Pool,38.8901142,-77.043364,2025-06-03,02:15 PM,eBird - Traveling Count,27,1,1.625,,1,,,,637011683
S189294100,Great Blue Heron,Ardea herodias,7753,2,US-DC,District of Columbia,L247770,Kenilworth Park and Aquatic Gardens,38.9133204,-76.9443433,2024-07-28,12:32 PM,eBird - Traveling Count,71,1,2.366,,2
S220188015,Great Blue Heron,Ardea herodias,7753,1,US-VA,Fairfax,L718485,Great Falls Park,38.9937,-77.2553,2025-03-22,03:58 PM,eBird - Traveling Count,66,1,1.044,,3
S250749828,Great Blue Heron,Ardea herodias,7753,1,US-MD,Frederick,L2756806,Monocacy National Battlefield--Gambrill Mill Trail,39.3688266,-77.3877865,2025-06-15,01:10 PM,eBird - Traveling Count,80,1,1.175,,1
S286509010,Great Blue Heron,Ardea herodias,7753,1,US-MD,Howard,L859276,Larriland Farm Pond,39.3128678,-77.1042609,2025-11-28,01:22 PM,eBird - Traveling Count,18,1,.601,,1
S176497993,Great Blue Heron,Ardea herodias,7753,1,US-CA,Los Angeles,L20710882,"Alamitos Beach, Long Beach, CA",33.7651613,-118.1788457,2007-03-10,,Historical,,0,,,4
S218916728,Great Blue Heron,Ardea herodias,7753,1,US-MD,Montgomery,L459907,"Black Hill RP--Little Seneca Lake, Rte.121",39.189427,-77.309455,2025-03-16,01:31 PM,eBird - Traveling Count,39,1,15.224,,1
S281536379,Great Blue Heron,Ardea herodias,7753,3,US-MD,Montgomery,L459907,"Black Hill RP--Little Seneca Lake, Rte.121",39.189427,-77.309455,2025-10-26,03:54 PM,eBird - Traveling Count,58,1,1.349,,1
S274969283,Great Blue Heron,Ardea herodias,7753,1,US-MD,Montgomery,L230151,Blue Mash Nature Trail,39.1939588,-77.1060175,2025-09-22,06:06 PM,eBird - Traveling Count,57,1,2.145,,1
S233615339,Great Blue Heron,Ardea herodias,7753,1,US-MD,Montgomery,L584300,C&O Canal--Edwards Ferry,39.1030006,-77.4737057,2025-05-05,06:00 PM,eBird - Traveling Count,42,1,1.493,,1
S173683775,Great Blue Heron,Ardea herodias,7753,2,US-MD,Montgomery,L192824,C&O Canal--Violette's Lock,39.066803,-77.32951,2023-11-23,12:55 PM,eBird - Traveling Count,20,1,.547,,2
S243074956,Great Blue Heron,Ardea herodias,7753,3,US-MD,Montgomery,L192824,C&O Canal--Violette's Lock,39.066803,-77.32951,2025-05-26,11:56 AM,eBird - Traveling Count,55,1,.8,,2
S183770250,Great Blue Heron,Ardea herodias,7753,1,US-MD,Montgomery,L33913928,"Camden Retention Pond, Gaithersburg, Maryland, US (39.12, -77.206)",39.1197497,-77.2064087,2024-06-25,07:46 PM,eBird - Stationary Count,24,1,,,1
S232647749,Great Blue Heron,Ardea herodias,7753,1,US-MD,Montgomery,L33913928,"Camden Retention Pond, Gaithersburg, Maryland, US (39.12, -77.206)",39.1197497,-77.2064087,2025-05-03,03:19 PM,eBird - Traveling Count,32,1,1.03,,1
S270764740,Great Blue Heron,Ardea herodias,7753,1,US-MD,Montgomery,L33913928,"Camden Retention Pond, Gaithersburg, Maryland, US (39.12, -77.206)",39.1197497,-77.2064087,2025-08-31,07:33 PM,eBird - Traveling Count,97,1,1.031,,1
S286498638,Great Blue Heron,Ardea herodias,7753,1,US-MD,Montgomery,L33913928,"Camden Retention Pond, Gaithersburg, Maryland, US (39.12, -77.206)",39.1197497,-77.2064087,2025-11-28,12:14 PM,eBird - Traveling Count,18,1,.577,,1
S316385681,Great Blue Heron,Ardea herodias,7753,1,US-MD,Montgomery,L33913928,"Camden Retention Pond, Gaithersburg, Maryland, US (39.12, -77.206)",39.1197497,-77.2064087,2026-04-03,01:09 PM,eBird - Traveling Count,39,1,1.061,,1
S230164377,Great Blue Heron,Ardea herodias,7753,1,US-MD,Montgomery,L42214720,"Camp Seneca, Maryland, US (39.177, -77.302)",39.1772081,-77.3018305,2025-04-27,01:45 PM,eBird - Traveling Count,50,1,.49,,1
S194193514,Great Blue Heron,Ardea herodias,7753,1,US-MD,Montgomery,L126620,Hughes Hollow - McKee Beshers WMA,39.0803767,-77.4035096,2024-09-06,05:47 PM,eBird - Traveling Count,56,1,3.219,,4
S248712994,Great Blue Heron,Ardea herodias,7753,2,US-MD,Montgomery,L126620,Hughes Hollow - McKee Beshers WMA,39.0803767,-77.4035096,2025-06-09,08:09 PM,eBird - Traveling Count,35,1,1.352,,1
S253053193,Great Blue Heron,Ardea herodias,7753,1,US-MD,Montgomery,L126620,Hughes Hollow - McKee Beshers WMA,39.0803767,-77.4035096,2025-06-22,06:50 AM,eBird - Traveling Count,99,1,1.237,,1
S259644861,Great Blue Heron,Ardea herodias,7753,1,US-MD,Montgomery,L126620,Hughes Hollow - McKee Beshers WMA,39.0803767,-77.4035096,2025-07-13,03:26 PM,eBird - Traveling Count,15,1,.342,,2
S187792544,Great Blue Heron,Ardea herodias,7753,4,US-MD,Montgomery,L22161519,Hughes Hollow - McKee Beshers WMA--sunflower area and eastern fields,39.076893,-77.3812916,2024-07-19,06:29 PM,eBird - Traveling Count,119,1,5.601,,1
S285631806,Great Blue Heron,Ardea herodias,7753,2,US-MD,Montgomery,L22161519,Hughes Hollow - McKee Beshers WMA--sunflower area and eastern fields,39.076893,-77.3812916,2025-11-22,12:53 PM,eBird - Traveling Count,53,1,3.085,,2
S206614569,Great Blue Heron,Ardea herodias,7753,1,US-MD,Montgomery,L224286,Lake Frank,39.1028755,-77.1198104,2022-01-27,08:00 AM,Historical,60,0,3.219,,2
S183763373,Great Blue Heron,Ardea herodias,7753,1,US-MD,Montgomery,L31569197,"Malcolm King Park (39.121, -77.212)",39.1205865,-77.212024,2024-06-25,07:00 PM,eBird - Traveling Count,23,1,.837,,1
S184845781,Great Blue Heron,Ardea herodias,7753,1,US-MD,Montgomery,L31569197,"Malcolm King Park (39.121, -77.212)",39.1205865,-77.212024,2024-07-01,06:57 PM,eBird - Traveling Count,60,1,.06,,1
S252450226,Great Blue Heron,Ardea herodias,7753,1,US-MD,Montgomery,L31569197,"Malcolm King Park (39.121, -77.212)",39.1205865,-77.212024,2025-06-19,07:07 PM,eBird - Traveling Count,39,1,1.35,,1
S231384757,Great Blue Heron,Ardea herodias,7753,1,US-MD,Montgomery,L8617665,Muddy Branch Greenway Trail--Pennyfield entrance,39.0579926,-77.2935924,2025-04-30,07:19 PM,eBird - Traveling Count,35,1,2.865,,1
S270982186,Great Blue Heron,Ardea herodias,7753,1,US-MD,Montgomery,L453705,Patuxent River SP--Rte. 97 (Montgomery Co.),39.2380827,-77.0571345,2025-09-01,03:40 PM,eBird - Traveling Count,143,1,.802,,1
S184721389,Great Blue Heron,Ardea herodias,7753,2,US-VA,Page,L718715,White House Boat Ramp,38.6461269,-78.5346106,2024-06-30,02:01 PM,eBird - Traveling Count,40,1,1.03,,4
S239228186,Great Blue Heron,Ardea herodias,7753,1,US-MD,Prince George's,L45254500,"Cash Lake, PNWR (39.032, -76.787)",39.0321913,-76.7873085,2025-05-17,11:19 AM,eBird - Casual Observation,,0,,,1
S248738652,Great Blue Heron,Ardea herodias,7753,1,US-MD,Prince George's,L305078,Patuxent Research Refuge--South Tract (National Wildlife Visitor Center),39.0270605,-76.7991731,2024-05-27,09:00 AM,Historical,60,0,3.219
S177579473,Great Blue Heron,Ardea herodias,7753,1,US-MD,Prince George's,L305078,Patuxent Research Refuge--South Tract (National Wildlife Visitor Center),39.0270605,-76.7991731,2024-05-27,09:22 AM,eBird - Traveling Count,131,0,8.433,,2
S239213799,Great Blue Heron,Ardea herodias,7753,1,US-MD,Prince George's,L305078,Patuxent Research Refuge--South Tract (National Wildlife Visitor Center),39.0270605,-76.7991731,2025-05-17,08:28 AM,eBird - Traveling Count,149,1,6.502,,1
S290845555,Great Blue Heron,Ardea herodias,7753,1,US-MD,Queen Anne's,L5194688,Kent Point Marina,38.8382982,-76.3732617,2025-12-28,02:14 PM,eBird - Traveling Count,17,1,4.058,,1
S179436241,Great Blue Heron,Ardea herodias,7753,4,US-VA,Richmond City,L3542266,James River Park--Pony Pasture,37.550872,-77.5204861,2024-06-04,05:59 PM,eBird - Traveling Count,25,1,.097,,2
S310828651,Great Blue Heron,Ardea herodias,7753,1,US-CA,San Francisco,L34358467,"Exploratorium, Pier 15, Embarcadero",37.802295,-122.396678,2026-03-19,06:55 PM,eBird - Traveling Count,47,1,.404,,1
S176388677,Great Blue Heron,Ardea herodias,7753,2,US-FL,Sarasota,L18609510,Deep Hole--Myakka SP Wilderness Trail,27.215375,-82.3381957,2021-02-17,,Historical,,0,,,2,,,,619447465
S173679398,Great Blue Heron,Ardea herodias,7753,1,US-FL,Sarasota,L607892,Venice Rookery,27.04598,-82.39989,2024-03-25,09:40 AM,eBird - Stationary Count,90,1,,,3,,,My kiddo got to participate in the nest egg count with the Audubon society for the purple martins.
S175728697,Great Blue Heron,Ardea herodias,7753,1,US-MD,Washington,L31950817,"3716 Harpers Ferry Road, Sharpsburg, Maryland, US (39.415, -77.737)",39.4153833,-77.7371018,2024-05-19,01:18 PM,eBird - Traveling Count,172,1,6.436,,3
S199682839,Great Blue Heron,Ardea herodias,7753,1,US-MD,Washington,L3108412,Antietam National Battlefield--Burnside Bridge,39.4505101,-77.7318442,2024-10-20,03:00 PM,eBird - Traveling Count,160,1,32.895,,3
S180559422,Great Blue Heron,Ardea herodias,7753,1,US-MD,Washington,L33056912,"Rohrbach Campground, Sharpsburg, Maryland, US (39.454, -77.731)",39.4543401,-77.7314234,2024-06-08,02:29 PM,eBird - Traveling Count,113,1,.402,,1
S298432896,American White Pelican,Pelecanus erythrorhynchos,7791,1,US-FL,Charlotte,L17495505,Links Lane,26.8642861,-82.2841545,2026-02-06,11:11 AM,eBird - Traveling Count,53,1,.15,,2
S280851263,American White Pelican,Pelecanus erythrorhynchos,7791,4,US-CA,San Diego,L6351012,Batiquitos Lagoon--Cholla Point,33.0935914,-117.2709236,2025-10-22,01:59 PM,eBird - Traveling Count,34,1,1.082,,1
S226134137,Brown Pelican,Pelecanus occidentalis,7792,3,US-FL,Charlotte,L2393516,Anger Fishing Pier,26.9352907,-82.3517936,2025-04-16,02:24 PM,eBird - Casual Observation,,0,,,1
S225653591,Brown Pelican,Pelecanus occidentalis,7792,1,US-FL,Charlotte,L618241,Cedar Point Environmental Park,26.9253511,-82.334868,2025-04-14,02:41 PM,eBird - Traveling Count,95,1,4.216,,4
S298718546,Brown Pelican,Pelecanus occidentalis,7792,3,US-FL,Charlotte,L618241,Cedar Point Environmental Park,26.9253511,-82.334868,2026-02-07,03:32 PM,eBird - Traveling Count,86,1,1.719,,1
S299140266,Brown Pelican,Pelecanus occidentalis,7792,4,US-FL,Charlotte,L618241,Cedar Point Environmental Park,26.9253511,-82.334868,2026-02-09,08:29 AM,eBird - Traveling Count,114,1,1.533,,2
S298997775,Brown Pelican,Pelecanus occidentalis,7792,6,US-FL,Charlotte,L11416412,Chadwick Park,26.9234331,-82.3579264,2026-02-08,03:52 PM,eBird - Traveling Count,7,1,.107,,2
S298432896,Brown Pelican,Pelecanus occidentalis,7792,1,US-FL,Charlotte,L17495505,Links Lane,26.8642861,-82.2841545,2026-02-06,11:11 AM,eBird - Traveling Count,53,1,.15,,2
S298932326,Brown Pelican,Pelecanus occidentalis,7792,1,US-FL,Charlotte,L617642,Ollie's Pond Park,26.9860616,-82.1496961,2026-02-08,09:32 AM,eBird - Traveling Count,154,1,1.556,,2
S299162126,Brown Pelican,Pelecanus occidentalis,7792,1,US-FL,Charlotte,L855856,Stump Pass Beach SP,26.9022934,-82.346805,2026-02-09,11:14 AM,eBird - Traveling Count,37,1,.898,,2
S190802974,Brown Pelican,Pelecanus occidentalis,7792,X,US-OR,Clatsop,L35617970,"268 Beaver Street, Cannon Beach, Oregon, US (45.902, -123.958)",45.9019701,-123.9581253,2024-08-06,01:53 PM,eBird - Casual Observation,,0,,,1
S190756985,Brown Pelican,Pelecanus occidentalis,7792,X,US-OR,Clatsop,L2977912,Seaside (town),45.9930925,-123.9230647,2024-08-05,10:58 PM,eBird - Stationary Count,90,0,,,1
S225882649,Brown Pelican,Pelecanus occidentalis,7792,20,US-FL,Lee,L1084111,Gasparilla Island SP,26.7174771,-82.2609043,2025-04-15,11:20 AM,eBird - Traveling Count,126,1,10.992,,2
S184336708,Brown Pelican,Pelecanus occidentalis,7792,5,US-CA,Orange,L7641410,Newport Beach toward Long Beach CA fishing trip,33.6469928,-118.0092144,2011-12-10,,Historical,,0,,,4
S280864686,Brown Pelican,Pelecanus occidentalis,7792,33,US-CA,San Diego,L2411807,North El Portal Seawatch,33.0569177,-117.3016237,2025-10-22,02:56 PM,eBird - Traveling Count,100,1,9.982,,1
S226442082,Brown Pelican,Pelecanus occidentalis,7792,3,US-FL,Sarasota,L444742,Blind Pass Beach Park,26.9634069,-82.3849297,2025-04-17,04:34 PM,eBird - Traveling Count,21,1,.156,,1
S235749233,Brown Pelican,Pelecanus occidentalis,7792,X,US-DE,Sussex,L1265319,Cape Henlopen SP--The Point,38.8000272,-75.092376,2025-05-10,02:06 PM,eBird - Traveling Count,42,1,5.472,,1
S206617034,Brown Pelican,Pelecanus occidentalis,7792,4,PR-NG,,L4451634,Bosque Nacional El Yunque--Río Cubuy,18.2653604,-65.801062,2022-05-15,,eBird - Casual Observation,,0,,,2,,,Kept notes but birding was not my primary objective.
S272049115,Black Vulture,Coragyps atratus,7811,9,US-MD,Allegany,L2462463,Rocky Gap SP--camping loop,39.7113795,-78.6453509,2025-09-06,02:44 PM,eBird - Traveling Count,433,1,2.497,,2
S277297961,Black Vulture,Coragyps atratus,7811,3,US-MD,Calvert,L285147,Calvert Cliffs State Park,38.3966118,-76.423091,2025-10-04,04:09 PM,eBird - Traveling Count,166,1,3.191,,1
S225653591,Black Vulture,Coragyps atratus,7811,1,US-FL,Charlotte,L618241,Cedar Point Environmental Park,26.9253511,-82.334868,2025-04-14,02:41 PM,eBird - Traveling Count,95,1,4.216,,4
S299140266,Black Vulture,Coragyps atratus,7811,1,US-FL,Charlotte,L618241,Cedar Point Environmental Park,26.9253511,-82.334868,2026-02-09,08:29 AM,eBird - Traveling Count,114,1,1.533,,2
S298932326,Black Vulture,Coragyps atratus,7811,1,US-FL,Charlotte,L617642,Ollie's Pond Park,26.9860616,-82.1496961,2026-02-08,09:32 AM,eBird - Traveling Count,154,1,1.556,,2
S298300486,Black Vulture,Coragyps atratus,7811,2,US-FL,Charlotte,L8957295,Rotunda Meadows Prairie,26.8573451,-82.2223281,2026-02-05,04:12 PM,eBird - Traveling Count,93,1,12.54,,2
S173683770,Black Vulture,Coragyps atratus,7811,1,US-DC,District of Columbia,L490336,C&O Canal--Fletcher's Cove (Fletcher's Boathouse),38.9188853,-77.1022224,2017-04-05,01:25 PM,eBird - Traveling Count,75,1,2.414,,3,,,With Paul Charron and Chris Marcum
S292145747,Black Vulture,Coragyps atratus,7811,2,US-VA,Fairfax,L718485,Great Falls Park,38.9937,-77.2553,2026-01-03,10:48 AM,eBird - Traveling Count,75,1,1.28,,1
S217261941,Black Vulture,Coragyps atratus,7811,4,US-MD,Frederick,L1739857,Catoctin Creek Park,39.392925,-77.5639615,2025-03-08,11:54 AM,eBird - Traveling Count,32,0,43.418,,1
S285631919,Black Vulture,Coragyps atratus,7811,3,US-MD,Frederick,L473415,New Design Road,39.2903356,-77.4676037,2025-11-02,12:56 PM,eBird - Traveling Count,207,1,7.02,,1
S206655156,Black Vulture,Coragyps atratus,7811,5,US-MD,Frederick,L38875040,"Washington National Pike, Frederick, Maryland, US (39.358, -77.396)",39.3577117,-77.3958282,2024-12-26,01:37 PM,eBird - Traveling Count,18,1,30.209,,1
S184569224,Black Vulture,Coragyps atratus,7811,24,US-MD,Montgomery,L34112569,"16911 Crabbs Branch Way, Derwood, Maryland, US (39.133, -77.169)",39.1332359,-77.1688232,2024-06-30,11:15 AM,eBird - Casual Observation,,0,,,1
S219838300,Black Vulture,Coragyps atratus,7811,2,US-MD,Montgomery,L41478272,"18303 Muncaster Road, Rockville, Maryland, US (39.152, -77.129)",39.1521235,-77.1293639,2025-03-21,04:45 PM,eBird - Traveling Count,15,1,.676,,1
S180197187,Black Vulture,Coragyps atratus,7811,11,US-MD,Montgomery,L33038592,"270 North (39.239, -77.291)",39.2393341,-77.291275,2024-06-08,10:32 AM,eBird - Traveling Count,57,0,68.459,,1
S206651820,Black Vulture,Coragyps atratus,7811,14,US-MD,Montgomery,L33038592,"270 North (39.239, -77.291)",39.2393341,-77.291275,2024-12-26,01:09 PM,eBird - Traveling Count,23,0,21.457,,1,,On the shady Grove 270 off-ramp.
S256885128,Black Vulture,Coragyps atratus,7811,2,US-MD,Montgomery,L33038592,"270 North (39.239, -77.291)",39.2393341,-77.291275,2025-07-04,02:42 PM,eBird - Traveling Count,7,1,13.648,,1
S175192347,Black Vulture,Coragyps atratus,7811,1,US-MD,Montgomery,L31909282,"9679 Lost Knife Road, Montgomery Village, Maryland, US (39.153, -77.199)",39.1532211,-77.1989898,2024-05-17,07:19 PM,eBird - Traveling Count,29,1,30.204,,1
S245500420,Black Vulture,Coragyps atratus,7811,2,US-MD,Montgomery,L285049,Agricultural History Farm Park,39.1610805,-77.1322894,2025-06-01,10:11 AM,eBird - Traveling Count,66,1,3.46,,1
S264217194,Black Vulture,Coragyps atratus,7811,1,US-MD,Montgomery,L7383392,Bohrer Park,39.1329353,-77.1933532,2025-07-17,08:41 AM,eBird - Traveling Count,15,1,.744,,1
S220359138,Black Vulture,Coragyps atratus,7811,1,US-MD,Montgomery,L34819685,Brighton Dam Azalea Garden,39.1917702,-77.0070275,2025-03-23,05:06 PM,eBird - Traveling Count,43,1,7.419,,1
S173683785,Black Vulture,Coragyps atratus,7811,1,US-MD,Montgomery,L360157,C&O Canal--Riley's Lock,39.0682467,-77.3431492,2023-11-23,11:24 AM,eBird - Traveling Count,65,1,.668,,2
S173683775,Black Vulture,Coragyps atratus,7811,1,US-MD,Montgomery,L192824,C&O Canal--Violette's Lock,39.066803,-77.32951,2023-11-23,12:55 PM,eBird - Traveling Count,20,1,.547,,2
S292971443,Black Vulture,Coragyps atratus,7811,2,US-MD,Montgomery,L33913928,"Camden Retention Pond, Gaithersburg, Maryland, US (39.12, -77.206)",39.1197497,-77.2064087,2026-01-07,12:17 PM,eBird - Traveling Count,22,1,.58,,1
S230164377,Black Vulture,Coragyps atratus,7811,1,US-MD,Montgomery,L42214720,"Camp Seneca, Maryland, US (39.177, -77.302)",39.1772081,-77.3018305,2025-04-27,01:45 PM,eBird - Traveling Count,50,1,.49,,1
S293148654,Black Vulture,Coragyps atratus,7811,1,US-MD,Montgomery,L56914155,"Crown Woods, Gaithersburg, Maryland, US (39.117, -77.211)",39.1166315,-77.2109226,2026-01-08,02:03 PM,eBird - Traveling Count,7,1,.074,,1
S289396816,Black Vulture,Coragyps atratus,7811,1,US-MD,Montgomery,L56150939,"Dickerson Power Plant (39.205, -77.449)",39.2051467,-77.4488143,2025-12-20,03:38 PM,eBird - Traveling Count,9,1,1.385,,2
S259644861,Black Vulture,Coragyps atratus,7811,1,US-MD,Montgomery,L126620,Hughes Hollow - McKee Beshers WMA,39.0803767,-77.4035096,2025-07-13,03:26 PM,eBird - Traveling Count,15,1,.342,,2
S307723981,Black Vulture,Coragyps atratus,7811,2,US-MD,Montgomery,L126620,Hughes Hollow - McKee Beshers WMA,39.0803767,-77.4035096,2026-03-09,01:41 PM,eBird - Traveling Count,104,1,6.038,,1
S230262565,Black Vulture,Coragyps atratus,7811,1,US-MD,Montgomery,L22161519,Hughes Hollow - McKee Beshers WMA--sunflower area and eastern fields,39.076893,-77.3812916,2025-04-27,03:44 PM,eBird - Traveling Count,78,1,3.75,,3
S285631806,Black Vulture,Coragyps atratus,7811,2,US-MD,Montgomery,L22161519,Hughes Hollow - McKee Beshers WMA--sunflower area and eastern fields,39.076893,-77.3812916,2025-11-22,12:53 PM,eBird - Traveling Count,53,1,3.085,,2
S214096790,Black Vulture,Coragyps atratus,7811,3,US-MD,Montgomery,L13399500,Izaak Walton Way (bird from road only),39.0938129,-77.4242505,2025-02-17,12:59 PM,eBird - Traveling Count,14,1,2.72,,1
S289206931,Black Vulture,Coragyps atratus,7811,4,US-MD,Montgomery,L31569197,"Malcolm King Park (39.121, -77.212)",39.1205865,-77.212024,2025-12-19,12:37 PM,eBird - Traveling Count,13,1,.484,,1
S302680251,Black Vulture,Coragyps atratus,7811,1,US-MD,Montgomery,L31569197,"Malcolm King Park (39.121, -77.212)",39.1205865,-77.212024,2026-02-21,08:56 AM,eBird - Traveling Count,15,1,.76,,1
S270982186,Black Vulture,Coragyps atratus,7811,1,US-MD,Montgomery,L453705,Patuxent River SP--Rte. 97 (Montgomery Co.),39.2380827,-77.0571345,2025-09-01,03:40 PM,eBird - Traveling Count,143,1,.802,,1
S214103631,Black Vulture,Coragyps atratus,7811,2,US-MD,Montgomery,L40356991,"River Road, Poolesville, Maryland, US",39.0850753,-77.4193878,2025-02-17,01:15 PM,eBird - Traveling Count,26,1,2.434,,1
S214121244,Black Vulture,Coragyps atratus,7811,5,US-MD,Montgomery,L40358682,"River Road, Poolesville, Maryland, US (39.113, -77.476)",39.1133163,-77.4764549,2025-02-17,02:13 PM,eBird - Traveling Count,42,1,8.047,,1
S262226561,Black Vulture,Coragyps atratus,7811,1,US-MD,Montgomery,L2055457,Sycamore Landing Rd. fields,39.0839717,-77.4146461,2025-07-23,05:48 PM,eBird - Traveling Count,32,1,.636,,1
S288754158,Black Vulture,Coragyps atratus,7811,1,US-MD,Montgomery,L11401283,Westerly Rd. Pond,39.135653,-77.432952,2025-12-15,04:10 PM,eBird - Traveling Count,10,1,6.318,,1
S184721389,Black Vulture,Coragyps atratus,7811,1,US-VA,Page,L718715,White House Boat Ramp,38.6461269,-78.5346106,2024-06-30,02:01 PM,eBird - Traveling Count,40,1,1.03,,4
S177235263,Black Vulture,Coragyps atratus,7811,2,US-MD,Prince George's,L32358887,"6914 Trowbridge Place, Fort Washington, Maryland, US (38.795, -76.965)",38.7953122,-76.9652352,2024-05-25,01:34 PM,eBird - Stationary Count,1,1,,,1
S183870068,Black Vulture,Coragyps atratus,7811,1,US-MD,Prince George's,L33936221,"NASA Goddard Space Flight Center, Greenbelt, Maryland, US (38.993, -76.848)",38.9929483,-76.8476183,2024-06-26,08:30 AM,eBird - Casual Observation,,0,,,1
S239253914,Black Vulture,Coragyps atratus,7811,4,US-MD,Prince George's,L42706061,Patuxent Research Refuge--Central Tract (Restricted Access),39.0491905,-76.7986274,2025-05-17,11:28 AM,eBird - Traveling Count,35,1,3.206,,1
S290835044,Black Vulture,Coragyps atratus,7811,1,US-MD,Queen Anne's,L498536,Romancoke,38.8802763,-76.3341236,2025-12-28,01:30 PM,eBird - Traveling Count,19,1,.12,,1,,,Came for the Harlequin duck and was delighted for the bonus of a horned grebe and an Iceland Gull..
S179436241,Black Vulture,Coragyps atratus,7811,5,US-VA,Richmond City,L3542266,James River Park--Pony Pasture,37.550872,-77.5204861,2024-06-04,05:59 PM,eBird - Traveling Count,25,1,.097,,2
S176388677,Black Vulture,Coragyps atratus,7811,12,US-FL,Sarasota,L18609510,Deep Hole--Myakka SP Wilderness Trail,27.215375,-82.3381957,2021-02-17,,Historical,,0,,,2,,,,619447413
S257633796,Black Vulture,Coragyps atratus,7811,3,US-MD,Washington,L5825627,Antietam National Battlefield--Snavely Ford Trail,39.449291,-77.7314029,2025-07-06,04:30 PM,eBird - Traveling Count,39,1,1.113,,1
S180559422,Black Vulture,Coragyps atratus,7811,1,US-MD,Washington,L33056912,"Rohrbach Campground, Sharpsburg, Maryland, US (39.454, -77.731)",39.4543401,-77.7314234,2024-06-08,02:29 PM,eBird - Traveling Count,113,1,.402,,1
S180559345,Black Vulture,Coragyps atratus,7811,2,US-MD,Washington,L33056912,"Rohrbach Campground, Sharpsburg, Maryland, US (39.454, -77.731)",39.4543401,-77.7314234,2024-06-09,09:12 AM,eBird - Traveling Count,60,1,.298,,1
S278707186,Black Vulture,Coragyps atratus,7811,1,US-MD,Washington,L456008,Weverton,39.327924,-77.6820087,2025-10-11,04:10 PM,eBird - Stationary Count,8,1,,,1
S250341411,Turkey Vulture,Cathartes aura,7815,1,US-MD,Baltimore,L126626,Fort Howard Park,39.199,-76.44,2025-06-14,03:50 PM,eBird - Traveling Count,51,1,1.658,,1
S298718546,Turkey Vulture,Cathartes aura,7815,3,US-FL,Charlotte,L618241,Cedar Point Environmental Park,26.9253511,-82.334868,2026-02-07,03:32 PM,eBird - Traveling Count,86,1,1.719,,1
S299140266,Turkey Vulture,Cathartes aura,7815,1,US-FL,Charlotte,L618241,Cedar Point Environmental Park,26.9253511,-82.334868,2026-02-09,08:29 AM,eBird - Traveling Count,114,1,1.533,,2
S298432896,Turkey Vulture,Cathartes aura,7815,13,US-FL,Charlotte,L17495505,Links Lane,26.8642861,-82.2841545,2026-02-06,11:11 AM,eBird - Traveling Count,53,1,.15,,2
S299224660,Turkey Vulture,Cathartes aura,7815,22,US-FL,Charlotte,L17495505,Links Lane,26.8642861,-82.2841545,2026-02-09,03:08 PM,eBird - Traveling Count,127,1,.246,,2
S298683570,Turkey Vulture,Cathartes aura,7815,7,US-FL,Charlotte,L21750506,"Live Oak Blvd, Prairie Creek Preserve entrance road",27.005263,-81.929974,2026-02-07,09:07 AM,eBird - Traveling Count,83,1,4.837,,2,,Probably many more. Hard to distinguish individuals.
S298932326,Turkey Vulture,Cathartes aura,7815,5,US-FL,Charlotte,L617642,Ollie's Pond Park,26.9860616,-82.1496961,2026-02-08,09:32 AM,eBird - Traveling Count,154,1,1.556,,2
S298942097,Turkey Vulture,Cathartes aura,7815,5,US-FL,Charlotte,L14189493,Praise Tabernacle Church Pond,26.9752209,-82.1445278,2026-02-08,12:21 PM,eBird - Stationary Count,21,1,,,2
S298300486,Turkey Vulture,Cathartes aura,7815,1,US-FL,Charlotte,L8957295,Rotunda Meadows Prairie,26.8573451,-82.2223281,2026-02-05,04:12 PM,eBird - Traveling Count,93,1,12.54,,2
S192408165,Turkey Vulture,Cathartes aura,7815,1,US-NH,Coos,L35986886,"Buffalo Farm Road, Errol, New Hampshire, US (44.792, -71.179)",44.7922784,-71.1793562,2024-08-22,12:55 PM,eBird - Traveling Count,6,1,1.851,,1
S173683770,Turkey Vulture,Cathartes aura,7815,3,US-DC,District of Columbia,L490336,C&O Canal--Fletcher's Cove (Fletcher's Boathouse),38.9188853,-77.1022224,2017-04-05,01:25 PM,eBird - Traveling Count,75,1,2.414,,3,,,With Paul Charron and Chris Marcum
S309588450,Turkey Vulture,Cathartes aura,7815,3,US-DC,District of Columbia,L585694,Kingman Island South - Kingman Lake/Heritage Island,38.893872,-76.965301,2026-03-15,02:12 PM,eBird - Traveling Count,97,1,1.668,,1
S292145747,Turkey Vulture,Cathartes aura,7815,1,US-VA,Fairfax,L718485,Great Falls Park,38.9937,-77.2553,2026-01-03,10:48 AM,eBird - Traveling Count,75,1,1.28,,1
S217261941,Turkey Vulture,Cathartes aura,7815,3,US-MD,Frederick,L1739857,Catoctin Creek Park,39.392925,-77.5639615,2025-03-08,11:54 AM,eBird - Traveling Count,32,0,43.418,,1
S304714269,Turkey Vulture,Cathartes aura,7815,3,US-MD,Frederick,L1739857,Catoctin Creek Park,39.392925,-77.5639615,2026-02-28,02:18 PM,eBird - Traveling Count,54,1,3.215,,1,,,Really nice day about 65° very few birds though at catoctin Park
S256585579,Turkey Vulture,Cathartes aura,7815,1,US-MD,Frederick,L12242883,Othello Regional Park,39.346886,-77.601207,2025-07-03,03:50 PM,eBird - Traveling Count,18,1,1.195,,1
S239842745,Turkey Vulture,Cathartes aura,7815,2,US-MD,Frederick,L281578,Sugarloaf Mt.,39.2626685,-77.3972133,2025-05-18,12:09 PM,eBird - Traveling Count,111,1,4.442,,1
S206655156,Turkey Vulture,Cathartes aura,7815,3,US-MD,Frederick,L38875040,"Washington National Pike, Frederick, Maryland, US (39.358, -77.396)",39.3577117,-77.3958282,2024-12-26,01:37 PM,eBird - Traveling Count,18,1,30.209,,1
S176497993,Turkey Vulture,Cathartes aura,7815,1,US-CA,Los Angeles,L20710882,"Alamitos Beach, Long Beach, CA",33.7651613,-118.1788457,2007-03-10,,Historical,,0,,,4
S201163113,Turkey Vulture,Cathartes aura,7815,2,US-MD,Montgomery,L37779595,"18953 Abbotsford Circle, Germantown, Maryland, US (39.164, -77.239)",39.1644592,-77.238655,2024-11-02,01:37 PM,eBird - Traveling Count,30,0,45.575,,1
S180197187,Turkey Vulture,Cathartes aura,7815,5,US-MD,Montgomery,L33038592,"270 North (39.239, -77.291)",39.2393341,-77.291275,2024-06-08,10:32 AM,eBird - Traveling Count,57,0,68.459,,1
S206651820,Turkey Vulture,Cathartes aura,7815,1,US-MD,Montgomery,L33038592,"270 North (39.239, -77.291)",39.2393341,-77.291275,2024-12-26,01:09 PM,eBird - Traveling Count,23,0,21.457,,1
S256885128,Turkey Vulture,Cathartes aura,7815,1,US-MD,Montgomery,L33038592,"270 North (39.239, -77.291)",39.2393341,-77.291275,2025-07-04,02:42 PM,eBird - Traveling Count,7,1,13.648,,1
S311503812,Turkey Vulture,Cathartes aura,7815,5,US-MD,Montgomery,L33038592,"270 North (39.239, -77.291)",39.2393341,-77.291275,2026-03-21,12:22 PM,eBird - Traveling Count,15,1,18.926,,1,,,Just observing on a quick drive.
S245500420,Turkey Vulture,Cathartes aura,7815,2,US-MD,Montgomery,L285049,Agricultural History Farm Park,39.1610805,-77.1322894,2025-06-01,10:11 AM,eBird - Traveling Count,66,1,3.46,,1
S218916728,Turkey Vulture,Cathartes aura,7815,1,US-MD,Montgomery,L459907,"Black Hill RP--Little Seneca Lake, Rte.121",39.189427,-77.309455,2025-03-16,01:31 PM,eBird - Traveling Count,39,1,15.224,,1
S233083528,Turkey Vulture,Cathartes aura,7815,1,US-MD,Montgomery,L196528,Black Hill Regional Park,39.192365,-77.295757,2025-05-04,12:18 PM,eBird - Traveling Count,64,1,3.541,,1
S316508959,Turkey Vulture,Cathartes aura,7815,2,US-MD,Montgomery,L230151,Blue Mash Nature Trail,39.1939588,-77.1060175,2026-04-03,05:54 PM,eBird - Traveling Count,70,1,2.147,,1
S305134693,Turkey Vulture,Cathartes aura,7815,2,US-MD,Montgomery,L584300,C&O Canal--Edwards Ferry,39.1030006,-77.4737057,2026-03-01,04:03 PM,eBird - Traveling Count,7,1,.224,,1,,,This app is messed up. We were here for 40 minutes. It's saying 7:00.
S173683785,Turkey Vulture,Cathartes aura,7815,3,US-MD,Montgomery,L360157,C&O Canal--Riley's Lock,39.0682467,-77.3431492,2023-11-23,11:24 AM,eBird - Traveling Count,65,1,.668,,2
S217581672,Turkey Vulture,Cathartes aura,7815,5,US-MD,Montgomery,L192824,C&O Canal--Violette's Lock,39.066803,-77.32951,2025-03-09,05:06 PM,eBird - Traveling Count,77,1,.493,,1
S305086064,Turkey Vulture,Cathartes aura,7815,3,US-MD,Montgomery,L282688,C&O Canal--White's Ferry,39.155215,-77.517221,2026-03-01,01:46 PM,eBird - Traveling Count,25,1,.46,,1
S276159786,Turkey Vulture,Cathartes aura,7815,4,US-MD,Montgomery,L33913928,"Camden Retention Pond, Gaithersburg, Maryland, US (39.12, -77.206)",39.1197497,-77.2064087,2025-09-27,11:00 AM,eBird - Traveling Count,37,1,1.082,,1
S281282055,Turkey Vulture,Cathartes aura,7815,2,US-MD,Montgomery,L33913928,"Camden Retention Pond, Gaithersburg, Maryland, US (39.12, -77.206)",39.1197497,-77.2064087,2025-10-25,12:08 PM,eBird - Traveling Count,28,1,.952,,1
S278982875,Turkey Vulture,Cathartes aura,7815,1,US-MD,Montgomery,L29852635,Conservation Lane,39.121784,-77.2222379,2025-10-11,10:58 AM,eBird - Traveling Count,28,0,11.821,,1
S222948122,Turkey Vulture,Cathartes aura,7815,2,US-MD,Montgomery,L42096446,"Dufief Muddy Branch Park, North Potomac, Maryland, US (39.105, -77.236)",39.1045983,-77.2364397,2025-04-04,03:51 PM,eBird - Traveling Count,26,1,.885,,2
S173332427,Turkey Vulture,Cathartes aura,7815,1,US-MD,Montgomery,L9055068,Hibiscus court Maryland,39.1187154,-77.2108193,2023-11-22,10:10 AM,eBird - Stationary Count,30,1,,,2
S174850650,Turkey Vulture,Cathartes aura,7815,1,US-MD,Montgomery,L9055068,Hibiscus court Maryland,39.1187154,-77.2108193,2024-05-16,08:44 AM,eBird - Traveling Count,18,1,.853,,1
S177681042,Turkey Vulture,Cathartes aura,7815,2,US-MD,Montgomery,L9055068,Hibiscus court Maryland,39.1187154,-77.2108193,2024-05-27,04:45 PM,eBird - Traveling Count,89,1,1.979,,1
S212334920,Turkey Vulture,Cathartes aura,7815,2,US-MD,Montgomery,L9055068,Hibiscus court Maryland,39.1187154,-77.2108193,2025-02-07,02:23 PM,eBird - Traveling Count,70,1,1.77,,1
S245892700,Turkey Vulture,Cathartes aura,7815,2,US-MD,Montgomery,L9055068,Hibiscus court Maryland,39.1187154,-77.2108193,2025-06-02,09:09 AM,eBird - Traveling Count,9,1,.177,,1
S293693389,Turkey Vulture,Cathartes aura,7815,2,US-MD,Montgomery,L9055068,Hibiscus court Maryland,39.1187154,-77.2108193,2026-01-11,11:32 AM,eBird - Traveling Count,10,1,.36,,1
S307723981,Turkey Vulture,Cathartes aura,7815,1,US-MD,Montgomery,L126620,Hughes Hollow - McKee Beshers WMA,39.0803767,-77.4035096,2026-03-09,01:41 PM,eBird - Traveling Count,104,1,6.038,,1
S314489044,Turkey Vulture,Cathartes aura,7815,1,US-MD,Montgomery,L126620,Hughes Hollow - McKee Beshers WMA,39.0803767,-77.4035096,2026-03-29,02:54 PM,eBird - Traveling Count,36,1,2.047,,2
S230262565,Turkey Vulture,Cathartes aura,7815,1,US-MD,Montgomery,L22161519,Hughes Hollow - McKee Beshers WMA--sunflower area and eastern fields,39.076893,-77.3812916,2025-04-27,03:44 PM,eBird - Traveling Count,78,1,3.75,,3
S214096790,Turkey Vulture,Cathartes aura,7815,2,US-MD,Montgomery,L13399500,Izaak Walton Way (bird from road only),39.0938129,-77.4242505,2025-02-17,12:59 PM,eBird - Traveling Count,14,1,2.72,,1
S184845781,Turkey Vulture,Cathartes aura,7815,1,US-MD,Montgomery,L31569197,"Malcolm King Park (39.121, -77.212)",39.1205865,-77.212024,2024-07-01,06:57 PM,eBird - Traveling Count,60,1,.06,,1
S212659650,Turkey Vulture,Cathartes aura,7815,3,US-MD,Montgomery,L31569197,"Malcolm King Park (39.121, -77.212)",39.1205865,-77.212024,2025-02-09,02:21 PM,eBird - Traveling Count,39,1,2.06,,1
S177345442,Turkey Vulture,Cathartes aura,7815,1,US-MD,Montgomery,L32384015,"Montgomery County Landfill, Gaithersburg, Maryland, US (39.123, -77.173)",39.1229591,-77.1734085,2024-05-26,01:30 PM,eBird - Traveling Count,14,1,1.384,,1
S214121244,Turkey Vulture,Cathartes aura,7815,2,US-MD,Montgomery,L40358682,"River Road, Poolesville, Maryland, US (39.113, -77.476)",39.1133163,-77.4764549,2025-02-17,02:13 PM,eBird - Traveling Count,42,1,8.047,,1
S305118682,Turkey Vulture,Cathartes aura,7815,2,US-MD,Montgomery,L53737414,Royce Hanson Conservation Park at Broad Run,39.1324176,-77.4573434,2026-03-01,03:06 PM,eBird - Traveling Count,44,1,1.343,,2
S177875501,Turkey Vulture,Cathartes aura,7815,3,US-MD,Montgomery,L32507644,"Shady Grove Metro Station, Rockville, Maryland, US (39.121, -77.163)",39.1212152,-77.1634004,2024-05-28,05:41 PM,eBird - Traveling Count,8,1,.12,,1
S203796738,Turkey Vulture,Cathartes aura,7815,1,US-MD,Montgomery,L2055457,Sycamore Landing Rd. fields,39.0839717,-77.4146461,2024-11-27,02:08 PM,eBird - Traveling Count,89,1,4.361,,2
S304654981,Turkey Vulture,Cathartes aura,7815,3,US-MD,Montgomery,L54114773,"Washington Woods Park, Gaithersburg, Maryland, US (39.113, -77.224)",39.11282,-77.2236712,2026-02-28,11:12 AM,eBird - Traveling Count,82,1,.627,,1
S188156823,Turkey Vulture,Cathartes aura,7815,1,US-MD,Montgomery,L19214285,"Welsh Park, Rockville",39.0908869,-77.1608661,2024-07-21,06:19 PM,eBird - Traveling Count,27,0,.756,,1
S239228186,Turkey Vulture,Cathartes aura,7815,4,US-MD,Prince George's,L45254500,"Cash Lake, PNWR (39.032, -76.787)",39.0321913,-76.7873085,2025-05-17,11:19 AM,eBird - Casual Observation,,0,,,1
S239213799,Turkey Vulture,Cathartes aura,7815,1,US-MD,Prince George's,L305078,Patuxent Research Refuge--South Tract (National Wildlife Visitor Center),39.0270605,-76.7991731,2025-05-17,08:28 AM,eBird - Traveling Count,149,1,6.502,,1
S235749233,Turkey Vulture,Cathartes aura,7815,1,US-DE,Sussex,L1265319,Cape Henlopen SP--The Point,38.8000272,-75.092376,2025-05-10,02:06 PM,eBird - Traveling Count,42,1,5.472,,1
S175728697,Turkey Vulture,Cathartes aura,7815,2,US-MD,Washington,L31950817,"3716 Harpers Ferry Road, Sharpsburg, Maryland, US (39.415, -77.737)",39.4153833,-77.7371018,2024-05-19,01:18 PM,eBird - Traveling Count,172,1,6.436,,3
S193754988,Turkey Vulture,Cathartes aura,7815,1,US-MD,Washington,L31950817,"3716 Harpers Ferry Road, Sharpsburg, Maryland, US (39.415, -77.737)",39.4153833,-77.7371018,2024-09-02,03:51 PM,eBird - Casual Observation,,0,,,1
S221934041,Turkey Vulture,Cathartes aura,7815,4,US-MD,Washington,L31950817,"3716 Harpers Ferry Road, Sharpsburg, Maryland, US (39.415, -77.737)",39.4153833,-77.7371018,2025-03-30,03:58 PM,eBird - Traveling Count,76,1,.07,,1
S287694532,Turkey Vulture,Cathartes aura,7815,2,US-MD,Washington,L2319467,Albert M. Powell State Fish Hatchery,39.5893755,-77.6390237,2025-12-07,01:18 PM,eBird - Traveling Count,3,1,.526,,1
S199682839,Turkey Vulture,Cathartes aura,7815,7,US-MD,Washington,L3108412,Antietam National Battlefield--Burnside Bridge,39.4505101,-77.7318442,2024-10-20,03:00 PM,eBird - Traveling Count,160,1,32.895,,3
S290209793,Turkey Vulture,Cathartes aura,7815,1,US-MD,Washington,L9230656,Antietam National Battlefield--Cornfield Trail,39.4871863,-77.749304,2025-12-25,02:59 PM,eBird - Traveling Count,51,1,39.817,,2
S177414288,Turkey Vulture,Cathartes aura,7815,6,US-MD,Washington,L512641,C&O Canal--Antietam Creek,39.417434,-77.745801,2024-05-26,05:13 PM,eBird - Traveling Count,48,1,1.609,,3
S197672933,Turkey Vulture,Cathartes aura,7815,1,US-MD,Washington,L512641,C&O Canal--Antietam Creek,39.417434,-77.745801,2024-10-05,05:15 PM,eBird - Traveling Count,60,1,6.26,,3
S203796974,Turkey Vulture,Cathartes aura,7815,4,US-MD,Washington,L512641,C&O Canal--Antietam Creek,39.417434,-77.745801,2024-11-02,04:11 PM,eBird - Traveling Count,111,1,2.35,,1
S173113419,Turkey Vulture,Cathartes aura,7815,1,US-MD,Washington,L4053312,Devil's Backbone County Park,39.538741,-77.7100086,2024-05-08,01:00 PM,eBird - Traveling Count,120,1,8.047,,2
S294752709,Turkey Vulture,Cathartes aura,7815,1,US-MD,Washington,L57331192,"John Brown Farm, Sharpsburg, Maryland, US (39.371, -77.722)",39.3708534,-77.7217407,2026-01-17,01:30 PM,eBird - Traveling Count,23,1,1.456,,2
S206657640,Turkey Vulture,Cathartes aura,7815,30,US-MD,Washington,L1135587,Mt. Briar Wetlands Preserve,39.4412971,-77.6814508,2024-12-26,02:03 PM,eBird - Traveling Count,12,1,10.432,,1
S306960721,Turkey Vulture,Cathartes aura,7815,3,US-MD,Washington,L59209237,"Private Yard, Sharpsburg, Maryland, US (39.416, -77.737)",39.4157499,-77.7373156,2026-03-07,04:48 PM,eBird - Traveling Count,41,1,.048,,2
S180559345,Turkey Vulture,Cathartes aura,7815,3,US-MD,Washington,L33056912,"Rohrbach Campground, Sharpsburg, Maryland, US (39.454, -77.731)",39.4543401,-77.7314234,2024-06-09,09:12 AM,eBird - Traveling Count,60,1,.298,,1
S250306194,Osprey,Pandion haliaetus,7832,2,US-MD,Baltimore,L517705,Fort Armistead Park (Baltimore City),39.2094705,-76.5330899,2025-06-14,02:00 PM,eBird - Traveling Count,57,1,.653,,1
S250341411,Osprey,Pandion haliaetus,7832,2,US-MD,Baltimore,L126626,Fort Howard Park,39.199,-76.44,2025-06-14,03:50 PM,eBird - Traveling Count,51,1,1.658,,1
S277297961,Osprey,Pandion haliaetus,7832,1,US-MD,Calvert,L285147,Calvert Cliffs State Park,38.3966118,-76.423091,2025-10-04,04:09 PM,eBird - Traveling Count,166,1,3.191,,1
S226075152,Osprey,Pandion haliaetus,7832,1,US-FL,Charlotte,L618537,Amberjack Environmental Park--Lemon Lake,26.8725833,-82.3001289,2025-04-16,08:52 AM,eBird - Traveling Count,100,1,1.018,,4
S226075158,Osprey,Pandion haliaetus,7832,1,US-FL,Charlotte,L618537,Amberjack Environmental Park--Lemon Lake,26.8725833,-82.3001289,2025-04-16,08:52 AM,eBird - Traveling Count,100,1,1.018,,4
S298474473,Osprey,Pandion haliaetus,7832,2,US-FL,Charlotte,L2391257,Ann Dever Memorial Regional Park,26.9182434,-82.3157501,2026-02-06,03:27 PM,eBird - Traveling Count,73,1,1.287,,2
S225653591,Osprey,Pandion haliaetus,7832,1,US-FL,Charlotte,L618241,Cedar Point Environmental Park,26.9253511,-82.334868,2025-04-14,02:41 PM,eBird - Traveling Count,95,1,4.216,,4
S226162184,Osprey,Pandion haliaetus,7832,1,US-FL,Charlotte,L618241,Cedar Point Environmental Park,26.9253511,-82.334868,2025-04-16,02:36 PM,eBird - Traveling Count,41,1,.203,,3
S298718546,Osprey,Pandion haliaetus,7832,1,US-FL,Charlotte,L618241,Cedar Point Environmental Park,26.9253511,-82.334868,2026-02-07,03:32 PM,eBird - Traveling Count,86,1,1.719,,1
S299140266,Osprey,Pandion haliaetus,7832,1,US-FL,Charlotte,L618241,Cedar Point Environmental Park,26.9253511,-82.334868,2026-02-09,08:29 AM,eBird - Traveling Count,114,1,1.533,,2
S298432896,Osprey,Pandion haliaetus,7832,3,US-FL,Charlotte,L17495505,Links Lane,26.8642861,-82.2841545,2026-02-06,11:11 AM,eBird - Traveling Count,53,1,.15,,2
S226336345,Osprey,Pandion haliaetus,7832,1,US-FL,Charlotte,L617642,Ollie's Pond Park,26.9860616,-82.1496961,2025-04-17,09:25 AM,eBird - Traveling Count,86,1,2.382,,3
S298932326,Osprey,Pandion haliaetus,7832,3,US-FL,Charlotte,L617642,Ollie's Pond Park,26.9860616,-82.1496961,2026-02-08,09:32 AM,eBird - Traveling Count,154,1,1.556,,2
S298436654,Osprey,Pandion haliaetus,7832,1,US-FL,Charlotte,L58129349,"Ponds at Publix, Placida, Florida, US (26.854, -82.29)",26.8544176,-82.2895274,2026-02-06,01:06 PM,eBird - Traveling Count,9,1,.084,,2
S309588450,Osprey,Pandion haliaetus,7832,1,US-DC,District of Columbia,L585694,Kingman Island South - Kingman Lake/Heritage Island,38.893872,-76.965301,2026-03-15,02:12 PM,eBird - Traveling Count,97,1,1.668,,1
S267805148,Osprey,Pandion haliaetus,7832,1,US-NH,Grafton,L51646794,"766 New Hampshire 116, Littleton, New Hampshire, US (44.311, -71.744)",44.3108673,-71.7440414,2025-08-17,08:17 AM,eBird - Traveling Count,5,1,4.032,,1
S225882649,Osprey,Pandion haliaetus,7832,1,US-FL,Lee,L1084111,Gasparilla Island SP,26.7174771,-82.2609043,2025-04-15,11:20 AM,eBird - Traveling Count,126,1,10.992,,2
S176497993,Osprey,Pandion haliaetus,7832,1,US-CA,Los Angeles,L20710882,"Alamitos Beach, Long Beach, CA",33.7651613,-118.1788457,2007-03-10,,Historical,,0,,,4
S216306884,Osprey,Pandion haliaetus,7832,1,US-MD,Montgomery,L34819685,Brighton Dam Azalea Garden,39.1917702,-77.0070275,2025-03-02,01:06 PM,eBird - Traveling Count,66,0,5.263,,1,,"There's both a bald eagle and an osprey on the river ahead of the dam. Little bit unusual to see when in Winter here , But they're here all spring summer and fall otherwise."
S187792544,Osprey,Pandion haliaetus,7832,1,US-MD,Montgomery,L22161519,Hughes Hollow - McKee Beshers WMA--sunflower area and eastern fields,39.076893,-77.3812916,2024-07-19,06:29 PM,eBird - Traveling Count,119,1,5.601,,1
S240002346,Osprey,Pandion haliaetus,7832,1,US-MD,Montgomery,L2769057,Little Bennett RP--Western Piedmont Trail,39.27653,-77.3071432,2025-05-18,06:20 PM,eBird - Traveling Count,44,1,1.223,,1
S270982186,Osprey,Pandion haliaetus,7832,1,US-MD,Montgomery,L453705,Patuxent River SP--Rte. 97 (Montgomery Co.),39.2380827,-77.0571345,2025-09-01,03:40 PM,eBird - Traveling Count,143,1,.802,,1
S283561628,Osprey,Pandion haliaetus,7832,1,US-MD,Montgomery,L505316,Seneca Creek SP--Clopper Lake,39.142381,-77.252465,2025-11-08,03:09 PM,eBird - Traveling Count,18,1,.151,,1
S225780448,Osprey,Pandion haliaetus,7832,1,US-CA,Orange,L982904,Upper Newport Bay--Eastbluff Dr.,33.6469213,-117.8680873,2005-09-10,09:00 AM,Historical,120,0,3.219,,,,,"First time at back bay, incomplete notes from journal and a few photos"
S248738652,Osprey,Pandion haliaetus,7832,2,US-MD,Prince George's,L305078,Patuxent Research Refuge--South Tract (National Wildlife Visitor Center),39.0270605,-76.7991731,2024-05-27,09:00 AM,Historical,60,0,3.219
S177579473,Osprey,Pandion haliaetus,7832,2,US-MD,Prince George's,L305078,Patuxent Research Refuge--South Tract (National Wildlife Visitor Center),39.0270605,-76.7991731,2024-05-27,09:22 AM,eBird - Traveling Count,131,0,8.433,,2
S239213799,Osprey,Pandion haliaetus,7832,1,US-MD,Prince George's,L305078,Patuxent Research Refuge--South Tract (National Wildlife Visitor Center),39.0270605,-76.7991731,2025-05-17,08:28 AM,eBird - Traveling Count,149,1,6.502,,1
S179436241,Osprey,Pandion haliaetus,7832,2,US-VA,Richmond City,L3542266,James River Park--Pony Pasture,37.550872,-77.5204861,2024-06-04,05:59 PM,eBird - Traveling Count,25,1,.097,,2
S280415029,Osprey,Pandion haliaetus,7832,2,US-CA,San Diego,L10053177,La Costa Ranch,33.0895832,-117.2502914,2025-10-19,03:57 PM,eBird - Stationary Count,74,1,,,1
S176388677,Osprey,Pandion haliaetus,7832,2,US-FL,Sarasota,L18609510,Deep Hole--Myakka SP Wilderness Trail,27.215375,-82.3381957,2021-02-17,,Historical,,0,,,2
S235898093,Osprey,Pandion haliaetus,7832,1,US-DE,Sussex,L2390607,Cape Henlopen SP--Gordon's Pond Beach,38.7424051,-75.0801587,2025-05-10,05:41 PM,eBird - Traveling Count,56,1,.719,,2
S235749233,Osprey,Pandion haliaetus,7832,1,US-DE,Sussex,L1265319,Cape Henlopen SP--The Point,38.8000272,-75.092376,2025-05-10,02:06 PM,eBird - Traveling Count,42,1,5.472,,1
S235862177,Osprey,Pandion haliaetus,7832,3,US-DE,Sussex,L1760833,Rehoboth  Beach,38.7160411,-75.0768757,2025-05-10,04:41 PM,eBird - Traveling Count,58,1,4.168,,1
S206617034,Osprey,Pandion haliaetus,7832,1,PR-NG,,L4451634,Bosque Nacional El Yunque--Río Cubuy,18.2653604,-65.801062,2022-05-15,,eBird - Casual Observation,,0,,,2,,,Kept notes but birding was not my primary objective.
S225780448,White-tailed Kite,Elanus leucurus,7843,1,US-CA,Orange,L982904,Upper Newport Bay--Eastbluff Dr.,33.6469213,-117.8680873,2005-09-10,09:00 AM,Historical,120,0,3.219,,,,Very commonly seen around Irvine,"First time at back bay, incomplete notes from journal and a few photos"
S280415029,White-tailed Kite,Elanus leucurus,7843,1,US-CA,San Diego,L10053177,La Costa Ranch,33.0895832,-117.2502914,2025-10-19,03:57 PM,eBird - Stationary Count,74,1,,,1
S225653591,Swallow-tailed Kite,Elanoides forficatus,7921,1,US-FL,Charlotte,L618241,Cedar Point Environmental Park,26.9253511,-82.334868,2025-04-14,02:41 PM,eBird - Traveling Count,95,1,4.216,,4
S268581701,Sharp-shinned Hawk,Accipiter striatus,8256,1,US-NH,Coos,L3547211,"Errol, private yards",44.7891067,-71.1536837,2025-08-19,10:21 AM,eBird - Casual Observation,,0,,,1,,Two birds got locked in a battle in the sky and one pinned the other underneath it and dragged it to the ground. They eventually broke up and went their separate ways.,,640606676
S195126034,Sharp-shinned Hawk,Accipiter striatus,8256,1,US-UT,Davis,L190743,Antelope Island SP,41.0465405,-112.2383881,2024-09-14,09:32 AM,eBird - Traveling Count,359,0,80.129,,1
S294986972,Sharp-shinned Hawk,Accipiter striatus,8256,1,US-VA,Fairfax,L718485,Great Falls Park,38.9937,-77.2553,2026-01-18,12:14 PM,eBird - Traveling Count,51,1,.724,,1
S217261941,Sharp-shinned Hawk,Accipiter striatus,8256,1,US-MD,Frederick,L1739857,Catoctin Creek Park,39.392925,-77.5639615,2025-03-08,11:54 AM,eBird - Traveling Count,32,0,43.418,,1
S206651820,Sharp-shinned Hawk,Accipiter striatus,8256,1,US-MD,Montgomery,L33038592,"270 North (39.239, -77.291)",39.2393341,-77.291275,2024-12-26,01:09 PM,eBird - Traveling Count,23,0,21.457,,1
S203796738,Sharp-shinned Hawk,Accipiter striatus,8256,1,US-MD,Montgomery,L2055457,Sycamore Landing Rd. fields,39.0839717,-77.4146461,2024-11-27,02:08 PM,eBird - Traveling Count,89,1,4.361,,2,,A single individual perched on a snag appeared to be watching a nearby red headed woodpecker. Very small hawk with red breast and a falcon like appearance.
S197672933,Sharp-shinned Hawk,Accipiter striatus,8256,1,US-MD,Washington,L512641,C&O Canal--Antietam Creek,39.417434,-77.745801,2024-10-05,05:15 PM,eBird - Traveling Count,60,1,6.26,,3
S217261941,Cooper's Hawk,Astur cooperii,8278,1,US-MD,Frederick,L1739857,Catoctin Creek Park,39.392925,-77.5639615,2025-03-08,11:54 AM,eBird - Traveling Count,32,0,43.418,,1
S214106150,Cooper's Hawk,Astur cooperii,8278,1,US-MD,Montgomery,L40357404,"15000 Mount Nebo Road, Poolesville, Maryland, US (39.105, -77.448)",39.1045786,-77.4482606,2025-02-17,01:49 PM,eBird - Casual Observation,,0,,,1
S274969283,Cooper's Hawk,Astur cooperii,8278,1,US-MD,Montgomery,L230151,Blue Mash Nature Trail,39.1939588,-77.1060175,2025-09-22,06:06 PM,eBird - Traveling Count,57,1,2.145,,1
S316385681,Cooper's Hawk,Astur cooperii,8278,1,US-MD,Montgomery,L33913928,"Camden Retention Pond, Gaithersburg, Maryland, US (39.12, -77.206)",39.1197497,-77.2064087,2026-04-03,01:09 PM,eBird - Traveling Count,39,1,1.061,,1,,This fella better be careful creeping in on the red shoulders territory here. Distinctive gray blue back with black striped tail feathers.
S173332427,Cooper's Hawk,Astur cooperii,8278,1,US-MD,Montgomery,L9055068,Hibiscus court Maryland,39.1187154,-77.2108193,2023-11-22,10:10 AM,eBird - Stationary Count,30,1,,,2
S177681042,Cooper's Hawk,Astur cooperii,8278,1,US-MD,Montgomery,L9055068,Hibiscus court Maryland,39.1187154,-77.2108193,2024-05-27,04:45 PM,eBird - Traveling Count,89,1,1.979,,1
S184845781,Cooper's Hawk,Astur cooperii,8278,1,US-MD,Montgomery,L31569197,"Malcolm King Park (39.121, -77.212)",39.1205865,-77.212024,2024-07-01,06:57 PM,eBird - Traveling Count,60,1,.06,,1
S240415495,Cooper's Hawk,Astur cooperii,8278,1,US-MD,Montgomery,L31569197,"Malcolm King Park (39.121, -77.212)",39.1205865,-77.212024,2025-05-19,08:22 PM,eBird - Traveling Count,14,1,.772,,1
S296602619,Cooper's Hawk,Astur cooperii,8278,1,US-MD,Montgomery,L53737414,Royce Hanson Conservation Park at Broad Run,39.1324176,-77.4573434,2026-01-27,03:24 PM,eBird - Traveling Count,36,1,2.222,,1
S283561628,Cooper's Hawk,Astur cooperii,8278,1,US-MD,Montgomery,L505316,Seneca Creek SP--Clopper Lake,39.142381,-77.252465,2025-11-08,03:09 PM,eBird - Traveling Count,18,1,.151,,1
S280415029,Cooper's Hawk,Astur cooperii,8278,0,US-CA,San Diego,L10053177,La Costa Ranch,33.0895832,-117.2502914,2025-10-19,03:57 PM,eBird - Stationary Count,74,1,,,1
S173683770,Northern Harrier,Circus hudsonius,8324,1,US-DC,District of Columbia,L490336,C&O Canal--Fletcher's Cove (Fletcher's Boathouse),38.9188853,-77.1022224,2017-04-05,01:25 PM,eBird - Traveling Count,75,1,2.414,,3,,,With Paul Charron and Chris Marcum
S288758503,Northern Harrier,Circus hudsonius,8324,1,US-MD,Montgomery,L53737414,Royce Hanson Conservation Park at Broad Run,39.1324176,-77.4573434,2025-12-15,04:21 PM,eBird - Traveling Count,12,1,.433,,1
S280415029,Northern Harrier,Circus hudsonius,8324,1,US-CA,San Diego,L10053177,La Costa Ranch,33.0895832,-117.2502914,2025-10-19,03:57 PM,eBird - Stationary Count,74,1,,,1
S177419574,Northern Harrier,Circus hudsonius,8324,1,US-MD,Washington,L31950817,"3716 Harpers Ferry Road, Sharpsburg, Maryland, US (39.415, -77.737)",39.4153833,-77.7371018,2024-05-26,06:06 PM,eBird - Traveling Count,15,0,12.975,,1
S273283091,Red Kite,Milvus milvus,8342,1,CH-VD,,L2545642,Bois de Chênes,46.4377534,6.2347841,2025-09-14,11:21 AM,eBird - Stationary Count,47,1,,,1
S274490359,Red Kite,Milvus milvus,8342,1,CH-GE,,L9307354,CERN (restricted access),46.2324564,6.0521808,2025-09-16,02:34 PM,eBird - Traveling Count,205,1,5.692,,1
S273320633,Red Kite,Milvus milvus,8342,2,CH-VD,,L52825255,Domaine La Capitaine,46.4356944,6.2608663,2025-09-14,01:52 PM,eBird - Traveling Count,54,1,1.063,,1
S273320633,Black Kite,Milvus migrans,8345,1,CH-VD,,L52825255,Domaine La Capitaine,46.4356944,6.2608663,2025-09-14,01:52 PM,eBird - Traveling Count,54,1,1.063,,1
S277297961,Bald Eagle,Haliaeetus leucocephalus,8367,2,US-MD,Calvert,L285147,Calvert Cliffs State Park,38.3966118,-76.423091,2025-10-04,04:09 PM,eBird - Traveling Count,166,1,3.191,,1
S298432896,Bald Eagle,Haliaeetus leucocephalus,8367,2,US-FL,Charlotte,L17495505,Links Lane,26.8642861,-82.2841545,2026-02-06,11:11 AM,eBird - Traveling Count,53,1,.15,,2
S299224660,Bald Eagle,Haliaeetus leucocephalus,8367,1,US-FL,Charlotte,L17495505,Links Lane,26.8642861,-82.2841545,2026-02-09,03:08 PM,eBird - Traveling Count,127,1,.246,,2
S226336345,Bald Eagle,Haliaeetus leucocephalus,8367,1,US-FL,Charlotte,L617642,Ollie's Pond Park,26.9860616,-82.1496961,2025-04-17,09:25 AM,eBird - Traveling Count,86,1,2.382,,3
S298942097,Bald Eagle,Haliaeetus leucocephalus,8367,1,US-FL,Charlotte,L14189493,Praise Tabernacle Church Pond,26.9752209,-82.1445278,2026-02-08,12:21 PM,eBird - Stationary Count,21,1,,,2
S206613560,Bald Eagle,Haliaeetus leucocephalus,8367,1,US-NH,Coos,L12723083,Errol Downtown,44.7801749,-71.1354232,2024-12-20,05:17 PM,eBird - Casual Observation,,0,,,2,,,,628031680
S220188015,Bald Eagle,Haliaeetus leucocephalus,8367,1,US-VA,Fairfax,L718485,Great Falls Park,38.9937,-77.2553,2025-03-22,03:58 PM,eBird - Traveling Count,66,1,1.044,,3
S294986972,Bald Eagle,Haliaeetus leucocephalus,8367,1,US-VA,Fairfax,L718485,Great Falls Park,38.9937,-77.2553,2026-01-18,12:14 PM,eBird - Traveling Count,51,1,.724,,1
S267871655,Bald Eagle,Haliaeetus leucocephalus,8367,2,US-NH,Grafton,L7922375,Little Squam Lake (overall),43.7196644,-71.603472,2025-08-17,09:29 AM,eBird - Traveling Count,163,1,9.725,,1
S296035915,Bald Eagle,Haliaeetus leucocephalus,8367,3,US-MD,Montgomery,L459907,"Black Hill RP--Little Seneca Lake, Rte.121",39.189427,-77.309455,2026-01-24,01:48 PM,eBird - Traveling Count,33,1,.26,,6
S216306884,Bald Eagle,Haliaeetus leucocephalus,8367,1,US-MD,Montgomery,L34819685,Brighton Dam Azalea Garden,39.1917702,-77.0070275,2025-03-02,01:06 PM,eBird - Traveling Count,66,0,5.263,,1
S220359138,Bald Eagle,Haliaeetus leucocephalus,8367,1,US-MD,Montgomery,L34819685,Brighton Dam Azalea Garden,39.1917702,-77.0070275,2025-03-23,05:06 PM,eBird - Traveling Count,43,1,7.419,,1
S312069147,Bald Eagle,Haliaeetus leucocephalus,8367,1,US-MD,Montgomery,L126620,Hughes Hollow - McKee Beshers WMA,39.0803767,-77.4035096,2026-03-22,12:35 PM,eBird - Traveling Count,36,1,.657,,2
S315703473,Bald Eagle,Haliaeetus leucocephalus,8367,2,US-MD,Montgomery,L126620,Hughes Hollow - McKee Beshers WMA,39.0803767,-77.4035096,2026-04-01,05:00 PM,eBird - Traveling Count,58,1,.544,,1,,,This was an absolutely stunning evening. Lots of birds. Couple of unexpected visitors like the blue winged teal and a nice show from the red-headed woodpeckers.
S187792544,Bald Eagle,Haliaeetus leucocephalus,8367,1,US-MD,Montgomery,L22161519,Hughes Hollow - McKee Beshers WMA--sunflower area and eastern fields,39.076893,-77.3812916,2024-07-19,06:29 PM,eBird - Traveling Count,119,1,5.601,,1
S206614569,Bald Eagle,Haliaeetus leucocephalus,8367,2,US-MD,Montgomery,L224286,Lake Frank,39.1028755,-77.1198104,2022-01-27,08:00 AM,Historical,60,0,3.219,,2,,,,628031859
S305975213,Bald Eagle,Haliaeetus leucocephalus,8367,1,US-MD,Montgomery,L59604013,"Maryland, US (39.103, -77.221)",39.1030308,-77.2206987,2026-03-04,03:55 PM,eBird - Casual Observation,,0,,,1,,"Sitting at the top of a tree at the edge of the farm field, closest to darnstown road."
S276159653,Bald Eagle,Haliaeetus leucocephalus,8367,1,US-MD,Montgomery,L11140089,"Rio Park, Gaithersburg",39.1168491,-77.1972698,2025-09-28,11:11 AM,eBird - Traveling Count,206,1,8.384,,1
S176388677,Bald Eagle,Haliaeetus leucocephalus,8367,2,US-FL,Sarasota,L18609510,Deep Hole--Myakka SP Wilderness Trail,27.215375,-82.3381957,2021-02-17,,Historical,,0,,,2,,,,619447536
S235749233,Bald Eagle,Haliaeetus leucocephalus,8367,1,US-DE,Sussex,L1265319,Cape Henlopen SP--The Point,38.8000272,-75.092376,2025-05-10,02:06 PM,eBird - Traveling Count,42,1,5.472,,1
S177414288,Bald Eagle,Haliaeetus leucocephalus,8367,2,US-MD,Washington,L512641,C&O Canal--Antietam Creek,39.417434,-77.745801,2024-05-26,05:13 PM,eBird - Traveling Count,48,1,1.609,,3
S173113419,Bald Eagle,Haliaeetus leucocephalus,8367,2,US-MD,Washington,L4053312,Devil's Backbone County Park,39.538741,-77.7100086,2024-05-08,01:00 PM,eBird - Traveling Count,120,1,8.047,,2,,One immature and one mature. They were fishing in the creek.
S180559345,Bald Eagle,Haliaeetus leucocephalus,8367,1,US-MD,Washington,L33056912,"Rohrbach Campground, Sharpsburg, Maryland, US (39.454, -77.731)",39.4543401,-77.7314234,2024-06-09,09:12 AM,eBird - Traveling Count,60,1,.298,,1
S188156823,Mississippi Kite,Ictinia mississippiensis,8388,2,US-MD,Montgomery,L19214285,"Welsh Park, Rockville",39.0908869,-77.1608661,2024-07-21,06:19 PM,eBird - Traveling Count,27,0,.756,,1,,Saw and have photos of an adult and a juvenile who is barely hopping out of the nest.,,621741519
S191290375,Broad-winged Hawk,Buteo platypterus,8479,1,US-MD,Montgomery,L9055068,Hibiscus court Maryland,39.1187154,-77.2108193,2024-08-13,08:26 AM,eBird - Traveling Count,19,1,.626,,1,,"A once common visitor to the park I haven't seen the broad winged in about a year until today. The thick black and white bands on the tail feathers, dark morph and very pointy wingtips distinguish it easily from our local nesting red shouldered hawks. The last time I saw this bird here the red shouldered pair freaked out but this time only the blue Jays were mobbing it as it hunted from a bird feeder."
S299140266,Red-shouldered Hawk,Buteo lineatus,8487,1,US-FL,Charlotte,L618241,Cedar Point Environmental Park,26.9253511,-82.334868,2026-02-09,08:29 AM,eBird - Traveling Count,114,1,1.533,,2
S298683570,Red-shouldered Hawk,Buteo lineatus,8487,1,US-FL,Charlotte,L21750506,"Live Oak Blvd, Prairie Creek Preserve entrance road",27.005263,-81.929974,2026-02-07,09:07 AM,eBird - Traveling Count,83,1,4.837,,2
S226336345,Red-shouldered Hawk,Buteo lineatus,8487,1,US-FL,Charlotte,L617642,Ollie's Pond Park,26.9860616,-82.1496961,2025-04-17,09:25 AM,eBird - Traveling Count,86,1,2.382,,3
S298932326,Red-shouldered Hawk,Buteo lineatus,8487,1,US-FL,Charlotte,L617642,Ollie's Pond Park,26.9860616,-82.1496961,2026-02-08,09:32 AM,eBird - Traveling Count,154,1,1.556,,2
S298942097,Red-shouldered Hawk,Buteo lineatus,8487,1,US-FL,Charlotte,L14189493,Praise Tabernacle Church Pond,26.9752209,-82.1445278,2026-02-08,12:21 PM,eBird - Stationary Count,21,1,,,2
S299162126,Red-shouldered Hawk,Buteo lineatus,8487,1,US-FL,Charlotte,L855856,Stump Pass Beach SP,26.9022934,-82.346805,2026-02-09,11:14 AM,eBird - Traveling Count,37,1,.898,,2
S197043896,Red-shouldered Hawk,Buteo lineatus,8487,1,US-DC,District of Columbia,L1013541,The White House,38.8975294,-77.0364976,2024-09-30,11:00 AM,eBird - Traveling Count,102,1,.233,,1
S205242909,Red-shouldered Hawk,Buteo lineatus,8487,1,US-DC,District of Columbia,L1013541,The White House,38.8975294,-77.0364976,2024-12-13,10:27 AM,eBird - Traveling Count,2,1,.061,,1
S220188015,Red-shouldered Hawk,Buteo lineatus,8487,2,US-VA,Fairfax,L718485,Great Falls Park,38.9937,-77.2553,2025-03-22,03:58 PM,eBird - Traveling Count,66,1,1.044,,3
S292147729,Red-shouldered Hawk,Buteo lineatus,8487,1,US-VA,Fairfax,L718485,Great Falls Park,38.9937,-77.2553,2026-01-03,12:19 PM,eBird - Traveling Count,8,1,.1,,1
S217261941,Red-shouldered Hawk,Buteo lineatus,8487,1,US-MD,Frederick,L1739857,Catoctin Creek Park,39.392925,-77.5639615,2025-03-08,11:54 AM,eBird - Traveling Count,32,0,43.418,,1
S304714269,Red-shouldered Hawk,Buteo lineatus,8487,1,US-MD,Frederick,L1739857,Catoctin Creek Park,39.392925,-77.5639615,2026-02-28,02:18 PM,eBird - Traveling Count,54,1,3.215,,1,,,Really nice day about 65° very few birds though at catoctin Park
S285631919,Red-shouldered Hawk,Buteo lineatus,8487,1,US-MD,Frederick,L473415,New Design Road,39.2903356,-77.4676037,2025-11-02,12:56 PM,eBird - Traveling Count,207,1,7.02,,1
S256585579,Red-shouldered Hawk,Buteo lineatus,8487,1,US-MD,Frederick,L12242883,Othello Regional Park,39.346886,-77.601207,2025-07-03,03:50 PM,eBird - Traveling Count,18,1,1.195,,1
S206655156,Red-shouldered Hawk,Buteo lineatus,8487,3,US-MD,Frederick,L38875040,"Washington National Pike, Frederick, Maryland, US (39.358, -77.396)",39.3577117,-77.3958282,2024-12-26,01:37 PM,eBird - Traveling Count,18,1,30.209,,1
S219838300,Red-shouldered Hawk,Buteo lineatus,8487,1,US-MD,Montgomery,L41478272,"18303 Muncaster Road, Rockville, Maryland, US (39.152, -77.129)",39.1521235,-77.1293639,2025-03-21,04:45 PM,eBird - Traveling Count,15,1,.676,,1
S201163113,Red-shouldered Hawk,Buteo lineatus,8487,1,US-MD,Montgomery,L37779595,"18953 Abbotsford Circle, Germantown, Maryland, US (39.164, -77.239)",39.1644592,-77.238655,2024-11-02,01:37 PM,eBird - Traveling Count,30,0,45.575,,1
S293415200,Red-shouldered Hawk,Buteo lineatus,8487,2,US-MD,Montgomery,L57047379,"A Fields Road Elementary, Gaithersburg, Maryland, US (39.119, -77.215)",39.1188882,-77.2150482,2026-01-09,08:35 AM,eBird - Casual Observation,,0,,,1
S302434906,Red-shouldered Hawk,Buteo lineatus,8487,2,US-MD,Montgomery,L57047379,"A Fields Road Elementary, Gaithersburg, Maryland, US (39.119, -77.215)",39.1188882,-77.2150482,2026-02-20,09:10 AM,eBird - Traveling Count,91,1,1.206,,1
S305582448,Red-shouldered Hawk,Buteo lineatus,8487,2,US-MD,Montgomery,L57047379,"A Fields Road Elementary, Gaithersburg, Maryland, US (39.119, -77.215)",39.1188882,-77.2150482,2026-03-03,08:42 AM,eBird - Traveling Count,29,1,.426,,1
S173968054,Red-shouldered Hawk,Buteo lineatus,8487,X,US-MD,Montgomery,L285049,Agricultural History Farm Park,39.1610805,-77.1322894,2024-05-12,10:26 AM,eBird - Traveling Count,104,1,2.414,,1
S287726423,Red-shouldered Hawk,Buteo lineatus,8487,0,US-MD,Montgomery,L285049,Agricultural History Farm Park,39.1610805,-77.1322894,2025-12-07,03:07 PM,eBird - Traveling Count,87,1,1.583,,2
S189398872,Red-shouldered Hawk,Buteo lineatus,8487,1,US-MD,Montgomery,L7383392,Bohrer Park,39.1329353,-77.1933532,2024-07-29,08:46 AM,eBird - Traveling Count,15,1,.933,,1
S232647749,Red-shouldered Hawk,Buteo lineatus,8487,2,US-MD,Montgomery,L33913928,"Camden Retention Pond, Gaithersburg, Maryland, US (39.12, -77.206)",39.1197497,-77.2064087,2025-05-03,03:19 PM,eBird - Traveling Count,32,1,1.03,,1
S276159786,Red-shouldered Hawk,Buteo lineatus,8487,1,US-MD,Montgomery,L33913928,"Camden Retention Pond, Gaithersburg, Maryland, US (39.12, -77.206)",39.1197497,-77.2064087,2025-09-27,11:00 AM,eBird - Traveling Count,37,1,1.082,,1
S281282055,Red-shouldered Hawk,Buteo lineatus,8487,2,US-MD,Montgomery,L33913928,"Camden Retention Pond, Gaithersburg, Maryland, US (39.12, -77.206)",39.1197497,-77.2064087,2025-10-25,12:08 PM,eBird - Traveling Count,28,1,.952,,1
S286498638,Red-shouldered Hawk,Buteo lineatus,8487,1,US-MD,Montgomery,L33913928,"Camden Retention Pond, Gaithersburg, Maryland, US (39.12, -77.206)",39.1197497,-77.2064087,2025-11-28,12:14 PM,eBird - Traveling Count,18,1,.577,,1
S291020793,Red-shouldered Hawk,Buteo lineatus,8487,1,US-MD,Montgomery,L33913928,"Camden Retention Pond, Gaithersburg, Maryland, US (39.12, -77.206)",39.1197497,-77.2064087,2025-12-29,11:39 AM,eBird - Traveling Count,9,1,.336,,1
S294242612,Red-shouldered Hawk,Buteo lineatus,8487,2,US-MD,Montgomery,L33913928,"Camden Retention Pond, Gaithersburg, Maryland, US (39.12, -77.206)",39.1197497,-77.2064087,2026-01-14,03:41 PM,eBird - Traveling Count,18,1,.518,,1
S316385681,Red-shouldered Hawk,Buteo lineatus,8487,2,US-MD,Montgomery,L33913928,"Camden Retention Pond, Gaithersburg, Maryland, US (39.12, -77.206)",39.1197497,-77.2064087,2026-04-03,01:09 PM,eBird - Traveling Count,39,1,1.061,,1
S230164377,Red-shouldered Hawk,Buteo lineatus,8487,1,US-MD,Montgomery,L42214720,"Camp Seneca, Maryland, US (39.177, -77.302)",39.1772081,-77.3018305,2025-04-27,01:45 PM,eBird - Traveling Count,50,1,.49,,1
S278982875,Red-shouldered Hawk,Buteo lineatus,8487,1,US-MD,Montgomery,L29852635,Conservation Lane,39.121784,-77.2222379,2025-10-11,10:58 AM,eBird - Traveling Count,28,0,11.821,,1
S295165095,Red-shouldered Hawk,Buteo lineatus,8487,1,US-MD,Montgomery,L56914155,"Crown Woods, Gaithersburg, Maryland, US (39.117, -77.211)",39.1166315,-77.2109226,2026-01-19,10:10 AM,eBird - Traveling Count,39,1,1.508,,1
S307416067,Red-shouldered Hawk,Buteo lineatus,8487,1,US-MD,Montgomery,L56914155,"Crown Woods, Gaithersburg, Maryland, US (39.117, -77.211)",39.1166315,-77.2109226,2026-03-08,06:00 PM,eBird - Traveling Count,5,1,.101,,1,,,74°. Nice big gang of cedar wax wings
S308724484,Red-shouldered Hawk,Buteo lineatus,8487,2,US-MD,Montgomery,L56914155,"Crown Woods, Gaithersburg, Maryland, US (39.117, -77.211)",39.1166315,-77.2109226,2026-03-13,08:51 AM,eBird - Traveling Count,21,1,.606,,1,,,Looks like the crown woods red shouldered Hawks have lost their first nest and are building a second one in a different tree. Very brisk morning. Lots of alerts from the Hawks neighbors.
S308124285,Red-shouldered Hawk,Buteo lineatus,8487,1,US-MD,Montgomery,L42096446,"Dufief Muddy Branch Park, North Potomac, Maryland, US (39.105, -77.236)",39.1045983,-77.2364397,2026-03-10,06:10 PM,eBird - Traveling Count,35,1,.668,,1
S315223385,Red-shouldered Hawk,Buteo lineatus,8487,1,US-MD,Montgomery,L42096446,"Dufief Muddy Branch Park, North Potomac, Maryland, US (39.105, -77.236)",39.1045983,-77.2364397,2026-03-31,01:10 PM,eBird - Traveling Count,41,1,.693,,1
S175882870,Red-shouldered Hawk,Buteo lineatus,8487,1,US-MD,Montgomery,L9055068,Hibiscus court Maryland,39.1187154,-77.2108193,2024-05-20,08:45 AM,eBird - Stationary Count,4,1,,,1
S176115246,Red-shouldered Hawk,Buteo lineatus,8487,2,US-MD,Montgomery,L9055068,Hibiscus court Maryland,39.1187154,-77.2108193,2024-05-21,07:09 AM,eBird - Traveling Count,14,1,.694,,1
S176529751,Red-shouldered Hawk,Buteo lineatus,8487,X,US-MD,Montgomery,L9055068,Hibiscus court Maryland,39.1187154,-77.2108193,2024-05-23,08:49 AM,eBird - Traveling Count,46,1,1.706,,1
S176723839,Red-shouldered Hawk,Buteo lineatus,8487,X,US-MD,Montgomery,L9055068,Hibiscus court Maryland,39.1187154,-77.2108193,2024-05-24,08:49 AM,eBird - Traveling Count,19,1,.733,,1
S177681042,Red-shouldered Hawk,Buteo lineatus,8487,4,US-MD,Montgomery,L9055068,Hibiscus court Maryland,39.1187154,-77.2108193,2024-05-27,04:45 PM,eBird - Traveling Count,89,1,1.979,,1,,Two adults and two chicks
S182239020,Red-shouldered Hawk,Buteo lineatus,8487,4,US-MD,Montgomery,L9055068,Hibiscus court Maryland,39.1187154,-77.2108193,2024-06-18,07:32 AM,eBird - Traveling Count,23,1,1.094,,1,,,,620565914
S199449237,Red-shouldered Hawk,Buteo lineatus,8487,2,US-MD,Montgomery,L9055068,Hibiscus court Maryland,39.1187154,-77.2108193,2024-10-16,08:36 AM,eBird - Casual Observation,,0,,,1
S203971701,Red-shouldered Hawk,Buteo lineatus,8487,1,US-MD,Montgomery,L9055068,Hibiscus court Maryland,39.1187154,-77.2108193,2024-11-29,12:14 PM,eBird - Casual Observation,,0,,,2
S239703804,Red-shouldered Hawk,Buteo lineatus,8487,1,US-MD,Montgomery,L9055068,Hibiscus court Maryland,39.1187154,-77.2108193,2025-05-18,10:01 AM,eBird - Stationary Count,30,1,,,1
S240755396,Red-shouldered Hawk,Buteo lineatus,8487,1,US-MD,Montgomery,L9055068,Hibiscus court Maryland,39.1187154,-77.2108193,2025-05-20,07:29 PM,eBird - Traveling Count,22,1,.981,,1
S245892700,Red-shouldered Hawk,Buteo lineatus,8487,1,US-MD,Montgomery,L9055068,Hibiscus court Maryland,39.1187154,-77.2108193,2025-06-02,09:09 AM,eBird - Traveling Count,9,1,.177,,1
S253101356,Red-shouldered Hawk,Buteo lineatus,8487,1,US-MD,Montgomery,L9055068,Hibiscus court Maryland,39.1187154,-77.2108193,2025-06-22,10:19 AM,eBird - Stationary Count,2,1,,,1
S264217115,Red-shouldered Hawk,Buteo lineatus,8487,1,US-MD,Montgomery,L9055068,Hibiscus court Maryland,39.1187154,-77.2108193,2025-08-01,11:16 AM,eBird - Stationary Count,12,1,,,1
S293642036,Red-shouldered Hawk,Buteo lineatus,8487,1,US-MD,Montgomery,L9055068,Hibiscus court Maryland,39.1187154,-77.2108193,2026-01-10,10:27 AM,eBird - Traveling Count,91,1,.281,,1
S293693389,Red-shouldered Hawk,Buteo lineatus,8487,1,US-MD,Montgomery,L9055068,Hibiscus court Maryland,39.1187154,-77.2108193,2026-01-11,11:32 AM,eBird - Traveling Count,10,1,.36,,1
S295476283,Red-shouldered Hawk,Buteo lineatus,8487,1,US-MD,Montgomery,L9055068,Hibiscus court Maryland,39.1187154,-77.2108193,2026-01-21,07:53 AM,eBird - Stationary Count,33,1,,,1
S295629570,Red-shouldered Hawk,Buteo lineatus,8487,1,US-MD,Montgomery,L9055068,Hibiscus court Maryland,39.1187154,-77.2108193,2026-01-22,08:38 AM,eBird - Traveling Count,20,1,.414,,1
S296397089,Red-shouldered Hawk,Buteo lineatus,8487,1,US-MD,Montgomery,L9055068,Hibiscus court Maryland,39.1187154,-77.2108193,2026-01-26,07:26 AM,eBird - Stationary Count,68,1,,,1
S297843285,Red-shouldered Hawk,Buteo lineatus,8487,2,US-MD,Montgomery,L9055068,Hibiscus court Maryland,39.1187154,-77.2108193,2026-02-03,07:52 AM,eBird - Stationary Count,25,1,,,1
S299526270,Red-shouldered Hawk,Buteo lineatus,8487,1,US-MD,Montgomery,L9055068,Hibiscus court Maryland,39.1187154,-77.2108193,2026-02-11,08:47 AM,eBird - Traveling Count,21,1,.585,,1
S299756045,Red-shouldered Hawk,Buteo lineatus,8487,1,US-MD,Montgomery,L9055068,Hibiscus court Maryland,39.1187154,-77.2108193,2026-02-12,10:39 AM,eBird - Traveling Count,26,1,.501,,1
S301133523,Red-shouldered Hawk,Buteo lineatus,8487,1,US-MD,Montgomery,L9055068,Hibiscus court Maryland,39.1187154,-77.2108193,2026-02-15,02:50 PM,eBird - Stationary Count,130,1,,,2
S301327375,Red-shouldered Hawk,Buteo lineatus,8487,1,US-MD,Montgomery,L9055068,Hibiscus court Maryland,39.1187154,-77.2108193,2026-02-16,08:38 AM,eBird - Stationary Count,35,1,,,1
S301916007,Red-shouldered Hawk,Buteo lineatus,8487,1,US-MD,Montgomery,L9055068,Hibiscus court Maryland,39.1187154,-77.2108193,2026-02-17,03:30 PM,eBird - Stationary Count,35,1,,,1
S307587013,Red-shouldered Hawk,Buteo lineatus,8487,1,US-MD,Montgomery,L9055068,Hibiscus court Maryland,39.1187154,-77.2108193,2026-03-09,09:15 AM,eBird - Traveling Count,18,1,.498,,1,,,Gorgeous morning. So many resident birds chirping and building nests.
S308522559,Red-shouldered Hawk,Buteo lineatus,8487,1,US-MD,Montgomery,L9055068,Hibiscus court Maryland,39.1187154,-77.2108193,2026-03-12,10:46 AM,eBird - Stationary Count,6,1,,,1,,,A miserable day with a wintry mix of precipitation and very few birds about.
S309775448,Red-shouldered Hawk,Buteo lineatus,8487,1,US-MD,Montgomery,L9055068,Hibiscus court Maryland,39.1187154,-77.2108193,2026-03-16,10:09 AM,eBird - Traveling Count,37,1,.068,,1
S316020343,Red-shouldered Hawk,Buteo lineatus,8487,1,US-MD,Montgomery,L9055068,Hibiscus court Maryland,39.1187154,-77.2108193,2026-04-02,02:22 PM,eBird - Stationary Count,104,1,,,1,,,It is a very cold day and the birds aren't very active outside my window.
S227622469,Red-shouldered Hawk,Buteo lineatus,8487,1,US-MD,Montgomery,L126620,Hughes Hollow - McKee Beshers WMA,39.0803767,-77.4035096,2025-04-20,05:15 PM,eBird - Traveling Count,87,1,2.301,,1
S253053193,Red-shouldered Hawk,Buteo lineatus,8487,1,US-MD,Montgomery,L126620,Hughes Hollow - McKee Beshers WMA,39.0803767,-77.4035096,2025-06-22,06:50 AM,eBird - Traveling Count,99,1,1.237,,1
S314489044,Red-shouldered Hawk,Buteo lineatus,8487,1,US-MD,Montgomery,L126620,Hughes Hollow - McKee Beshers WMA,39.0803767,-77.4035096,2026-03-29,02:54 PM,eBird - Traveling Count,36,1,2.047,,2
S285631806,Red-shouldered Hawk,Buteo lineatus,8487,1,US-MD,Montgomery,L22161519,Hughes Hollow - McKee Beshers WMA--sunflower area and eastern fields,39.076893,-77.3812916,2025-11-22,12:53 PM,eBird - Traveling Count,53,1,3.085,,2
S214096790,Red-shouldered Hawk,Buteo lineatus,8487,2,US-MD,Montgomery,L13399500,Izaak Walton Way (bird from road only),39.0938129,-77.4242505,2025-02-17,12:59 PM,eBird - Traveling Count,14,1,2.72,,1
S303064806,Red-shouldered Hawk,Buteo lineatus,8487,2,US-MD,Montgomery,L11978481,"Lakeforest Mall stormwater ponds, Gaithersburg",39.1529726,-77.2085064,2026-02-22,11:21 AM,eBird - Traveling Count,62,1,8.579,,1
S173483643,Red-shouldered Hawk,Buteo lineatus,8487,2,US-MD,Montgomery,L31569197,"Malcolm King Park (39.121, -77.212)",39.1205865,-77.212024,2024-05-11,09:34 AM,eBird - Traveling Count,37,1,1.189,,2,,,Just our daily morning dog walk!
S174427926,Red-shouldered Hawk,Buteo lineatus,8487,X,US-MD,Montgomery,L31569197,"Malcolm King Park (39.121, -77.212)",39.1205865,-77.212024,2024-05-14,07:33 AM,eBird - Traveling Count,16,1,.805,,1
S184845781,Red-shouldered Hawk,Buteo lineatus,8487,1,US-MD,Montgomery,L31569197,"Malcolm King Park (39.121, -77.212)",39.1205865,-77.212024,2024-07-01,06:57 PM,eBird - Traveling Count,60,1,.06,,1
S212659650,Red-shouldered Hawk,Buteo lineatus,8487,1,US-MD,Montgomery,L31569197,"Malcolm King Park (39.121, -77.212)",39.1205865,-77.212024,2025-02-09,02:21 PM,eBird - Traveling Count,39,1,2.06,,1
S225232220,Red-shouldered Hawk,Buteo lineatus,8487,1,US-MD,Montgomery,L31569197,"Malcolm King Park (39.121, -77.212)",39.1205865,-77.212024,2025-04-13,10:38 AM,eBird - Traveling Count,35,1,.805,,2
S232178059,Red-shouldered Hawk,Buteo lineatus,8487,1,US-MD,Montgomery,L31569197,"Malcolm King Park (39.121, -77.212)",39.1205865,-77.212024,2025-05-02,05:38 PM,eBird - Traveling Count,19,1,1.014,,1
S246582636,Red-shouldered Hawk,Buteo lineatus,8487,1,US-MD,Montgomery,L31569197,"Malcolm King Park (39.121, -77.212)",39.1205865,-77.212024,2025-06-04,08:20 AM,eBird - Traveling Count,9,1,.554,,1
S250837526,Red-shouldered Hawk,Buteo lineatus,8487,1,US-MD,Montgomery,L31569197,"Malcolm King Park (39.121, -77.212)",39.1205865,-77.212024,2025-06-15,05:46 PM,eBird - Traveling Count,36,1,2.063,,1
S253943888,Red-shouldered Hawk,Buteo lineatus,8487,1,US-MD,Montgomery,L31569197,"Malcolm King Park (39.121, -77.212)",39.1205865,-77.212024,2025-06-25,08:14 AM,eBird - Traveling Count,12,1,.602,,1
S282549377,Red-shouldered Hawk,Buteo lineatus,8487,1,US-MD,Montgomery,L31569197,"Malcolm King Park (39.121, -77.212)",39.1205865,-77.212024,2025-11-02,10:30 AM,eBird - Traveling Count,24,1,.873,,1
S290182812,Red-shouldered Hawk,Buteo lineatus,8487,1,US-MD,Montgomery,L31569197,"Malcolm King Park (39.121, -77.212)",39.1205865,-77.212024,2025-12-25,12:06 PM,eBird - Traveling Count,27,1,1.078,,1
S294532327,Red-shouldered Hawk,Buteo lineatus,8487,1,US-MD,Montgomery,L31569197,"Malcolm King Park (39.121, -77.212)",39.1205865,-77.212024,2026-01-16,10:11 AM,eBird - Traveling Count,20,1,.786,,1
S302680251,Red-shouldered Hawk,Buteo lineatus,8487,2,US-MD,Montgomery,L31569197,"Malcolm King Park (39.121, -77.212)",39.1205865,-77.212024,2026-02-21,08:56 AM,eBird - Traveling Count,15,1,.76,,1
S306793326,Red-shouldered Hawk,Buteo lineatus,8487,2,US-MD,Montgomery,L31569197,"Malcolm King Park (39.121, -77.212)",39.1205865,-77.212024,2026-03-07,09:48 AM,eBird - Traveling Count,17,1,.749,,1,,,"Very humid day. Most of the birds are pretty angry about the two red shoulder hawks flying around, filling a nest near the park bench at the shady Grove Park entrance."
S307216901,Red-shouldered Hawk,Buteo lineatus,8487,3,US-MD,Montgomery,L31569197,"Malcolm King Park (39.121, -77.212)",39.1205865,-77.212024,2026-03-08,09:51 AM,eBird - Traveling Count,76,1,1.346,,1,,,70f this morning on the walk. Watched a few crows try to take The nest that one of our pairs of red shouldered Hawks are building. The Hawks were not amused.
S315548994,Red-shouldered Hawk,Buteo lineatus,8487,2,US-MD,Montgomery,L31569197,"Malcolm King Park (39.121, -77.212)",39.1205865,-77.212024,2026-04-01,09:42 AM,eBird - Traveling Count,28,1,.749,,1
S219612076,Red-shouldered Hawk,Buteo lineatus,8487,2,US-MD,Montgomery,L11101726,Muddy Branch Park,39.113044,-77.226531,2025-03-20,11:04 AM,eBird - Traveling Count,26,1,.547,,1
S214103631,Red-shouldered Hawk,Buteo lineatus,8487,1,US-MD,Montgomery,L40356991,"River Road, Poolesville, Maryland, US",39.0850753,-77.4193878,2025-02-17,01:15 PM,eBird - Traveling Count,26,1,2.434,,1
S296602619,Red-shouldered Hawk,Buteo lineatus,8487,2,US-MD,Montgomery,L53737414,Royce Hanson Conservation Park at Broad Run,39.1324176,-77.4573434,2026-01-27,03:24 PM,eBird - Traveling Count,36,1,2.222,,1
S288754158,Red-shouldered Hawk,Buteo lineatus,8487,1,US-MD,Montgomery,L11401283,Westerly Rd. Pond,39.135653,-77.432952,2025-12-15,04:10 PM,eBird - Traveling Count,10,1,6.318,,1
S177235263,Red-shouldered Hawk,Buteo lineatus,8487,1,US-MD,Prince George's,L32358887,"6914 Trowbridge Place, Fort Washington, Maryland, US (38.795, -76.965)",38.7953122,-76.9652352,2024-05-25,01:34 PM,eBird - Stationary Count,1,1,,,1
S177579473,Red-shouldered Hawk,Buteo lineatus,8487,1,US-MD,Prince George's,L305078,Patuxent Research Refuge--South Tract (National Wildlife Visitor Center),39.0270605,-76.7991731,2024-05-27,09:22 AM,eBird - Traveling Count,131,0,8.433,,2
S193754988,Red-shouldered Hawk,Buteo lineatus,8487,1,US-MD,Washington,L31950817,"3716 Harpers Ferry Road, Sharpsburg, Maryland, US (39.415, -77.737)",39.4153833,-77.7371018,2024-09-02,03:51 PM,eBird - Casual Observation,,0,,,1
S221934041,Red-shouldered Hawk,Buteo lineatus,8487,1,US-MD,Washington,L31950817,"3716 Harpers Ferry Road, Sharpsburg, Maryland, US (39.415, -77.737)",39.4153833,-77.7371018,2025-03-30,03:58 PM,eBird - Traveling Count,76,1,.07,,1
S306960721,Red-shouldered Hawk,Buteo lineatus,8487,1,US-MD,Washington,L59209237,"Private Yard, Sharpsburg, Maryland, US (39.416, -77.737)",39.4157499,-77.7373156,2026-03-07,04:48 PM,eBird - Traveling Count,41,1,.048,,2
S180559422,Red-shouldered Hawk,Buteo lineatus,8487,1,US-MD,Washington,L33056912,"Rohrbach Campground, Sharpsburg, Maryland, US (39.454, -77.731)",39.4543401,-77.7314234,2024-06-08,02:29 PM,eBird - Traveling Count,113,1,.402,,1
S298683570,Red-tailed Hawk,Buteo jamaicensis,8506,1,US-FL,Charlotte,L21750506,"Live Oak Blvd, Prairie Creek Preserve entrance road",27.005263,-81.929974,2026-02-07,09:07 AM,eBird - Traveling Count,83,1,4.837,,2
S190756985,Red-tailed Hawk,Buteo jamaicensis,8506,1,US-OR,Clatsop,L2977912,Seaside (town),45.9930925,-123.9230647,2024-08-05,10:58 PM,eBird - Stationary Count,90,0,,,1
S195126034,Red-tailed Hawk,Buteo jamaicensis,8506,1,US-UT,Davis,L190743,Antelope Island SP,41.0465405,-112.2383881,2024-09-14,09:32 AM,eBird - Traveling Count,359,0,80.129,,1
S217062729,Red-tailed Hawk,Buteo jamaicensis,8506,1,US-DC,District of Columbia,L40933460,"EEOB 1650 Pennsylvania Avenue Northwest, Washington, District of Columbia, US (38.897, -77.038)",38.8965511,-77.0382115,2025-03-07,12:44 PM,eBird - Casual Observation,,0,,,1,,,"In what was previously a peregrine falcon nest on the outside of the Eisenhower executive office building, a red tail hawk is taking up residence on the aerie."
S217090868,Red-tailed Hawk,Buteo jamaicensis,8506,1,US-DC,District of Columbia,L40002483,Lincoln Memorial,38.8892792,-77.0501876,2025-03-07,12:55 PM,eBird - Traveling Count,206,1,3.058,,1
S206655156,Red-tailed Hawk,Buteo jamaicensis,8506,2,US-MD,Frederick,L38875040,"Washington National Pike, Frederick, Maryland, US (39.358, -77.396)",39.3577117,-77.3958282,2024-12-26,01:37 PM,eBird - Traveling Count,18,1,30.209,,1
S287726423,Red-tailed Hawk,Buteo jamaicensis,8506,1,US-MD,Montgomery,L285049,Agricultural History Farm Park,39.1610805,-77.1322894,2025-12-07,03:07 PM,eBird - Traveling Count,87,1,1.583,,2
S232647749,Red-tailed Hawk,Buteo jamaicensis,8506,1,US-MD,Montgomery,L33913928,"Camden Retention Pond, Gaithersburg, Maryland, US (39.12, -77.206)",39.1197497,-77.2064087,2025-05-03,03:19 PM,eBird - Traveling Count,32,1,1.03,,1
S289396816,Red-tailed Hawk,Buteo jamaicensis,8506,1,US-MD,Montgomery,L56150939,"Dickerson Power Plant (39.205, -77.449)",39.2051467,-77.4488143,2025-12-20,03:38 PM,eBird - Traveling Count,9,1,1.385,,2
S252174780,Red-tailed Hawk,Buteo jamaicensis,8506,1,US-MD,Montgomery,L9055068,Hibiscus court Maryland,39.1187154,-77.2108193,2025-06-19,07:52 PM,eBird - Casual Observation,,0,,,1
S312069147,Red-tailed Hawk,Buteo jamaicensis,8506,1,US-MD,Montgomery,L126620,Hughes Hollow - McKee Beshers WMA,39.0803767,-77.4035096,2026-03-22,12:35 PM,eBird - Traveling Count,36,1,.657,,2
S315703473,Red-tailed Hawk,Buteo jamaicensis,8506,1,US-MD,Montgomery,L126620,Hughes Hollow - McKee Beshers WMA,39.0803767,-77.4035096,2026-04-01,05:00 PM,eBird - Traveling Count,58,1,.544,,1,,,This was an absolutely stunning evening. Lots of birds. Couple of unexpected visitors like the blue winged teal and a nice show from the red-headed woodpeckers.
S230262565,Red-tailed Hawk,Buteo jamaicensis,8506,1,US-MD,Montgomery,L22161519,Hughes Hollow - McKee Beshers WMA--sunflower area and eastern fields,39.076893,-77.3812916,2025-04-27,03:44 PM,eBird - Traveling Count,78,1,3.75,,3
S240002346,Red-tailed Hawk,Buteo jamaicensis,8506,1,US-MD,Montgomery,L2769057,Little Bennett RP--Western Piedmont Trail,39.27653,-77.3071432,2025-05-18,06:20 PM,eBird - Traveling Count,44,1,1.223,,1
S252450226,Red-tailed Hawk,Buteo jamaicensis,8506,1,US-MD,Montgomery,L31569197,"Malcolm King Park (39.121, -77.212)",39.1205865,-77.212024,2025-06-19,07:07 PM,eBird - Traveling Count,39,1,1.35,,1
S214113521,Red-tailed Hawk,Buteo jamaicensis,8506,1,US-MD,Montgomery,L40358682,"River Road, Poolesville, Maryland, US (39.113, -77.476)",39.1133163,-77.4764549,2025-02-17,02:13 PM,eBird - Casual Observation,,0,,,1
S214121244,Red-tailed Hawk,Buteo jamaicensis,8506,1,US-MD,Montgomery,L40358682,"River Road, Poolesville, Maryland, US (39.113, -77.476)",39.1133163,-77.4764549,2025-02-17,02:13 PM,eBird - Traveling Count,42,1,8.047,,1
S175887634,Red-tailed Hawk,Buteo jamaicensis,8506,X,US-AZ,Pima,L211809,Madera Canyon--Proctor Rd.,31.739938,-110.886147,2008-05-01,09:01 AM,Historical,150,1,,,2,,,Corrected checklist to be accurate as historical.
S239228186,Red-tailed Hawk,Buteo jamaicensis,8506,1,US-MD,Prince George's,L45254500,"Cash Lake, PNWR (39.032, -76.787)",39.0321913,-76.7873085,2025-05-17,11:19 AM,eBird - Casual Observation,,0,,,1
S201148641,Red-tailed Hawk,Buteo jamaicensis,8506,1,US-MD,Prince George's,L37776401,"Peace and Friendship Garden, College Park, Maryland, US (38.986, -76.952)",38.9864419,-76.9522843,2024-10-23,02:05 PM,eBird - Traveling Count,15,1,.225,,1
S290209793,Red-tailed Hawk,Buteo jamaicensis,8506,1,US-MD,Washington,L9230656,Antietam National Battlefield--Cornfield Trail,39.4871863,-77.749304,2025-12-25,02:59 PM,eBird - Traveling Count,51,1,39.817,,2
S297767655,Rough-legged Hawk,Buteo lagopus,8528,2,US-MD,Montgomery,L230151,Blue Mash Nature Trail,39.1939588,-77.1060175,2026-02-02,04:13 PM,eBird - Traveling Count,24,1,.449,,2,,Continuing pair. At 4:00 they were at the end of the gated trail kiting and landing on the tops of the trees.,,650146317 650146325
S274490359,Common Buzzard,Buteo buteo,8543,4,CH-GE,,L9307354,CERN (restricted access),46.2324564,6.0521808,2025-09-16,02:34 PM,eBird - Traveling Count,205,1,5.692,,1
S273320633,Common Buzzard,Buteo buteo,8543,3,CH-VD,,L52825255,Domaine La Capitaine,46.4356944,6.2608663,2025-09-14,01:52 PM,eBird - Traveling Count,54,1,1.063,,1
S230164377,hawk sp.,Accipitridae sp. (hawk sp.),8576,2,US-MD,Montgomery,L42214720,"Camp Seneca, Maryland, US (39.177, -77.302)",39.1772081,-77.3018305,2025-04-27,01:45 PM,eBird - Traveling Count,50,1,.49,,1
S195126034,American Barn Owl,Tyto furcata,8633,4,US-UT,Davis,L190743,Antelope Island SP,41.0465405,-112.2383881,2024-09-14,09:32 AM,eBird - Traveling Count,359,0,80.129,,1
S299236631,Great Horned Owl,Bubo virginianus,8910,1,US-FL,Charlotte,L58299903,"Forest Park, Englewood, Florida, US (26.9, -82.319)",26.9001337,-82.3193756,2026-02-09,06:20 PM,eBird - Casual Observation,,0,,,2,,,,650611059
S195126034,Great Horned Owl,Bubo virginianus,8910,1,US-UT,Davis,L190743,Antelope Island SP,41.0465405,-112.2383881,2024-09-14,09:32 AM,eBird - Traveling Count,359,0,80.129,,1
S276905817,Great Horned Owl,Bubo virginianus,8910,1,US-MD,Montgomery,L1554234,Little Bennett RP--Froggy Hollow Trail,39.2619385,-77.2789755,2025-10-02,06:07 PM,eBird - Traveling Count,51,1,1.195,,1
S199682839,Great Horned Owl,Bubo virginianus,8910,1,US-MD,Washington,L3108412,Antietam National Battlefield--Burnside Bridge,39.4505101,-77.7318442,2024-10-20,03:00 PM,eBird - Traveling Count,160,1,32.895,,3
S180271052,Great Horned Owl,Bubo virginianus,8910,1,US-MD,Washington,L33056912,"Rohrbach Campground, Sharpsburg, Maryland, US (39.454, -77.731)",39.4543401,-77.7314234,2024-06-09,12:24 AM,eBird - Casual Observation,,0,,,1
S298300486,Burrowing Owl,Athene cunicularia,9133,1,US-FL,Charlotte,L8957295,Rotunda Meadows Prairie,26.8573451,-82.2223281,2026-02-05,04:12 PM,eBird - Traveling Count,93,1,12.54,,2
S195126034,Burrowing Owl,Athene cunicularia,9133,2,US-UT,Davis,L190743,Antelope Island SP,41.0465405,-112.2383881,2024-09-14,09:32 AM,eBird - Traveling Count,359,0,80.129,,1
S226075152,Barred Owl,Strix varia,9219,1,US-FL,Charlotte,L618537,Amberjack Environmental Park--Lemon Lake,26.8725833,-82.3001289,2025-04-16,08:52 AM,eBird - Traveling Count,100,1,1.018,,4
S226075158,Barred Owl,Strix varia,9219,1,US-FL,Charlotte,L618537,Amberjack Environmental Park--Lemon Lake,26.8725833,-82.3001289,2025-04-16,08:52 AM,eBird - Traveling Count,100,1,1.018,,4
S298942097,Barred Owl,Strix varia,9219,1,US-FL,Charlotte,L14189493,Praise Tabernacle Church Pond,26.9752209,-82.1445278,2026-02-08,12:21 PM,eBird - Stationary Count,21,1,,,2,,Nesting in the top of the stump of the palm tree next to the owl box. Pretty funny.
S298300486,Barred Owl,Strix varia,9219,1,US-FL,Charlotte,L8957295,Rotunda Meadows Prairie,26.8573451,-82.2223281,2026-02-05,04:12 PM,eBird - Traveling Count,93,1,12.54,,2,,"Heard, not seen. Distinctive who-cooks-for-you around 5pm."
S192192741,Barred Owl,Strix varia,9219,1,US-NH,Coos,L35940134,"Upton Road, Errol, New Hampshire, US (44.747, -71.111)",44.7469574,-71.1114598,2024-08-19,06:33 PM,eBird - Casual Observation,,0,,,1
S305140510,Barred Owl,Strix varia,9219,1,US-MD,Montgomery,L59448921,"15644 Edwards Ferry Road, Poolesville, Maryland, US (39.114, -77.462)",39.1135253,-77.4616241,2026-03-01,05:00 PM,eBird - Casual Observation,,0,,,1
S219838300,Barred Owl,Strix varia,9219,1,US-MD,Montgomery,L41478272,"18303 Muncaster Road, Rockville, Maryland, US (39.152, -77.129)",39.1521235,-77.1293639,2025-03-21,04:45 PM,eBird - Traveling Count,15,1,.676,,1
S245692718,Barred Owl,Strix varia,9219,1,US-MD,Montgomery,L515805,C&O Canal--Mouth of the Monocacy (Mont. Co.),39.221687,-77.451432,2025-06-01,05:35 PM,eBird - Traveling Count,35,1,.52,,1
S312041346,Barred Owl,Strix varia,9219,1,US-MD,Montgomery,L360157,C&O Canal--Riley's Lock,39.0682467,-77.3431492,2026-03-22,11:51 AM,eBird - Traveling Count,34,1,2.696,,2
S199930765,Barred Owl,Strix varia,9219,1,US-MD,Montgomery,L9055068,Hibiscus court Maryland,39.1187154,-77.2108193,2024-10-22,08:31 PM,eBird - Casual Observation,,0,,,1
S292681497,Barred Owl,Strix varia,9219,1,US-MD,Montgomery,L9055068,Hibiscus court Maryland,39.1187154,-77.2108193,2026-01-05,09:10 AM,eBird - Stationary Count,60,1,,,1
S294426878,Barred Owl,Strix varia,9219,2,US-MD,Montgomery,L9055068,Hibiscus court Maryland,39.1187154,-77.2108193,2026-01-15,11:00 PM,eBird - Casual Observation,,0,,,1
S194193514,Barred Owl,Strix varia,9219,3,US-MD,Montgomery,L126620,Hughes Hollow - McKee Beshers WMA,39.0803767,-77.4035096,2024-09-06,05:47 PM,eBird - Traveling Count,56,1,3.219,,4
S227622469,Barred Owl,Strix varia,9219,1,US-MD,Montgomery,L126620,Hughes Hollow - McKee Beshers WMA,39.0803767,-77.4035096,2025-04-20,05:15 PM,eBird - Traveling Count,87,1,2.301,,1
S248712994,Barred Owl,Strix varia,9219,1,US-MD,Montgomery,L126620,Hughes Hollow - McKee Beshers WMA,39.0803767,-77.4035096,2025-06-09,08:09 PM,eBird - Traveling Count,35,1,1.352,,1
S253053193,Barred Owl,Strix varia,9219,2,US-MD,Montgomery,L126620,Hughes Hollow - McKee Beshers WMA,39.0803767,-77.4035096,2025-06-22,06:50 AM,eBird - Traveling Count,99,1,1.237,,1
S315703473,Barred Owl,Strix varia,9219,1,US-MD,Montgomery,L126620,Hughes Hollow - McKee Beshers WMA,39.0803767,-77.4035096,2026-04-01,05:00 PM,eBird - Traveling Count,58,1,.544,,1,,,This was an absolutely stunning evening. Lots of birds. Couple of unexpected visitors like the blue winged teal and a nice show from the red-headed woodpeckers.
S187792544,Barred Owl,Strix varia,9219,2,US-MD,Montgomery,L22161519,Hughes Hollow - McKee Beshers WMA--sunflower area and eastern fields,39.076893,-77.3812916,2024-07-19,06:29 PM,eBird - Traveling Count,119,1,5.601,,1
S230262565,Barred Owl,Strix varia,9219,1,US-MD,Montgomery,L22161519,Hughes Hollow - McKee Beshers WMA--sunflower area and eastern fields,39.076893,-77.3812916,2025-04-27,03:44 PM,eBird - Traveling Count,78,1,3.75,,3
S315322313,Barred Owl,Strix varia,9219,1,US-MD,Montgomery,L2769057,Little Bennett RP--Western Piedmont Trail,39.27653,-77.3071432,2026-03-31,06:10 PM,eBird - Traveling Count,67,1,.97,,1,,Distinctive who cooks for you Calls coming from deep in the forest. Heard but not seen.
S290882842,Barred Owl,Strix varia,9219,1,US-MD,Montgomery,L31569197,"Malcolm King Park (39.121, -77.212)",39.1205865,-77.212024,2025-12-28,05:02 PM,eBird - Traveling Count,13,1,.706,,1
S317554838,Barred Owl,Strix varia,9219,1,US-MD,Montgomery,L31569197,"Malcolm King Park (39.121, -77.212)",39.1205865,-77.212024,2026-04-05,05:33 PM,eBird - Traveling Count,29,1,.728,,1,,,Beautiful cool but quiet evening after a daytime storm.
S230664462,Barred Owl,Strix varia,9219,1,US-MD,Montgomery,L41905651,"Seneca Greenway Trail, Gaithersburg, Maryland, US (39.167, -77.229)",39.1672893,-77.2288242,2025-04-28,06:28 PM,eBird - Traveling Count,80,1,2.317,,1,,"Very distinct ""who cooks for you."" Call. Heard but not seen."
S288754158,Barred Owl,Strix varia,9219,1,US-MD,Montgomery,L11401283,Westerly Rd. Pond,39.135653,-77.432952,2025-12-15,04:10 PM,eBird - Traveling Count,10,1,6.318,,1
S183379922,Barred Owl,Strix varia,9219,X,US-MD,Washington,L31950817,"3716 Harpers Ferry Road, Sharpsburg, Maryland, US (39.415, -77.737)",39.4153833,-77.7371018,2024-06-23,05:41 PM,eBird - Casual Observation,,0,,,1
S197672933,Barred Owl,Strix varia,9219,2,US-MD,Washington,L512641,C&O Canal--Antietam Creek,39.417434,-77.745801,2024-10-05,05:15 PM,eBird - Traveling Count,60,1,6.26,,3
S180271052,Barred Owl,Strix varia,9219,1,US-MD,Washington,L33056912,"Rohrbach Campground, Sharpsburg, Maryland, US (39.454, -77.731)",39.4543401,-77.7314234,2024-06-09,12:24 AM,eBird - Casual Observation,,0,,,1
S180559345,Barred Owl,Strix varia,9219,X,US-MD,Washington,L33056912,"Rohrbach Campground, Sharpsburg, Maryland, US (39.454, -77.731)",39.4543401,-77.7314234,2024-06-09,09:12 AM,eBird - Traveling Count,60,1,.298,,1,,About 5:00 a.m. I heard the distinctive who cooks for you? Who cooks for you?
S312470602,Long-eared Owl,Asio otus,9253,1,DE-BE,Berlin (Kreisfreie Stadt),L13796433,Monbijoupark,52.5230958,13.3960127,2026-03-23,06:57 PM,eBird - Traveling Count,3,1,.145,,1
S187792544,owl sp.,Strigiformes sp.,9401,1,US-MD,Montgomery,L22161519,Hughes Hollow - McKee Beshers WMA--sunflower area and eastern fields,39.076893,-77.3812916,2024-07-19,06:29 PM,eBird - Traveling Count,119,1,5.601,,1
S175887634,Coppery-tailed Trogon,Trogon ambiguus,9569,2,US-AZ,Pima,L211809,Madera Canyon--Proctor Rd.,31.739938,-110.886147,2008-05-01,09:01 AM,Historical,150,1,,,2,,"Took photos, was reported to us via Audubon society. Nesting pair.",Corrected checklist to be accurate as historical.,619338896 619338897
S192288648,Belted Kingfisher,Megaceryle alcyon,10306,2,US-NH,Carroll,L2573426,"Story Land, Rt. 16, Glen",44.117161,-71.184298,2024-08-21,10:28 AM,eBird - Traveling Count,372,0,.791,,2,,,Storyland!
S298432896,Belted Kingfisher,Megaceryle alcyon,10306,2,US-FL,Charlotte,L17495505,Links Lane,26.8642861,-82.2841545,2026-02-06,11:11 AM,eBird - Traveling Count,53,1,.15,,2
S299224660,Belted Kingfisher,Megaceryle alcyon,10306,2,US-FL,Charlotte,L17495505,Links Lane,26.8642861,-82.2841545,2026-02-09,03:08 PM,eBird - Traveling Count,127,1,.246,,2
S298932326,Belted Kingfisher,Megaceryle alcyon,10306,2,US-FL,Charlotte,L617642,Ollie's Pond Park,26.9860616,-82.1496961,2026-02-08,09:32 AM,eBird - Traveling Count,154,1,1.556,,2
S192398436,Belted Kingfisher,Megaceryle alcyon,10306,1,US-NH,Coos,L35984729,"Dam Road, Errol, New Hampshire, US (44.822, -71.081)",44.8217351,-71.0806811,2024-08-22,04:41 PM,eBird - Stationary Count,63,0,,,2
S268111225,Belted Kingfisher,Megaceryle alcyon,10306,1,US-NH,Coos,L1209933,"Umbagog NWR--Magalloway River Trail, Wentworths Location",44.8424719,-71.0572958,2025-08-18,02:08 PM,eBird - Traveling Count,70,1,1.903,,1
S294986972,Belted Kingfisher,Megaceryle alcyon,10306,1,US-VA,Fairfax,L718485,Great Falls Park,38.9937,-77.2553,2026-01-18,12:14 PM,eBird - Traveling Count,51,1,.724,,1
S250749828,Belted Kingfisher,Megaceryle alcyon,10306,1,US-MD,Frederick,L2756806,Monocacy National Battlefield--Gambrill Mill Trail,39.3688266,-77.3877865,2025-06-15,01:10 PM,eBird - Traveling Count,80,1,1.175,,1,,,,637610210
S309217693,Belted Kingfisher,Megaceryle alcyon,10306,1,US-MD,Montgomery,L60238913,"14321 Piccadilly Road, Silver Spring, Maryland, US (39.092, -77.035)",39.0923058,-77.0352297,2026-03-14,04:50 PM,eBird - Traveling Count,34,1,.158,,1
S274969283,Belted Kingfisher,Megaceryle alcyon,10306,1,US-MD,Montgomery,L230151,Blue Mash Nature Trail,39.1939588,-77.1060175,2025-09-22,06:06 PM,eBird - Traveling Count,57,1,2.145,,1
S173683775,Belted Kingfisher,Megaceryle alcyon,10306,2,US-MD,Montgomery,L192824,C&O Canal--Violette's Lock,39.066803,-77.32951,2023-11-23,12:55 PM,eBird - Traveling Count,20,1,.547,,2
S183770250,Belted Kingfisher,Megaceryle alcyon,10306,1,US-MD,Montgomery,L33913928,"Camden Retention Pond, Gaithersburg, Maryland, US (39.12, -77.206)",39.1197497,-77.2064087,2024-06-25,07:46 PM,eBird - Stationary Count,24,1,,,1
S185956082,Belted Kingfisher,Megaceryle alcyon,10306,1,US-MD,Montgomery,L33913928,"Camden Retention Pond, Gaithersburg, Maryland, US (39.12, -77.206)",39.1197497,-77.2064087,2024-07-07,08:37 PM,eBird - Traveling Count,29,1,.418,,1
S276159786,Belted Kingfisher,Megaceryle alcyon,10306,1,US-MD,Montgomery,L33913928,"Camden Retention Pond, Gaithersburg, Maryland, US (39.12, -77.206)",39.1197497,-77.2064087,2025-09-27,11:00 AM,eBird - Traveling Count,37,1,1.082,,1
S316385681,Belted Kingfisher,Megaceryle alcyon,10306,1,US-MD,Montgomery,L33913928,"Camden Retention Pond, Gaithersburg, Maryland, US (39.12, -77.206)",39.1197497,-77.2064087,2026-04-03,01:09 PM,eBird - Traveling Count,39,1,1.061,,1
S194193514,Belted Kingfisher,Megaceryle alcyon,10306,1,US-MD,Montgomery,L126620,Hughes Hollow - McKee Beshers WMA,39.0803767,-77.4035096,2024-09-06,05:47 PM,eBird - Traveling Count,56,1,3.219,,4
S285631806,Belted Kingfisher,Megaceryle alcyon,10306,1,US-MD,Montgomery,L22161519,Hughes Hollow - McKee Beshers WMA--sunflower area and eastern fields,39.076893,-77.3812916,2025-11-22,12:53 PM,eBird - Traveling Count,53,1,3.085,,2
S183763373,Belted Kingfisher,Megaceryle alcyon,10306,1,US-MD,Montgomery,L31569197,"Malcolm King Park (39.121, -77.212)",39.1205865,-77.212024,2024-06-25,07:00 PM,eBird - Traveling Count,23,1,.837,,1
S184845781,Belted Kingfisher,Megaceryle alcyon,10306,1,US-MD,Montgomery,L31569197,"Malcolm King Park (39.121, -77.212)",39.1205865,-77.212024,2024-07-01,06:57 PM,eBird - Traveling Count,60,1,.06,,1
S292410625,Belted Kingfisher,Megaceryle alcyon,10306,1,US-MD,Montgomery,L31569197,"Malcolm King Park (39.121, -77.212)",39.1205865,-77.212024,2026-01-04,11:17 AM,eBird - Traveling Count,77,1,1.98,,2
S247455766,Belted Kingfisher,Megaceryle alcyon,10306,2,US-MD,Montgomery,L41905651,"Seneca Greenway Trail, Gaithersburg, Maryland, US (39.167, -77.229)",39.1672893,-77.2288242,2025-06-06,05:55 PM,eBird - Traveling Count,51,1,.37,,1
S279738820,Belted Kingfisher,Megaceryle alcyon,10306,1,US-MD,Montgomery,L54114773,"Washington Woods Park, Gaithersburg, Maryland, US (39.113, -77.224)",39.11282,-77.2236712,2025-10-16,01:21 PM,eBird - Traveling Count,34,1,.56,,1
S290845555,Belted Kingfisher,Megaceryle alcyon,10306,2,US-MD,Queen Anne's,L5194688,Kent Point Marina,38.8382982,-76.3732617,2025-12-28,02:14 PM,eBird - Traveling Count,17,1,4.058,,1
S175728697,Belted Kingfisher,Megaceryle alcyon,10306,2,US-MD,Washington,L31950817,"3716 Harpers Ferry Road, Sharpsburg, Maryland, US (39.415, -77.737)",39.4153833,-77.7371018,2024-05-19,01:18 PM,eBird - Traveling Count,172,1,6.436,,3
S199682839,Belted Kingfisher,Megaceryle alcyon,10306,4,US-MD,Washington,L3108412,Antietam National Battlefield--Burnside Bridge,39.4505101,-77.7318442,2024-10-20,03:00 PM,eBird - Traveling Count,160,1,32.895,,3
S317015664,Belted Kingfisher,Megaceryle alcyon,10306,1,US-MD,Washington,L512641,C&O Canal--Antietam Creek,39.417434,-77.745801,2026-04-04,04:56 PM,eBird - Traveling Count,21,1,.163,,2
S173113419,Belted Kingfisher,Megaceryle alcyon,10306,2,US-MD,Washington,L4053312,Devil's Backbone County Park,39.538741,-77.7100086,2024-05-08,01:00 PM,eBird - Traveling Count,120,1,8.047,,2,,Both were fishing on the creek.
S180559422,Belted Kingfisher,Megaceryle alcyon,10306,3,US-MD,Washington,L33056912,"Rohrbach Campground, Sharpsburg, Maryland, US (39.454, -77.731)",39.4543401,-77.7314234,2024-06-08,02:29 PM,eBird - Traveling Count,113,1,.402,,1
S184417488,Belted Kingfisher,Megaceryle alcyon,10306,1,US-MD,Washington,L33056912,"Rohrbach Campground, Sharpsburg, Maryland, US (39.454, -77.731)",39.4543401,-77.7314234,2024-06-29,03:25 PM,eBird - Stationary Count,35,1,,,1
S292145747,Yellow-bellied Sapsucker,Sphyrapicus varius,11126,1,US-VA,Fairfax,L718485,Great Falls Park,38.9937,-77.2553,2026-01-03,10:48 AM,eBird - Traveling Count,75,1,1.28,,1
S184336723,Yellow-bellied Sapsucker,Sphyrapicus varius,11126,1,US-MD,Frederick,L281578,Sugarloaf Mt.,39.2626685,-77.3972133,2018-04-01,10:45 AM,eBird - Traveling Count,130,1,4.828,,1
S286498638,Yellow-bellied Sapsucker,Sphyrapicus varius,11126,1,US-MD,Montgomery,L33913928,"Camden Retention Pond, Gaithersburg, Maryland, US (39.12, -77.206)",39.1197497,-77.2064087,2025-11-28,12:14 PM,eBird - Traveling Count,18,1,.577,,1
S285632076,Yellow-bellied Sapsucker,Sphyrapicus varius,11126,3,US-MD,Montgomery,L4395404,Evans Parkway Park,39.0277688,-77.0430824,2025-11-15,10:49 AM,eBird - Traveling Count,366,1,59.383,,1
S177681042,Yellow-bellied Sapsucker,Sphyrapicus varius,11126,1,US-MD,Montgomery,L9055068,Hibiscus court Maryland,39.1187154,-77.2108193,2024-05-27,04:45 PM,eBird - Traveling Count,89,1,1.979,,1,,"I couldn't get a photo of this guy, I chased him for a good 1/4 of a mile. This malle, a typical looking sapsucker, was drilling parallel holes in some trees in my neighborhood. I took a photo of the holes because I'm like the sap sucker, they didn't fly away every time i got close.",,619694483
S207069439,Yellow-bellied Sapsucker,Sphyrapicus varius,11126,1,US-MD,Montgomery,L9055068,Hibiscus court Maryland,39.1187154,-77.2108193,2024-12-28,01:24 PM,eBird - Stationary Count,133,1,,,1
S292410625,Yellow-bellied Sapsucker,Sphyrapicus varius,11126,1,US-MD,Montgomery,L31569197,"Malcolm King Park (39.121, -77.212)",39.1205865,-77.212024,2026-01-04,11:17 AM,eBird - Traveling Count,77,1,1.98,,2
S298683570,Red-headed Woodpecker,Melanerpes erythrocephalus,11145,1,US-FL,Charlotte,L21750506,"Live Oak Blvd, Prairie Creek Preserve entrance road",27.005263,-81.929974,2026-02-07,09:07 AM,eBird - Traveling Count,83,1,4.837,,2
S245500420,Red-headed Woodpecker,Melanerpes erythrocephalus,11145,1,US-MD,Montgomery,L285049,Agricultural History Farm Park,39.1610805,-77.1322894,2025-06-01,10:11 AM,eBird - Traveling Count,66,1,3.46,,1
S173683775,Red-headed Woodpecker,Melanerpes erythrocephalus,11145,1,US-MD,Montgomery,L192824,C&O Canal--Violette's Lock,39.066803,-77.32951,2023-11-23,12:55 PM,eBird - Traveling Count,20,1,.547,,2
S186245651,Red-headed Woodpecker,Melanerpes erythrocephalus,11145,1,US-MD,Montgomery,L33913928,"Camden Retention Pond, Gaithersburg, Maryland, US (39.12, -77.206)",39.1197497,-77.2064087,2024-07-08,06:37 PM,eBird - Traveling Count,59,1,1.078,,1
S194193514,Red-headed Woodpecker,Melanerpes erythrocephalus,11145,1,US-MD,Montgomery,L126620,Hughes Hollow - McKee Beshers WMA,39.0803767,-77.4035096,2024-09-06,05:47 PM,eBird - Traveling Count,56,1,3.219,,4
S312069147,Red-headed Woodpecker,Melanerpes erythrocephalus,11145,1,US-MD,Montgomery,L126620,Hughes Hollow - McKee Beshers WMA,39.0803767,-77.4035096,2026-03-22,12:35 PM,eBird - Traveling Count,36,1,.657,,2
S315703473,Red-headed Woodpecker,Melanerpes erythrocephalus,11145,2,US-MD,Montgomery,L126620,Hughes Hollow - McKee Beshers WMA,39.0803767,-77.4035096,2026-04-01,05:00 PM,eBird - Traveling Count,58,1,.544,,1,,,This was an absolutely stunning evening. Lots of birds. Couple of unexpected visitors like the blue winged teal and a nice show from the red-headed woodpeckers.
S187792544,Red-headed Woodpecker,Melanerpes erythrocephalus,11145,2,US-MD,Montgomery,L22161519,Hughes Hollow - McKee Beshers WMA--sunflower area and eastern fields,39.076893,-77.3812916,2024-07-19,06:29 PM,eBird - Traveling Count,119,1,5.601,,1,,They're nesting in the dead woods swamp next to one of the sunflower fields.
S285631806,Red-headed Woodpecker,Melanerpes erythrocephalus,11145,1,US-MD,Montgomery,L22161519,Hughes Hollow - McKee Beshers WMA--sunflower area and eastern fields,39.076893,-77.3812916,2025-11-22,12:53 PM,eBird - Traveling Count,53,1,3.085,,2
S203796738,Red-headed Woodpecker,Melanerpes erythrocephalus,11145,4,US-MD,Montgomery,L2055457,Sycamore Landing Rd. fields,39.0839717,-77.4146461,2024-11-27,02:08 PM,eBird - Traveling Count,89,1,4.361,,2,,I was able to get an audio recording.
S227641632,Red-headed Woodpecker,Melanerpes erythrocephalus,11145,1,US-MD,Montgomery,L2055457,Sycamore Landing Rd. fields,39.0839717,-77.4146461,2025-04-20,06:54 PM,eBird - Traveling Count,41,1,2.494,,1
S177579473,Red-headed Woodpecker,Melanerpes erythrocephalus,11145,1,US-MD,Prince George's,L305078,Patuxent Research Refuge--South Tract (National Wildlife Visitor Center),39.0270605,-76.7991731,2024-05-27,09:22 AM,eBird - Traveling Count,131,0,8.433,,2
S175887634,Acorn Woodpecker,Melanerpes formicivorus,11146,1,US-AZ,Pima,L211809,Madera Canyon--Proctor Rd.,31.739938,-110.886147,2008-05-01,09:01 AM,Historical,150,1,,,2,,,Corrected checklist to be accurate as historical.
S226075152,Red-bellied Woodpecker,Melanerpes carolinus,11199,1,US-FL,Charlotte,L618537,Amberjack Environmental Park--Lemon Lake,26.8725833,-82.3001289,2025-04-16,08:52 AM,eBird - Traveling Count,100,1,1.018,,4
S226075158,Red-bellied Woodpecker,Melanerpes carolinus,11199,1,US-FL,Charlotte,L618537,Amberjack Environmental Park--Lemon Lake,26.8725833,-82.3001289,2025-04-16,08:52 AM,eBird - Traveling Count,100,1,1.018,,4
S298474473,Red-bellied Woodpecker,Melanerpes carolinus,11199,1,US-FL,Charlotte,L2391257,Ann Dever Memorial Regional Park,26.9182434,-82.3157501,2026-02-06,03:27 PM,eBird - Traveling Count,73,1,1.287,,2
S225653591,Red-bellied Woodpecker,Melanerpes carolinus,11199,1,US-FL,Charlotte,L618241,Cedar Point Environmental Park,26.9253511,-82.334868,2025-04-14,02:41 PM,eBird - Traveling Count,95,1,4.216,,4
S226162184,Red-bellied Woodpecker,Melanerpes carolinus,11199,2,US-FL,Charlotte,L618241,Cedar Point Environmental Park,26.9253511,-82.334868,2025-04-16,02:36 PM,eBird - Traveling Count,41,1,.203,,3
S299140266,Red-bellied Woodpecker,Melanerpes carolinus,11199,3,US-FL,Charlotte,L618241,Cedar Point Environmental Park,26.9253511,-82.334868,2026-02-09,08:29 AM,eBird - Traveling Count,114,1,1.533,,2
S299177701,Red-bellied Woodpecker,Melanerpes carolinus,11199,4,US-FL,Charlotte,L42656865,"Downing Street, Englewood, Florida, US (26.898, -82.321)",26.8978819,-82.3212738,2026-02-09,12:58 PM,eBird - Stationary Count,10,1,,,2
S299224660,Red-bellied Woodpecker,Melanerpes carolinus,11199,2,US-FL,Charlotte,L17495505,Links Lane,26.8642861,-82.2841545,2026-02-09,03:08 PM,eBird - Traveling Count,127,1,.246,,2
S298683570,Red-bellied Woodpecker,Melanerpes carolinus,11199,1,US-FL,Charlotte,L21750506,"Live Oak Blvd, Prairie Creek Preserve entrance road",27.005263,-81.929974,2026-02-07,09:07 AM,eBird - Traveling Count,83,1,4.837,,2
S226336345,Red-bellied Woodpecker,Melanerpes carolinus,11199,1,US-FL,Charlotte,L617642,Ollie's Pond Park,26.9860616,-82.1496961,2025-04-17,09:25 AM,eBird - Traveling Count,86,1,2.382,,3
S173683770,Red-bellied Woodpecker,Melanerpes carolinus,11199,1,US-DC,District of Columbia,L490336,C&O Canal--Fletcher's Cove (Fletcher's Boathouse),38.9188853,-77.1022224,2017-04-05,01:25 PM,eBird - Traveling Count,75,1,2.414,,3,,,With Paul Charron and Chris Marcum
S246372176,Red-bellied Woodpecker,Melanerpes carolinus,11199,1,US-DC,District of Columbia,L473521,Constitution Gardens and Reflecting Pool,38.8901142,-77.043364,2025-06-03,02:15 PM,eBird - Traveling Count,27,1,1.625,,1
S220188015,Red-bellied Woodpecker,Melanerpes carolinus,11199,1,US-VA,Fairfax,L718485,Great Falls Park,38.9937,-77.2553,2025-03-22,03:58 PM,eBird - Traveling Count,66,1,1.044,,3
S292147729,Red-bellied Woodpecker,Melanerpes carolinus,11199,1,US-VA,Fairfax,L718485,Great Falls Park,38.9937,-77.2553,2026-01-03,12:19 PM,eBird - Traveling Count,8,1,.1,,1
S270705952,Red-bellied Woodpecker,Melanerpes carolinus,11199,1,US-MD,Frederick,L909320,Gambrill SP--North Frederick Overlook,39.4697856,-77.494297,2025-08-31,02:17 PM,eBird - Traveling Count,78,1,.525,,1
S250749828,Red-bellied Woodpecker,Melanerpes carolinus,11199,1,US-MD,Frederick,L2756806,Monocacy National Battlefield--Gambrill Mill Trail,39.3688266,-77.3877865,2025-06-15,01:10 PM,eBird - Traveling Count,80,1,1.175,,1
S285631919,Red-bellied Woodpecker,Melanerpes carolinus,11199,2,US-MD,Frederick,L473415,New Design Road,39.2903356,-77.4676037,2025-11-02,12:56 PM,eBird - Traveling Count,207,1,7.02,,1
S309217693,Red-bellied Woodpecker,Melanerpes carolinus,11199,2,US-MD,Montgomery,L60238913,"14321 Piccadilly Road, Silver Spring, Maryland, US (39.092, -77.035)",39.0923058,-77.0352297,2026-03-14,04:50 PM,eBird - Traveling Count,34,1,.158,,1
S219838300,Red-bellied Woodpecker,Melanerpes carolinus,11199,1,US-MD,Montgomery,L41478272,"18303 Muncaster Road, Rockville, Maryland, US (39.152, -77.129)",39.1521235,-77.1293639,2025-03-21,04:45 PM,eBird - Traveling Count,15,1,.676,,1
S286493297,Red-bellied Woodpecker,Melanerpes carolinus,11199,1,US-MD,Montgomery,L17792207,"25 Hibiscus Court, Gaithersburg, Maryland, US (39.119, -77.211)",39.1187963,-77.210908,2025-11-26,04:33 PM,eBird - Traveling Count,365,1,.837,,1
S303974969,Red-bellied Woodpecker,Melanerpes carolinus,11199,1,US-MD,Montgomery,L57047379,"A Fields Road Elementary, Gaithersburg, Maryland, US (39.119, -77.215)",39.1188882,-77.2150482,2026-02-26,08:24 AM,eBird - Traveling Count,24,1,.427,,1
S173968054,Red-bellied Woodpecker,Melanerpes carolinus,11199,1,US-MD,Montgomery,L285049,Agricultural History Farm Park,39.1610805,-77.1322894,2024-05-12,10:26 AM,eBird - Traveling Count,104,1,2.414,,1
S245500420,Red-bellied Woodpecker,Melanerpes carolinus,11199,1,US-MD,Montgomery,L285049,Agricultural History Farm Park,39.1610805,-77.1322894,2025-06-01,10:11 AM,eBird - Traveling Count,66,1,3.46,,1
S278435561,Red-bellied Woodpecker,Melanerpes carolinus,11199,2,US-MD,Montgomery,L285049,Agricultural History Farm Park,39.1610805,-77.1322894,2025-10-10,05:49 PM,eBird - Traveling Count,36,1,1.343,,1
S287726423,Red-bellied Woodpecker,Melanerpes carolinus,11199,1,US-MD,Montgomery,L285049,Agricultural History Farm Park,39.1610805,-77.1322894,2025-12-07,03:07 PM,eBird - Traveling Count,87,1,1.583,,2
S307433161,Red-bellied Woodpecker,Melanerpes carolinus,11199,1,US-MD,Montgomery,L1316706,Black Hill Hiker/Biker Trail,39.1941644,-77.2873378,2026-03-08,06:34 PM,eBird - Traveling Count,17,1,.825,,1
S297767655,Red-bellied Woodpecker,Melanerpes carolinus,11199,1,US-MD,Montgomery,L230151,Blue Mash Nature Trail,39.1939588,-77.1060175,2026-02-02,04:13 PM,eBird - Traveling Count,24,1,.449,,2
S233615339,Red-bellied Woodpecker,Melanerpes carolinus,11199,2,US-MD,Montgomery,L584300,C&O Canal--Edwards Ferry,39.1030006,-77.4737057,2025-05-05,06:00 PM,eBird - Traveling Count,42,1,1.493,,1
S305134693,Red-bellied Woodpecker,Melanerpes carolinus,11199,1,US-MD,Montgomery,L584300,C&O Canal--Edwards Ferry,39.1030006,-77.4737057,2026-03-01,04:03 PM,eBird - Traveling Count,7,1,.224,,1,,,This app is messed up. We were here for 40 minutes. It's saying 7:00.
S245692718,Red-bellied Woodpecker,Melanerpes carolinus,11199,1,US-MD,Montgomery,L515805,C&O Canal--Mouth of the Monocacy (Mont. Co.),39.221687,-77.451432,2025-06-01,05:35 PM,eBird - Traveling Count,35,1,.52,,1
S173683785,Red-bellied Woodpecker,Melanerpes carolinus,11199,1,US-MD,Montgomery,L360157,C&O Canal--Riley's Lock,39.0682467,-77.3431492,2023-11-23,11:24 AM,eBird - Traveling Count,65,1,.668,,2
S249924330,Red-bellied Woodpecker,Melanerpes carolinus,11199,1,US-MD,Montgomery,L360157,C&O Canal--Riley's Lock,39.0682467,-77.3431492,2025-06-12,07:45 PM,eBird - Traveling Count,61,1,.287,,1
S173683775,Red-bellied Woodpecker,Melanerpes carolinus,11199,1,US-MD,Montgomery,L192824,C&O Canal--Violette's Lock,39.066803,-77.32951,2023-11-23,12:55 PM,eBird - Traveling Count,20,1,.547,,2
S217581672,Red-bellied Woodpecker,Melanerpes carolinus,11199,1,US-MD,Montgomery,L192824,C&O Canal--Violette's Lock,39.066803,-77.32951,2025-03-09,05:06 PM,eBird - Traveling Count,77,1,.493,,1
S243074956,Red-bellied Woodpecker,Melanerpes carolinus,11199,2,US-MD,Montgomery,L192824,C&O Canal--Violette's Lock,39.066803,-77.32951,2025-05-26,11:56 AM,eBird - Traveling Count,55,1,.8,,2
S305086064,Red-bellied Woodpecker,Melanerpes carolinus,11199,1,US-MD,Montgomery,L282688,C&O Canal--White's Ferry,39.155215,-77.517221,2026-03-01,01:46 PM,eBird - Traveling Count,25,1,.46,,1
S232647749,Red-bellied Woodpecker,Melanerpes carolinus,11199,2,US-MD,Montgomery,L33913928,"Camden Retention Pond, Gaithersburg, Maryland, US (39.12, -77.206)",39.1197497,-77.2064087,2025-05-03,03:19 PM,eBird - Traveling Count,32,1,1.03,,1
S233512387,Red-bellied Woodpecker,Melanerpes carolinus,11199,1,US-MD,Montgomery,L33913928,"Camden Retention Pond, Gaithersburg, Maryland, US (39.12, -77.206)",39.1197497,-77.2064087,2025-05-05,01:14 PM,eBird - Traveling Count,7,1,.563,,1
S276159786,Red-bellied Woodpecker,Melanerpes carolinus,11199,2,US-MD,Montgomery,L33913928,"Camden Retention Pond, Gaithersburg, Maryland, US (39.12, -77.206)",39.1197497,-77.2064087,2025-09-27,11:00 AM,eBird - Traveling Count,37,1,1.082,,1
S278986302,Red-bellied Woodpecker,Melanerpes carolinus,11199,1,US-MD,Montgomery,L33913928,"Camden Retention Pond, Gaithersburg, Maryland, US (39.12, -77.206)",39.1197497,-77.2064087,2025-10-12,02:33 PM,eBird - Traveling Count,16,1,.713,,1
S281282055,Red-bellied Woodpecker,Melanerpes carolinus,11199,1,US-MD,Montgomery,L33913928,"Camden Retention Pond, Gaithersburg, Maryland, US (39.12, -77.206)",39.1197497,-77.2064087,2025-10-25,12:08 PM,eBird - Traveling Count,28,1,.952,,1
S292971443,Red-bellied Woodpecker,Melanerpes carolinus,11199,1,US-MD,Montgomery,L33913928,"Camden Retention Pond, Gaithersburg, Maryland, US (39.12, -77.206)",39.1197497,-77.2064087,2026-01-07,12:17 PM,eBird - Traveling Count,22,1,.58,,1
S294242612,Red-bellied Woodpecker,Melanerpes carolinus,11199,2,US-MD,Montgomery,L33913928,"Camden Retention Pond, Gaithersburg, Maryland, US (39.12, -77.206)",39.1197497,-77.2064087,2026-01-14,03:41 PM,eBird - Traveling Count,18,1,.518,,1
S314269634,Red-bellied Woodpecker,Melanerpes carolinus,11199,1,US-MD,Montgomery,L33913928,"Camden Retention Pond, Gaithersburg, Maryland, US (39.12, -77.206)",39.1197497,-77.2064087,2026-03-29,07:51 AM,eBird - Traveling Count,19,1,.649,,1,,,Very chilly morning. Some frost on the grass. Lots of bird activity though.
S316385681,Red-bellied Woodpecker,Melanerpes carolinus,11199,2,US-MD,Montgomery,L33913928,"Camden Retention Pond, Gaithersburg, Maryland, US (39.12, -77.206)",39.1197497,-77.2064087,2026-04-03,01:09 PM,eBird - Traveling Count,39,1,1.061,,1
S223512042,Red-bellied Woodpecker,Melanerpes carolinus,11199,2,US-MD,Montgomery,L42214720,"Camp Seneca, Maryland, US (39.177, -77.302)",39.1772081,-77.3018305,2025-04-06,02:51 PM,eBird - Traveling Count,57,1,1.207,,1
S230164377,Red-bellied Woodpecker,Melanerpes carolinus,11199,2,US-MD,Montgomery,L42214720,"Camp Seneca, Maryland, US (39.177, -77.302)",39.1772081,-77.3018305,2025-04-27,01:45 PM,eBird - Traveling Count,50,1,.49,,1
S278982875,Red-bellied Woodpecker,Melanerpes carolinus,11199,1,US-MD,Montgomery,L29852635,Conservation Lane,39.121784,-77.2222379,2025-10-11,10:58 AM,eBird - Traveling Count,28,0,11.821,,1
S295165095,Red-bellied Woodpecker,Melanerpes carolinus,11199,1,US-MD,Montgomery,L56914155,"Crown Woods, Gaithersburg, Maryland, US (39.117, -77.211)",39.1166315,-77.2109226,2026-01-19,10:10 AM,eBird - Traveling Count,39,1,1.508,,1
S307416067,Red-bellied Woodpecker,Melanerpes carolinus,11199,1,US-MD,Montgomery,L56914155,"Crown Woods, Gaithersburg, Maryland, US (39.117, -77.211)",39.1166315,-77.2109226,2026-03-08,06:00 PM,eBird - Traveling Count,5,1,.101,,1,,,74°. Nice big gang of cedar wax wings
S308724484,Red-bellied Woodpecker,Melanerpes carolinus,11199,2,US-MD,Montgomery,L56914155,"Crown Woods, Gaithersburg, Maryland, US (39.117, -77.211)",39.1166315,-77.2109226,2026-03-13,08:51 AM,eBird - Traveling Count,21,1,.606,,1,,,Looks like the crown woods red shouldered Hawks have lost their first nest and are building a second one in a different tree. Very brisk morning. Lots of alerts from the Hawks neighbors.
S222948122,Red-bellied Woodpecker,Melanerpes carolinus,11199,1,US-MD,Montgomery,L42096446,"Dufief Muddy Branch Park, North Potomac, Maryland, US (39.105, -77.236)",39.1045983,-77.2364397,2025-04-04,03:51 PM,eBird - Traveling Count,26,1,.885,,2
S315223385,Red-bellied Woodpecker,Melanerpes carolinus,11199,1,US-MD,Montgomery,L42096446,"Dufief Muddy Branch Park, North Potomac, Maryland, US (39.105, -77.236)",39.1045983,-77.2364397,2026-03-31,01:10 PM,eBird - Traveling Count,41,1,.693,,1
S285632076,Red-bellied Woodpecker,Melanerpes carolinus,11199,2,US-MD,Montgomery,L4395404,Evans Parkway Park,39.0277688,-77.0430824,2025-11-15,10:49 AM,eBird - Traveling Count,366,1,59.383,,1
S183760057,Red-bellied Woodpecker,Melanerpes carolinus,11199,1,US-MD,Montgomery,L9055068,Hibiscus court Maryland,39.1187154,-77.2108193,2024-06-24,07:55 PM,eBird - Traveling Count,30,1,1.448,,1
S191290375,Red-bellied Woodpecker,Melanerpes carolinus,11199,1,US-MD,Montgomery,L9055068,Hibiscus court Maryland,39.1187154,-77.2108193,2024-08-13,08:26 AM,eBird - Traveling Count,19,1,.626,,1
S212334920,Red-bellied Woodpecker,Melanerpes carolinus,11199,1,US-MD,Montgomery,L9055068,Hibiscus court Maryland,39.1187154,-77.2108193,2025-02-07,02:23 PM,eBird - Traveling Count,70,1,1.77,,1
S215913487,Red-bellied Woodpecker,Melanerpes carolinus,11199,1,US-MD,Montgomery,L9055068,Hibiscus court Maryland,39.1187154,-77.2108193,2025-02-28,05:36 PM,eBird - Traveling Count,8,1,.457,,1
S229607559,Red-bellied Woodpecker,Melanerpes carolinus,11199,1,US-MD,Montgomery,L9055068,Hibiscus court Maryland,39.1187154,-77.2108193,2025-04-26,11:07 AM,eBird - Traveling Count,5,1,.272,,1
S245892700,Red-bellied Woodpecker,Melanerpes carolinus,11199,1,US-MD,Montgomery,L9055068,Hibiscus court Maryland,39.1187154,-77.2108193,2025-06-02,09:09 AM,eBird - Traveling Count,9,1,.177,,1
S253101356,Red-bellied Woodpecker,Melanerpes carolinus,11199,1,US-MD,Montgomery,L9055068,Hibiscus court Maryland,39.1187154,-77.2108193,2025-06-22,10:19 AM,eBird - Stationary Count,2,1,,,1
S253652061,Red-bellied Woodpecker,Melanerpes carolinus,11199,2,US-MD,Montgomery,L9055068,Hibiscus court Maryland,39.1187154,-77.2108193,2025-06-24,07:41 AM,eBird - Traveling Count,13,1,.508,,1
S256885531,Red-bellied Woodpecker,Melanerpes carolinus,11199,1,US-MD,Montgomery,L9055068,Hibiscus court Maryland,39.1187154,-77.2108193,2025-07-04,10:23 AM,eBird - Stationary Count,45,1,,,1
S296999698,Red-bellied Woodpecker,Melanerpes carolinus,11199,1,US-MD,Montgomery,L9055068,Hibiscus court Maryland,39.1187154,-77.2108193,2026-01-30,08:07 AM,eBird - Stationary Count,5,1,,,1
S299526270,Red-bellied Woodpecker,Melanerpes carolinus,11199,1,US-MD,Montgomery,L9055068,Hibiscus court Maryland,39.1187154,-77.2108193,2026-02-11,08:47 AM,eBird - Traveling Count,21,1,.585,,1
S299961545,Red-bellied Woodpecker,Melanerpes carolinus,11199,2,US-MD,Montgomery,L9055068,Hibiscus court Maryland,39.1187154,-77.2108193,2026-02-13,08:44 AM,eBird - Traveling Count,9,1,.24,,1
S301950574,Red-bellied Woodpecker,Melanerpes carolinus,11199,3,US-MD,Montgomery,L9055068,Hibiscus court Maryland,39.1187154,-77.2108193,2026-02-18,07:24 AM,eBird - Traveling Count,94,1,.445,,1
S307587013,Red-bellied Woodpecker,Melanerpes carolinus,11199,2,US-MD,Montgomery,L9055068,Hibiscus court Maryland,39.1187154,-77.2108193,2026-03-09,09:15 AM,eBird - Traveling Count,18,1,.498,,1,,,Gorgeous morning. So many resident birds chirping and building nests.
S308298400,Red-bellied Woodpecker,Melanerpes carolinus,11199,1,US-MD,Montgomery,L9055068,Hibiscus court Maryland,39.1187154,-77.2108193,2026-03-11,08:44 AM,eBird - Traveling Count,11,1,.415,,1,,,Another beautiful spring morning. It's trash day in my neighborhood so the crows were pretty excited.
S309775448,Red-bellied Woodpecker,Melanerpes carolinus,11199,1,US-MD,Montgomery,L9055068,Hibiscus court Maryland,39.1187154,-77.2108193,2026-03-16,10:09 AM,eBird - Traveling Count,37,1,.068,,1
S316727021,Red-bellied Woodpecker,Melanerpes carolinus,11199,2,US-MD,Montgomery,L9055068,Hibiscus court Maryland,39.1187154,-77.2108193,2026-04-04,08:41 AM,eBird - Traveling Count,15,1,.656,,1,,,Nice warm morning. Lots of bird activity and a gentle warm rain.
S317291213,Red-bellied Woodpecker,Melanerpes carolinus,11199,2,US-MD,Montgomery,L9055068,Hibiscus court Maryland,39.1187154,-77.2108193,2026-04-05,09:26 AM,eBird - Traveling Count,19,1,.322,,2,,,Stormy morning
S230178063,Red-bellied Woodpecker,Melanerpes carolinus,11199,1,US-MD,Montgomery,L1404741,Hoyles Mill Conservation Park,39.1771462,-77.319694,2025-04-27,02:46 PM,eBird - Traveling Count,20,1,.418,,1
S194193514,Red-bellied Woodpecker,Melanerpes carolinus,11199,1,US-MD,Montgomery,L126620,Hughes Hollow - McKee Beshers WMA,39.0803767,-77.4035096,2024-09-06,05:47 PM,eBird - Traveling Count,56,1,3.219,,4
S227622469,Red-bellied Woodpecker,Melanerpes carolinus,11199,2,US-MD,Montgomery,L126620,Hughes Hollow - McKee Beshers WMA,39.0803767,-77.4035096,2025-04-20,05:15 PM,eBird - Traveling Count,87,1,2.301,,1
S253053193,Red-bellied Woodpecker,Melanerpes carolinus,11199,2,US-MD,Montgomery,L126620,Hughes Hollow - McKee Beshers WMA,39.0803767,-77.4035096,2025-06-22,06:50 AM,eBird - Traveling Count,99,1,1.237,,1
S307723981,Red-bellied Woodpecker,Melanerpes carolinus,11199,1,US-MD,Montgomery,L126620,Hughes Hollow - McKee Beshers WMA,39.0803767,-77.4035096,2026-03-09,01:41 PM,eBird - Traveling Count,104,1,6.038,,1
S312069147,Red-bellied Woodpecker,Melanerpes carolinus,11199,1,US-MD,Montgomery,L126620,Hughes Hollow - McKee Beshers WMA,39.0803767,-77.4035096,2026-03-22,12:35 PM,eBird - Traveling Count,36,1,.657,,2
S230262565,Red-bellied Woodpecker,Melanerpes carolinus,11199,2,US-MD,Montgomery,L22161519,Hughes Hollow - McKee Beshers WMA--sunflower area and eastern fields,39.076893,-77.3812916,2025-04-27,03:44 PM,eBird - Traveling Count,78,1,3.75,,3
S285631806,Red-bellied Woodpecker,Melanerpes carolinus,11199,3,US-MD,Montgomery,L22161519,Hughes Hollow - McKee Beshers WMA--sunflower area and eastern fields,39.076893,-77.3812916,2025-11-22,12:53 PM,eBird - Traveling Count,53,1,3.085,,2
S276176191,Red-bellied Woodpecker,Melanerpes carolinus,11199,3,US-MD,Montgomery,L53412458,"Little Bennett Park Day Use Area, Clarksburg, Maryland, US (39.26, -77.302)",39.2601836,-77.3018111,2025-09-28,06:19 PM,eBird - Traveling Count,51,1,1.785,,1
S276905817,Red-bellied Woodpecker,Melanerpes carolinus,11199,2,US-MD,Montgomery,L1554234,Little Bennett RP--Froggy Hollow Trail,39.2619385,-77.2789755,2025-10-02,06:07 PM,eBird - Traveling Count,51,1,1.195,,1
S240002346,Red-bellied Woodpecker,Melanerpes carolinus,11199,2,US-MD,Montgomery,L2769057,Little Bennett RP--Western Piedmont Trail,39.27653,-77.3071432,2025-05-18,06:20 PM,eBird - Traveling Count,44,1,1.223,,1
S290043654,Red-bellied Woodpecker,Melanerpes carolinus,11199,1,US-MD,Montgomery,L2769057,Little Bennett RP--Western Piedmont Trail,39.27653,-77.3071432,2025-12-24,03:04 PM,eBird - Traveling Count,57,1,1.525,,2
S315322313,Red-bellied Woodpecker,Melanerpes carolinus,11199,1,US-MD,Montgomery,L2769057,Little Bennett RP--Western Piedmont Trail,39.27653,-77.3071432,2026-03-31,06:10 PM,eBird - Traveling Count,67,1,.97,,1
S173483643,Red-bellied Woodpecker,Melanerpes carolinus,11199,1,US-MD,Montgomery,L31569197,"Malcolm King Park (39.121, -77.212)",39.1205865,-77.212024,2024-05-11,09:34 AM,eBird - Traveling Count,37,1,1.189,,2,,,Just our daily morning dog walk!
S174220089,Red-bellied Woodpecker,Melanerpes carolinus,11199,X,US-MD,Montgomery,L31569197,"Malcolm King Park (39.121, -77.212)",39.1205865,-77.212024,2024-05-13,08:59 AM,eBird - Traveling Count,13,1,.803,,1,,,Another day another Cardinal LOL.
S183763373,Red-bellied Woodpecker,Melanerpes carolinus,11199,1,US-MD,Montgomery,L31569197,"Malcolm King Park (39.121, -77.212)",39.1205865,-77.212024,2024-06-25,07:00 PM,eBird - Traveling Count,23,1,.837,,1
S225232220,Red-bellied Woodpecker,Melanerpes carolinus,11199,1,US-MD,Montgomery,L31569197,"Malcolm King Park (39.121, -77.212)",39.1205865,-77.212024,2025-04-13,10:38 AM,eBird - Traveling Count,35,1,.805,,2
S232178059,Red-bellied Woodpecker,Melanerpes carolinus,11199,2,US-MD,Montgomery,L31569197,"Malcolm King Park (39.121, -77.212)",39.1205865,-77.212024,2025-05-02,05:38 PM,eBird - Traveling Count,19,1,1.014,,1
S246582636,Red-bellied Woodpecker,Melanerpes carolinus,11199,2,US-MD,Montgomery,L31569197,"Malcolm King Park (39.121, -77.212)",39.1205865,-77.212024,2025-06-04,08:20 AM,eBird - Traveling Count,9,1,.554,,1
S249019190,Red-bellied Woodpecker,Melanerpes carolinus,11199,1,US-MD,Montgomery,L31569197,"Malcolm King Park (39.121, -77.212)",39.1205865,-77.212024,2025-06-10,07:24 PM,eBird - Traveling Count,34,1,1.754,,1
S252450226,Red-bellied Woodpecker,Melanerpes carolinus,11199,2,US-MD,Montgomery,L31569197,"Malcolm King Park (39.121, -77.212)",39.1205865,-77.212024,2025-06-19,07:07 PM,eBird - Traveling Count,39,1,1.35,,1
S253943888,Red-bellied Woodpecker,Melanerpes carolinus,11199,1,US-MD,Montgomery,L31569197,"Malcolm King Park (39.121, -77.212)",39.1205865,-77.212024,2025-06-25,08:14 AM,eBird - Traveling Count,12,1,.602,,1
S255759518,Red-bellied Woodpecker,Melanerpes carolinus,11199,4,US-MD,Montgomery,L31569197,"Malcolm King Park (39.121, -77.212)",39.1205865,-77.212024,2025-06-30,08:01 PM,eBird - Traveling Count,20,1,1.035,,1
S282549377,Red-bellied Woodpecker,Melanerpes carolinus,11199,4,US-MD,Montgomery,L31569197,"Malcolm King Park (39.121, -77.212)",39.1205865,-77.212024,2025-11-02,10:30 AM,eBird - Traveling Count,24,1,.873,,1
S289206931,Red-bellied Woodpecker,Melanerpes carolinus,11199,1,US-MD,Montgomery,L31569197,"Malcolm King Park (39.121, -77.212)",39.1205865,-77.212024,2025-12-19,12:37 PM,eBird - Traveling Count,13,1,.484,,1
S290182812,Red-bellied Woodpecker,Melanerpes carolinus,11199,1,US-MD,Montgomery,L31569197,"Malcolm King Park (39.121, -77.212)",39.1205865,-77.212024,2025-12-25,12:06 PM,eBird - Traveling Count,27,1,1.078,,1
S294532327,Red-bellied Woodpecker,Melanerpes carolinus,11199,2,US-MD,Montgomery,L31569197,"Malcolm King Park (39.121, -77.212)",39.1205865,-77.212024,2026-01-16,10:11 AM,eBird - Traveling Count,20,1,.786,,1
S302680251,Red-bellied Woodpecker,Melanerpes carolinus,11199,1,US-MD,Montgomery,L31569197,"Malcolm King Park (39.121, -77.212)",39.1205865,-77.212024,2026-02-21,08:56 AM,eBird - Traveling Count,15,1,.76,,1
S307216901,Red-bellied Woodpecker,Melanerpes carolinus,11199,1,US-MD,Montgomery,L31569197,"Malcolm King Park (39.121, -77.212)",39.1205865,-77.212024,2026-03-08,09:51 AM,eBird - Traveling Count,76,1,1.346,,1,,,70f this morning on the walk. Watched a few crows try to take The nest that one of our pairs of red shouldered Hawks are building. The Hawks were not amused.
S315548994,Red-bellied Woodpecker,Melanerpes carolinus,11199,2,US-MD,Montgomery,L31569197,"Malcolm King Park (39.121, -77.212)",39.1205865,-77.212024,2026-04-01,09:42 AM,eBird - Traveling Count,28,1,.749,,1
S296608543,Red-bellied Woodpecker,Melanerpes carolinus,11199,1,US-MD,Montgomery,L57724492,"McKee-Beshers Turnoff, Poolesville, Maryland, US (39.085, -77.422)",39.0847532,-77.4220001,2026-01-27,04:31 PM,eBird - Stationary Count,20,1,,,1
S231384757,Red-bellied Woodpecker,Melanerpes carolinus,11199,1,US-MD,Montgomery,L8617665,Muddy Branch Greenway Trail--Pennyfield entrance,39.0579926,-77.2935924,2025-04-30,07:19 PM,eBird - Traveling Count,35,1,2.865,,1
S219612076,Red-bellied Woodpecker,Melanerpes carolinus,11199,1,US-MD,Montgomery,L11101726,Muddy Branch Park,39.113044,-77.226531,2025-03-20,11:04 AM,eBird - Traveling Count,26,1,.547,,1
S270982186,Red-bellied Woodpecker,Melanerpes carolinus,11199,1,US-MD,Montgomery,L453705,Patuxent River SP--Rte. 97 (Montgomery Co.),39.2380827,-77.0571345,2025-09-01,03:40 PM,eBird - Traveling Count,143,1,.802,,1
S214103631,Red-bellied Woodpecker,Melanerpes carolinus,11199,5,US-MD,Montgomery,L40356991,"River Road, Poolesville, Maryland, US",39.0850753,-77.4193878,2025-02-17,01:15 PM,eBird - Traveling Count,26,1,2.434,,1
S296602619,Red-bellied Woodpecker,Melanerpes carolinus,11199,1,US-MD,Montgomery,L53737414,Royce Hanson Conservation Park at Broad Run,39.1324176,-77.4573434,2026-01-27,03:24 PM,eBird - Traveling Count,36,1,2.222,,1
S283561628,Red-bellied Woodpecker,Melanerpes carolinus,11199,3,US-MD,Montgomery,L505316,Seneca Creek SP--Clopper Lake,39.142381,-77.252465,2025-11-08,03:09 PM,eBird - Traveling Count,18,1,.151,,1
S230664462,Red-bellied Woodpecker,Melanerpes carolinus,11199,1,US-MD,Montgomery,L41905651,"Seneca Greenway Trail, Gaithersburg, Maryland, US (39.167, -77.229)",39.1672893,-77.2288242,2025-04-28,06:28 PM,eBird - Traveling Count,80,1,2.317,,1
S203796738,Red-bellied Woodpecker,Melanerpes carolinus,11199,3,US-MD,Montgomery,L2055457,Sycamore Landing Rd. fields,39.0839717,-77.4146461,2024-11-27,02:08 PM,eBird - Traveling Count,89,1,4.361,,2
S227641632,Red-bellied Woodpecker,Melanerpes carolinus,11199,1,US-MD,Montgomery,L2055457,Sycamore Landing Rd. fields,39.0839717,-77.4146461,2025-04-20,06:54 PM,eBird - Traveling Count,41,1,2.494,,1
S315714190,Red-bellied Woodpecker,Melanerpes carolinus,11199,1,US-MD,Montgomery,L2055457,Sycamore Landing Rd. fields,39.0839717,-77.4146461,2026-04-01,06:15 PM,eBird - Traveling Count,26,1,11.681,,1
S314372032,Red-bellied Woodpecker,Melanerpes carolinus,11199,1,US-MD,Montgomery,L48823610,Washington Grove Conservation Park,39.136651,-77.171927,2026-03-29,10:35 AM,eBird - Traveling Count,47,1,1.727,,1
S177579473,Red-bellied Woodpecker,Melanerpes carolinus,11199,4,US-MD,Prince George's,L305078,Patuxent Research Refuge--South Tract (National Wildlife Visitor Center),39.0270605,-76.7991731,2024-05-27,09:22 AM,eBird - Traveling Count,131,0,8.433,,2
S239213799,Red-bellied Woodpecker,Melanerpes carolinus,11199,2,US-MD,Prince George's,L305078,Patuxent Research Refuge--South Tract (National Wildlife Visitor Center),39.0270605,-76.7991731,2025-05-17,08:28 AM,eBird - Traveling Count,149,1,6.502,,1
S226419119,Red-bellied Woodpecker,Melanerpes carolinus,11199,1,US-FL,Sarasota,L625835,Lemon Bay Park,26.9727128,-82.3743725,2025-04-17,02:32 PM,eBird - Traveling Count,58,1,2.897,,1
S295252172,Red-bellied Woodpecker,Melanerpes carolinus,11199,2,US-MD,Washington,L57442056,"3106 Chestnut Grove Road, Keedysville, Maryland, US (39.4, -77.703)",39.3995503,-77.7026681,2026-01-17,02:05 PM,eBird - Stationary Count,15,1,,,1
S175564443,Red-bellied Woodpecker,Melanerpes carolinus,11199,1,US-MD,Washington,L31950817,"3716 Harpers Ferry Road, Sharpsburg, Maryland, US (39.415, -77.737)",39.4153833,-77.7371018,2024-05-19,07:57 AM,eBird - Stationary Count,90,1,,,1
S252687295,Red-bellied Woodpecker,Melanerpes carolinus,11199,2,US-MD,Washington,L31950817,"3716 Harpers Ferry Road, Sharpsburg, Maryland, US (39.415, -77.737)",39.4153833,-77.7371018,2025-06-21,08:44 AM,eBird - Stationary Count,31,1,,,1
S288632117,Red-bellied Woodpecker,Melanerpes carolinus,11199,1,US-MD,Washington,L31950817,"3716 Harpers Ferry Road, Sharpsburg, Maryland, US (39.415, -77.737)",39.4153833,-77.7371018,2025-12-14,03:54 PM,eBird - Stationary Count,67,1,,,1
S297574933,Red-bellied Woodpecker,Melanerpes carolinus,11199,1,US-MD,Washington,L31950817,"3716 Harpers Ferry Road, Sharpsburg, Maryland, US (39.415, -77.737)",39.4153833,-77.7371018,2026-02-01,02:22 PM,eBird - Traveling Count,134,1,.16,,1
S203796974,Red-bellied Woodpecker,Melanerpes carolinus,11199,1,US-MD,Washington,L512641,C&O Canal--Antietam Creek,39.417434,-77.745801,2024-11-02,04:11 PM,eBird - Traveling Count,111,1,2.35,,1
S173113419,Red-bellied Woodpecker,Melanerpes carolinus,11199,1,US-MD,Washington,L4053312,Devil's Backbone County Park,39.538741,-77.7100086,2024-05-08,01:00 PM,eBird - Traveling Count,120,1,8.047,,2
S272056950,Red-bellied Woodpecker,Melanerpes carolinus,11199,1,US-MD,Washington,L7545582,Fort Frederick State Park,39.6103016,-78.0052128,2025-09-07,12:29 PM,eBird - Traveling Count,30,1,1.335,,1
S306960721,Red-bellied Woodpecker,Melanerpes carolinus,11199,2,US-MD,Washington,L59209237,"Private Yard, Sharpsburg, Maryland, US (39.416, -77.737)",39.4157499,-77.7373156,2026-03-07,04:48 PM,eBird - Traveling Count,41,1,.048,,2
S278707186,Red-bellied Woodpecker,Melanerpes carolinus,11199,3,US-MD,Washington,L456008,Weverton,39.327924,-77.6820087,2025-10-11,04:10 PM,eBird - Stationary Count,8,1,,,1
S273283091,Middle Spotted Woodpecker,Dendrocoptes medius,11266,1,CH-VD,,L2545642,Bois de Chênes,46.4377534,6.2347841,2025-09-14,11:21 AM,eBird - Stationary Count,47,1,,,1
S225941637,Downy Woodpecker,Dryobates pubescens,11400,3,US-FL,Charlotte,L618537,Amberjack Environmental Park--Lemon Lake,26.8725833,-82.3001289,2025-04-15,05:04 PM,eBird - Traveling Count,72,1,3.235,,1
S226075152,Downy Woodpecker,Dryobates pubescens,11400,1,US-FL,Charlotte,L618537,Amberjack Environmental Park--Lemon Lake,26.8725833,-82.3001289,2025-04-16,08:52 AM,eBird - Traveling Count,100,1,1.018,,4
S299019880,Downy Woodpecker,Dryobates pubescens,11400,1,US-FL,Charlotte,L618537,Amberjack Environmental Park--Lemon Lake,26.8725833,-82.3001289,2026-02-08,05:00 PM,eBird - Traveling Count,34,1,.332,,2
S226336345,Downy Woodpecker,Dryobates pubescens,11400,1,US-FL,Charlotte,L617642,Ollie's Pond Park,26.9860616,-82.1496961,2025-04-17,09:25 AM,eBird - Traveling Count,86,1,2.382,,3
S173683770,Downy Woodpecker,Dryobates pubescens,11400,1,US-DC,District of Columbia,L490336,C&O Canal--Fletcher's Cove (Fletcher's Boathouse),38.9188853,-77.1022224,2017-04-05,01:25 PM,eBird - Traveling Count,75,1,2.414,,3,,,With Paul Charron and Chris Marcum
S292145747,Downy Woodpecker,Dryobates pubescens,11400,1,US-VA,Fairfax,L718485,Great Falls Park,38.9937,-77.2553,2026-01-03,10:48 AM,eBird - Traveling Count,75,1,1.28,,1
S245500420,Downy Woodpecker,Dryobates pubescens,11400,1,US-MD,Montgomery,L285049,Agricultural History Farm Park,39.1610805,-77.1322894,2025-06-01,10:11 AM,eBird - Traveling Count,66,1,3.46,,1
S278435561,Downy Woodpecker,Dryobates pubescens,11400,1,US-MD,Montgomery,L285049,Agricultural History Farm Park,39.1610805,-77.1322894,2025-10-10,05:49 PM,eBird - Traveling Count,36,1,1.343,,1
S287726423,Downy Woodpecker,Dryobates pubescens,11400,1,US-MD,Montgomery,L285049,Agricultural History Farm Park,39.1610805,-77.1322894,2025-12-07,03:07 PM,eBird - Traveling Count,87,1,1.583,,2
S316508959,Downy Woodpecker,Dryobates pubescens,11400,2,US-MD,Montgomery,L230151,Blue Mash Nature Trail,39.1939588,-77.1060175,2026-04-03,05:54 PM,eBird - Traveling Count,70,1,2.147,,1
S217581672,Downy Woodpecker,Dryobates pubescens,11400,1,US-MD,Montgomery,L192824,C&O Canal--Violette's Lock,39.066803,-77.32951,2025-03-09,05:06 PM,eBird - Traveling Count,77,1,.493,,1
S232647749,Downy Woodpecker,Dryobates pubescens,11400,1,US-MD,Montgomery,L33913928,"Camden Retention Pond, Gaithersburg, Maryland, US (39.12, -77.206)",39.1197497,-77.2064087,2025-05-03,03:19 PM,eBird - Traveling Count,32,1,1.03,,1
S270764740,Downy Woodpecker,Dryobates pubescens,11400,1,US-MD,Montgomery,L33913928,"Camden Retention Pond, Gaithersburg, Maryland, US (39.12, -77.206)",39.1197497,-77.2064087,2025-08-31,07:33 PM,eBird - Traveling Count,97,1,1.031,,1
S223512042,Downy Woodpecker,Dryobates pubescens,11400,1,US-MD,Montgomery,L42214720,"Camp Seneca, Maryland, US (39.177, -77.302)",39.1772081,-77.3018305,2025-04-06,02:51 PM,eBird - Traveling Count,57,1,1.207,,1
S278982875,Downy Woodpecker,Dryobates pubescens,11400,1,US-MD,Montgomery,L29852635,Conservation Lane,39.121784,-77.2222379,2025-10-11,10:58 AM,eBird - Traveling Count,28,0,11.821,,1
S292776205,Downy Woodpecker,Dryobates pubescens,11400,2,US-MD,Montgomery,L56914155,"Crown Woods, Gaithersburg, Maryland, US (39.117, -77.211)",39.1166315,-77.2109226,2026-01-06,10:14 AM,eBird - Stationary Count,2,1,,,1
S293148654,Downy Woodpecker,Dryobates pubescens,11400,2,US-MD,Montgomery,L56914155,"Crown Woods, Gaithersburg, Maryland, US (39.117, -77.211)",39.1166315,-77.2109226,2026-01-08,02:03 PM,eBird - Traveling Count,7,1,.074,,1
S295165095,Downy Woodpecker,Dryobates pubescens,11400,3,US-MD,Montgomery,L56914155,"Crown Woods, Gaithersburg, Maryland, US (39.117, -77.211)",39.1166315,-77.2109226,2026-01-19,10:10 AM,eBird - Traveling Count,39,1,1.508,,1
S308124285,Downy Woodpecker,Dryobates pubescens,11400,2,US-MD,Montgomery,L42096446,"Dufief Muddy Branch Park, North Potomac, Maryland, US (39.105, -77.236)",39.1045983,-77.2364397,2026-03-10,06:10 PM,eBird - Traveling Count,35,1,.668,,1
S212334920,Downy Woodpecker,Dryobates pubescens,11400,1,US-MD,Montgomery,L9055068,Hibiscus court Maryland,39.1187154,-77.2108193,2025-02-07,02:23 PM,eBird - Traveling Count,70,1,1.77,,1
S213498174,Downy Woodpecker,Dryobates pubescens,11400,1,US-MD,Montgomery,L9055068,Hibiscus court Maryland,39.1187154,-77.2108193,2025-02-15,10:57 AM,eBird - Stationary Count,38,1,,,1
S245892700,Downy Woodpecker,Dryobates pubescens,11400,1,US-MD,Montgomery,L9055068,Hibiscus court Maryland,39.1187154,-77.2108193,2025-06-02,09:09 AM,eBird - Traveling Count,9,1,.177,,1
S248288214,Downy Woodpecker,Dryobates pubescens,11400,1,US-MD,Montgomery,L9055068,Hibiscus court Maryland,39.1187154,-77.2108193,2025-06-08,04:40 PM,eBird - Casual Observation,,0,,,1
S253652061,Downy Woodpecker,Dryobates pubescens,11400,2,US-MD,Montgomery,L9055068,Hibiscus court Maryland,39.1187154,-77.2108193,2025-06-24,07:41 AM,eBird - Traveling Count,13,1,.508,,1
S254502123,Downy Woodpecker,Dryobates pubescens,11400,1,US-MD,Montgomery,L9055068,Hibiscus court Maryland,39.1187154,-77.2108193,2025-06-27,08:24 AM,eBird - Traveling Count,14,1,.633,,1
S256885531,Downy Woodpecker,Dryobates pubescens,11400,1,US-MD,Montgomery,L9055068,Hibiscus court Maryland,39.1187154,-77.2108193,2025-07-04,10:23 AM,eBird - Stationary Count,45,1,,,1
S264217115,Downy Woodpecker,Dryobates pubescens,11400,2,US-MD,Montgomery,L9055068,Hibiscus court Maryland,39.1187154,-77.2108193,2025-08-01,11:16 AM,eBird - Stationary Count,12,1,,,1
S293088711,Downy Woodpecker,Dryobates pubescens,11400,1,US-MD,Montgomery,L9055068,Hibiscus court Maryland,39.1187154,-77.2108193,2026-01-08,08:04 AM,eBird - Traveling Count,32,1,1.292,,2
S295629570,Downy Woodpecker,Dryobates pubescens,11400,1,US-MD,Montgomery,L9055068,Hibiscus court Maryland,39.1187154,-77.2108193,2026-01-22,08:38 AM,eBird - Traveling Count,20,1,.414,,1
S301133523,Downy Woodpecker,Dryobates pubescens,11400,1,US-MD,Montgomery,L9055068,Hibiscus court Maryland,39.1187154,-77.2108193,2026-02-15,02:50 PM,eBird - Stationary Count,130,1,,,2
S303255172,Downy Woodpecker,Dryobates pubescens,11400,2,US-MD,Montgomery,L9055068,Hibiscus court Maryland,39.1187154,-77.2108193,2026-02-23,08:11 AM,eBird - Stationary Count,54,1,,,1,,,That is incredibly snowy and frigid day here.
S316727021,Downy Woodpecker,Dryobates pubescens,11400,1,US-MD,Montgomery,L9055068,Hibiscus court Maryland,39.1187154,-77.2108193,2026-04-04,08:41 AM,eBird - Traveling Count,15,1,.656,,1,,,Nice warm morning. Lots of bird activity and a gentle warm rain.
S317291213,Downy Woodpecker,Dryobates pubescens,11400,1,US-MD,Montgomery,L9055068,Hibiscus court Maryland,39.1187154,-77.2108193,2026-04-05,09:26 AM,eBird - Traveling Count,19,1,.322,,2,,,Stormy morning
S194193514,Downy Woodpecker,Dryobates pubescens,11400,1,US-MD,Montgomery,L126620,Hughes Hollow - McKee Beshers WMA,39.0803767,-77.4035096,2024-09-06,05:47 PM,eBird - Traveling Count,56,1,3.219,,4
S253053193,Downy Woodpecker,Dryobates pubescens,11400,1,US-MD,Montgomery,L126620,Hughes Hollow - McKee Beshers WMA,39.0803767,-77.4035096,2025-06-22,06:50 AM,eBird - Traveling Count,99,1,1.237,,1
S307723981,Downy Woodpecker,Dryobates pubescens,11400,2,US-MD,Montgomery,L126620,Hughes Hollow - McKee Beshers WMA,39.0803767,-77.4035096,2026-03-09,01:41 PM,eBird - Traveling Count,104,1,6.038,,1
S315703473,Downy Woodpecker,Dryobates pubescens,11400,1,US-MD,Montgomery,L126620,Hughes Hollow - McKee Beshers WMA,39.0803767,-77.4035096,2026-04-01,05:00 PM,eBird - Traveling Count,58,1,.544,,1,,,This was an absolutely stunning evening. Lots of birds. Couple of unexpected visitors like the blue winged teal and a nice show from the red-headed woodpeckers.
S276905817,Downy Woodpecker,Dryobates pubescens,11400,1,US-MD,Montgomery,L1554234,Little Bennett RP--Froggy Hollow Trail,39.2619385,-77.2789755,2025-10-02,06:07 PM,eBird - Traveling Count,51,1,1.195,,1
S315322313,Downy Woodpecker,Dryobates pubescens,11400,1,US-MD,Montgomery,L2769057,Little Bennett RP--Western Piedmont Trail,39.27653,-77.3071432,2026-03-31,06:10 PM,eBird - Traveling Count,67,1,.97,,1
S174427926,Downy Woodpecker,Dryobates pubescens,11400,1,US-MD,Montgomery,L31569197,"Malcolm King Park (39.121, -77.212)",39.1205865,-77.212024,2024-05-14,07:33 AM,eBird - Traveling Count,16,1,.805,,1
S253943888,Downy Woodpecker,Dryobates pubescens,11400,1,US-MD,Montgomery,L31569197,"Malcolm King Park (39.121, -77.212)",39.1205865,-77.212024,2025-06-25,08:14 AM,eBird - Traveling Count,12,1,.602,,1
S290182812,Downy Woodpecker,Dryobates pubescens,11400,1,US-MD,Montgomery,L31569197,"Malcolm King Park (39.121, -77.212)",39.1205865,-77.212024,2025-12-25,12:06 PM,eBird - Traveling Count,27,1,1.078,,1
S292410625,Downy Woodpecker,Dryobates pubescens,11400,1,US-MD,Montgomery,L31569197,"Malcolm King Park (39.121, -77.212)",39.1205865,-77.212024,2026-01-04,11:17 AM,eBird - Traveling Count,77,1,1.98,,2
S306793326,Downy Woodpecker,Dryobates pubescens,11400,1,US-MD,Montgomery,L31569197,"Malcolm King Park (39.121, -77.212)",39.1205865,-77.212024,2026-03-07,09:48 AM,eBird - Traveling Count,17,1,.749,,1,,,"Very humid day. Most of the birds are pretty angry about the two red shoulder hawks flying around, filling a nest near the park bench at the shady Grove Park entrance."
S307216901,Downy Woodpecker,Dryobates pubescens,11400,1,US-MD,Montgomery,L31569197,"Malcolm King Park (39.121, -77.212)",39.1205865,-77.212024,2026-03-08,09:51 AM,eBird - Traveling Count,76,1,1.346,,1,,,70f this morning on the walk. Watched a few crows try to take The nest that one of our pairs of red shouldered Hawks are building. The Hawks were not amused.
S283561628,Downy Woodpecker,Dryobates pubescens,11400,1,US-MD,Montgomery,L505316,Seneca Creek SP--Clopper Lake,39.142381,-77.252465,2025-11-08,03:09 PM,eBird - Traveling Count,18,1,.151,,1
S203796738,Downy Woodpecker,Dryobates pubescens,11400,2,US-MD,Montgomery,L2055457,Sycamore Landing Rd. fields,39.0839717,-77.4146461,2024-11-27,02:08 PM,eBird - Traveling Count,89,1,4.361,,2
S227641632,Downy Woodpecker,Dryobates pubescens,11400,1,US-MD,Montgomery,L2055457,Sycamore Landing Rd. fields,39.0839717,-77.4146461,2025-04-20,06:54 PM,eBird - Traveling Count,41,1,2.494,,1
S279738820,Downy Woodpecker,Dryobates pubescens,11400,1,US-MD,Montgomery,L54114773,"Washington Woods Park, Gaithersburg, Maryland, US (39.113, -77.224)",39.11282,-77.2236712,2025-10-16,01:21 PM,eBird - Traveling Count,34,1,.56,,1
S304654981,Downy Woodpecker,Dryobates pubescens,11400,1,US-MD,Montgomery,L54114773,"Washington Woods Park, Gaithersburg, Maryland, US (39.113, -77.224)",39.11282,-77.2236712,2026-02-28,11:12 AM,eBird - Traveling Count,82,1,.627,,1
S239213799,Downy Woodpecker,Dryobates pubescens,11400,2,US-MD,Prince George's,L305078,Patuxent Research Refuge--South Tract (National Wildlife Visitor Center),39.0270605,-76.7991731,2025-05-17,08:28 AM,eBird - Traveling Count,149,1,6.502,,1
S217439085,Downy Woodpecker,Dryobates pubescens,11400,2,US-MD,Washington,L31950817,"3716 Harpers Ferry Road, Sharpsburg, Maryland, US (39.415, -77.737)",39.4153833,-77.7371018,2025-03-09,09:25 AM,eBird - Stationary Count,8,1,,,1
S221934041,Downy Woodpecker,Dryobates pubescens,11400,1,US-MD,Washington,L31950817,"3716 Harpers Ferry Road, Sharpsburg, Maryland, US (39.415, -77.737)",39.4153833,-77.7371018,2025-03-30,03:58 PM,eBird - Traveling Count,76,1,.07,,1
S252687295,Downy Woodpecker,Dryobates pubescens,11400,1,US-MD,Washington,L31950817,"3716 Harpers Ferry Road, Sharpsburg, Maryland, US (39.415, -77.737)",39.4153833,-77.7371018,2025-06-21,08:44 AM,eBird - Stationary Count,31,1,,,1
S288632117,Downy Woodpecker,Dryobates pubescens,11400,1,US-MD,Washington,L31950817,"3716 Harpers Ferry Road, Sharpsburg, Maryland, US (39.415, -77.737)",39.4153833,-77.7371018,2025-12-14,03:54 PM,eBird - Stationary Count,67,1,,,1
S197672933,Downy Woodpecker,Dryobates pubescens,11400,1,US-MD,Washington,L512641,C&O Canal--Antietam Creek,39.417434,-77.745801,2024-10-05,05:15 PM,eBird - Traveling Count,60,1,6.26,,3
S180559422,Downy Woodpecker,Dryobates pubescens,11400,1,US-MD,Washington,L33056912,"Rohrbach Campground, Sharpsburg, Maryland, US (39.454, -77.731)",39.4543401,-77.7314234,2024-06-08,02:29 PM,eBird - Traveling Count,113,1,.402,,1
S206613560,Hairy Woodpecker,Leuconotopicus villosus,11427,1,US-NH,Coos,L12723083,Errol Downtown,44.7801749,-71.1354232,2024-12-20,05:17 PM,eBird - Casual Observation,,0,,,2
S192337224,Hairy Woodpecker,Leuconotopicus villosus,11427,2,US-NH,Coos,L3547211,"Errol, private yards",44.7891067,-71.1536837,2024-08-19,05:00 PM,eBird - Stationary Count,15,1,,,3
S206174934,Hairy Woodpecker,Leuconotopicus villosus,11427,1,US-NH,Coos,L3547211,"Errol, private yards",44.7891067,-71.1536837,2024-12-21,09:55 AM,eBird - Stationary Count,70,1,,,4
S268111225,Hairy Woodpecker,Leuconotopicus villosus,11427,1,US-NH,Coos,L1209933,"Umbagog NWR--Magalloway River Trail, Wentworths Location",44.8424719,-71.0572958,2025-08-18,02:08 PM,eBird - Traveling Count,70,1,1.903,,1
S173683770,Hairy Woodpecker,Leuconotopicus villosus,11427,1,US-DC,District of Columbia,L490336,C&O Canal--Fletcher's Cove (Fletcher's Boathouse),38.9188853,-77.1022224,2017-04-05,01:25 PM,eBird - Traveling Count,75,1,2.414,,3,,,With Paul Charron and Chris Marcum
S309217693,Hairy Woodpecker,Leuconotopicus villosus,11427,1,US-MD,Montgomery,L60238913,"14321 Piccadilly Road, Silver Spring, Maryland, US (39.092, -77.035)",39.0923058,-77.0352297,2026-03-14,04:50 PM,eBird - Traveling Count,34,1,.158,,1
S201163113,Hairy Woodpecker,Leuconotopicus villosus,11427,2,US-MD,Montgomery,L37779595,"18953 Abbotsford Circle, Germantown, Maryland, US (39.164, -77.239)",39.1644592,-77.238655,2024-11-02,01:37 PM,eBird - Traveling Count,30,0,45.575,,1
S102906952,Hairy Woodpecker,Leuconotopicus villosus,11427,2,US-MD,Montgomery,L17792207,"25 Hibiscus Court, Gaithersburg, Maryland, US (39.119, -77.211)",39.1187963,-77.210908,2022-02-18,03:20 PM,eBird - Stationary Count,1,1,,,1
S102907199,Hairy Woodpecker,Leuconotopicus villosus,11427,2,US-MD,Montgomery,L17792207,"25 Hibiscus Court, Gaithersburg, Maryland, US (39.119, -77.211)",39.1187963,-77.210908,2022-02-18,03:23 PM,eBird - Casual Observation,,0,,,1,,,Backyard bird count
S303974969,Hairy Woodpecker,Leuconotopicus villosus,11427,1,US-MD,Montgomery,L57047379,"A Fields Road Elementary, Gaithersburg, Maryland, US (39.119, -77.215)",39.1188882,-77.2150482,2026-02-26,08:24 AM,eBird - Traveling Count,24,1,.427,,1
S245500420,Hairy Woodpecker,Leuconotopicus villosus,11427,1,US-MD,Montgomery,L285049,Agricultural History Farm Park,39.1610805,-77.1322894,2025-06-01,10:11 AM,eBird - Traveling Count,66,1,3.46,,1
S233615339,Hairy Woodpecker,Leuconotopicus villosus,11427,1,US-MD,Montgomery,L584300,C&O Canal--Edwards Ferry,39.1030006,-77.4737057,2025-05-05,06:00 PM,eBird - Traveling Count,42,1,1.493,,1
S305134693,Hairy Woodpecker,Leuconotopicus villosus,11427,2,US-MD,Montgomery,L584300,C&O Canal--Edwards Ferry,39.1030006,-77.4737057,2026-03-01,04:03 PM,eBird - Traveling Count,7,1,.224,,1,,,This app is messed up. We were here for 40 minutes. It's saying 7:00.
S245692718,Hairy Woodpecker,Leuconotopicus villosus,11427,1,US-MD,Montgomery,L515805,C&O Canal--Mouth of the Monocacy (Mont. Co.),39.221687,-77.451432,2025-06-01,05:35 PM,eBird - Traveling Count,35,1,.52,,1
S291774633,Hairy Woodpecker,Leuconotopicus villosus,11427,1,US-MD,Montgomery,L192824,C&O Canal--Violette's Lock,39.066803,-77.32951,2026-01-01,03:04 PM,eBird - Traveling Count,17,1,.871,,1
S316385681,Hairy Woodpecker,Leuconotopicus villosus,11427,1,US-MD,Montgomery,L33913928,"Camden Retention Pond, Gaithersburg, Maryland, US (39.12, -77.206)",39.1197497,-77.2064087,2026-04-03,01:09 PM,eBird - Traveling Count,39,1,1.061,,1
S295165095,Hairy Woodpecker,Leuconotopicus villosus,11427,1,US-MD,Montgomery,L56914155,"Crown Woods, Gaithersburg, Maryland, US (39.117, -77.211)",39.1166315,-77.2109226,2026-01-19,10:10 AM,eBird - Traveling Count,39,1,1.508,,1
S303474362,Hairy Woodpecker,Leuconotopicus villosus,11427,1,US-MD,Montgomery,L56914155,"Crown Woods, Gaithersburg, Maryland, US (39.117, -77.211)",39.1166315,-77.2109226,2026-02-24,08:16 AM,eBird - Traveling Count,16,1,.347,,1,,,Another cold February morning. Very few birds out and about this morning.
S197341843,Hairy Woodpecker,Leuconotopicus villosus,11427,1,US-MD,Montgomery,L9055068,Hibiscus court Maryland,39.1187154,-77.2108193,2024-10-03,08:56 AM,eBird - Traveling Count,14,1,.867,,2
S212334920,Hairy Woodpecker,Leuconotopicus villosus,11427,2,US-MD,Montgomery,L9055068,Hibiscus court Maryland,39.1187154,-77.2108193,2025-02-07,02:23 PM,eBird - Traveling Count,70,1,1.77,,1
S215913487,Hairy Woodpecker,Leuconotopicus villosus,11427,1,US-MD,Montgomery,L9055068,Hibiscus court Maryland,39.1187154,-77.2108193,2025-02-28,05:36 PM,eBird - Traveling Count,8,1,.457,,1
S229607559,Hairy Woodpecker,Leuconotopicus villosus,11427,2,US-MD,Montgomery,L9055068,Hibiscus court Maryland,39.1187154,-77.2108193,2025-04-26,11:07 AM,eBird - Traveling Count,5,1,.272,,1
S248288214,Hairy Woodpecker,Leuconotopicus villosus,11427,1,US-MD,Montgomery,L9055068,Hibiscus court Maryland,39.1187154,-77.2108193,2025-06-08,04:40 PM,eBird - Casual Observation,,0,,,1
S307587013,Hairy Woodpecker,Leuconotopicus villosus,11427,1,US-MD,Montgomery,L9055068,Hibiscus court Maryland,39.1187154,-77.2108193,2026-03-09,09:15 AM,eBird - Traveling Count,18,1,.498,,1,,,Gorgeous morning. So many resident birds chirping and building nests.
S316727021,Hairy Woodpecker,Leuconotopicus villosus,11427,1,US-MD,Montgomery,L9055068,Hibiscus court Maryland,39.1187154,-77.2108193,2026-04-04,08:41 AM,eBird - Traveling Count,15,1,.656,,1,,,Nice warm morning. Lots of bird activity and a gentle warm rain.
S194193514,Hairy Woodpecker,Leuconotopicus villosus,11427,1,US-MD,Montgomery,L126620,Hughes Hollow - McKee Beshers WMA,39.0803767,-77.4035096,2024-09-06,05:47 PM,eBird - Traveling Count,56,1,3.219,,4
S227622469,Hairy Woodpecker,Leuconotopicus villosus,11427,1,US-MD,Montgomery,L126620,Hughes Hollow - McKee Beshers WMA,39.0803767,-77.4035096,2025-04-20,05:15 PM,eBird - Traveling Count,87,1,2.301,,1
S312069147,Hairy Woodpecker,Leuconotopicus villosus,11427,1,US-MD,Montgomery,L126620,Hughes Hollow - McKee Beshers WMA,39.0803767,-77.4035096,2026-03-22,12:35 PM,eBird - Traveling Count,36,1,.657,,2
S230262565,Hairy Woodpecker,Leuconotopicus villosus,11427,2,US-MD,Montgomery,L22161519,Hughes Hollow - McKee Beshers WMA--sunflower area and eastern fields,39.076893,-77.3812916,2025-04-27,03:44 PM,eBird - Traveling Count,78,1,3.75,,3
S285631806,Hairy Woodpecker,Leuconotopicus villosus,11427,1,US-MD,Montgomery,L22161519,Hughes Hollow - McKee Beshers WMA--sunflower area and eastern fields,39.076893,-77.3812916,2025-11-22,12:53 PM,eBird - Traveling Count,53,1,3.085,,2
S245099547,Hairy Woodpecker,Leuconotopicus villosus,11427,1,US-MD,Montgomery,L32512991,"Lake Halcyon, Gaithersburg, Maryland, US (39.12, -77.219)",39.120175,-77.2190739,2025-05-31,01:29 PM,eBird - Traveling Count,19,1,.495,,1
S276905817,Hairy Woodpecker,Leuconotopicus villosus,11427,2,US-MD,Montgomery,L1554234,Little Bennett RP--Froggy Hollow Trail,39.2619385,-77.2789755,2025-10-02,06:07 PM,eBird - Traveling Count,51,1,1.195,,1
S240002346,Hairy Woodpecker,Leuconotopicus villosus,11427,1,US-MD,Montgomery,L2769057,Little Bennett RP--Western Piedmont Trail,39.27653,-77.3071432,2025-05-18,06:20 PM,eBird - Traveling Count,44,1,1.223,,1
S315322313,Hairy Woodpecker,Leuconotopicus villosus,11427,2,US-MD,Montgomery,L2769057,Little Bennett RP--Western Piedmont Trail,39.27653,-77.3071432,2026-03-31,06:10 PM,eBird - Traveling Count,67,1,.97,,1
S212659650,Hairy Woodpecker,Leuconotopicus villosus,11427,2,US-MD,Montgomery,L31569197,"Malcolm King Park (39.121, -77.212)",39.1205865,-77.212024,2025-02-09,02:21 PM,eBird - Traveling Count,39,1,2.06,,1
S246582636,Hairy Woodpecker,Leuconotopicus villosus,11427,1,US-MD,Montgomery,L31569197,"Malcolm King Park (39.121, -77.212)",39.1205865,-77.212024,2025-06-04,08:20 AM,eBird - Traveling Count,9,1,.554,,1
S249019190,Hairy Woodpecker,Leuconotopicus villosus,11427,1,US-MD,Montgomery,L31569197,"Malcolm King Park (39.121, -77.212)",39.1205865,-77.212024,2025-06-10,07:24 PM,eBird - Traveling Count,34,1,1.754,,1
S250837526,Hairy Woodpecker,Leuconotopicus villosus,11427,2,US-MD,Montgomery,L31569197,"Malcolm King Park (39.121, -77.212)",39.1205865,-77.212024,2025-06-15,05:46 PM,eBird - Traveling Count,36,1,2.063,,1
S282549377,Hairy Woodpecker,Leuconotopicus villosus,11427,2,US-MD,Montgomery,L31569197,"Malcolm King Park (39.121, -77.212)",39.1205865,-77.212024,2025-11-02,10:30 AM,eBird - Traveling Count,24,1,.873,,1
S302680251,Hairy Woodpecker,Leuconotopicus villosus,11427,1,US-MD,Montgomery,L31569197,"Malcolm King Park (39.121, -77.212)",39.1205865,-77.212024,2026-02-21,08:56 AM,eBird - Traveling Count,15,1,.76,,1
S296602619,Hairy Woodpecker,Leuconotopicus villosus,11427,1,US-MD,Montgomery,L53737414,Royce Hanson Conservation Park at Broad Run,39.1324176,-77.4573434,2026-01-27,03:24 PM,eBird - Traveling Count,36,1,2.222,,1
S203796738,Hairy Woodpecker,Leuconotopicus villosus,11427,2,US-MD,Montgomery,L2055457,Sycamore Landing Rd. fields,39.0839717,-77.4146461,2024-11-27,02:08 PM,eBird - Traveling Count,89,1,4.361,,2
S279738820,Hairy Woodpecker,Leuconotopicus villosus,11427,1,US-MD,Montgomery,L54114773,"Washington Woods Park, Gaithersburg, Maryland, US (39.113, -77.224)",39.11282,-77.2236712,2025-10-16,01:21 PM,eBird - Traveling Count,34,1,.56,,1
S304654981,Hairy Woodpecker,Leuconotopicus villosus,11427,1,US-MD,Montgomery,L54114773,"Washington Woods Park, Gaithersburg, Maryland, US (39.113, -77.224)",39.11282,-77.2236712,2026-02-28,11:12 AM,eBird - Traveling Count,82,1,.627,,1
S288632117,Hairy Woodpecker,Leuconotopicus villosus,11427,1,US-MD,Washington,L31950817,"3716 Harpers Ferry Road, Sharpsburg, Maryland, US (39.415, -77.737)",39.4153833,-77.7371018,2025-12-14,03:54 PM,eBird - Stationary Count,67,1,,,1
S199682839,Hairy Woodpecker,Leuconotopicus villosus,11427,2,US-MD,Washington,L3108412,Antietam National Battlefield--Burnside Bridge,39.4505101,-77.7318442,2024-10-20,03:00 PM,eBird - Traveling Count,160,1,32.895,,3
S290209793,Hairy Woodpecker,Leuconotopicus villosus,11427,1,US-MD,Washington,L9230656,Antietam National Battlefield--Cornfield Trail,39.4871863,-77.749304,2025-12-25,02:59 PM,eBird - Traveling Count,51,1,39.817,,2
S197672933,Hairy Woodpecker,Leuconotopicus villosus,11427,3,US-MD,Washington,L512641,C&O Canal--Antietam Creek,39.417434,-77.745801,2024-10-05,05:15 PM,eBird - Traveling Count,60,1,6.26,,3
S203796974,Hairy Woodpecker,Leuconotopicus villosus,11427,1,US-MD,Washington,L512641,C&O Canal--Antietam Creek,39.417434,-77.745801,2024-11-02,04:11 PM,eBird - Traveling Count,111,1,2.35,,1
S173113419,Hairy Woodpecker,Leuconotopicus villosus,11427,1,US-MD,Washington,L4053312,Devil's Backbone County Park,39.538741,-77.7100086,2024-05-08,01:00 PM,eBird - Traveling Count,120,1,8.047,,2
S306960721,Hairy Woodpecker,Leuconotopicus villosus,11427,1,US-MD,Washington,L59209237,"Private Yard, Sharpsburg, Maryland, US (39.416, -77.737)",39.4157499,-77.7373156,2026-03-07,04:48 PM,eBird - Traveling Count,41,1,.048,,2
S255372516,Hairy Woodpecker,Leuconotopicus villosus,11427,1,US-MD,Washington,L33056912,"Rohrbach Campground, Sharpsburg, Maryland, US (39.454, -77.731)",39.4543401,-77.7314234,2025-06-29,02:50 PM,eBird - Traveling Count,58,1,2.214,,1
S267714441,Pileated Woodpecker,Dryocopus pileatus,11762,1,US-NH,Coos,L51626476,"9 School Street, Whitefield, New Hampshire, US (44.374, -71.614)",44.3742577,-71.6135718,2025-08-16,06:00 PM,eBird - Traveling Count,90,1,.056,,1
S268111225,Pileated Woodpecker,Dryocopus pileatus,11762,1,US-NH,Coos,L1209933,"Umbagog NWR--Magalloway River Trail, Wentworths Location",44.8424719,-71.0572958,2025-08-18,02:08 PM,eBird - Traveling Count,70,1,1.903,,1
S192192741,Pileated Woodpecker,Dryocopus pileatus,11762,1,US-NH,Coos,L35940134,"Upton Road, Errol, New Hampshire, US (44.747, -71.111)",44.7469574,-71.1114598,2024-08-19,06:33 PM,eBird - Casual Observation,,0,,,1
S292145747,Pileated Woodpecker,Dryocopus pileatus,11762,1,US-VA,Fairfax,L718485,Great Falls Park,38.9937,-77.2553,2026-01-03,10:48 AM,eBird - Traveling Count,75,1,1.28,,1
S285631919,Pileated Woodpecker,Dryocopus pileatus,11762,3,US-MD,Frederick,L473415,New Design Road,39.2903356,-77.4676037,2025-11-02,12:56 PM,eBird - Traveling Count,207,1,7.02,,1
S267871655,Pileated Woodpecker,Dryocopus pileatus,11762,1,US-NH,Grafton,L7922375,Little Squam Lake (overall),43.7196644,-71.603472,2025-08-17,09:29 AM,eBird - Traveling Count,163,1,9.725,,1
S303974969,Pileated Woodpecker,Dryocopus pileatus,11762,1,US-MD,Montgomery,L57047379,"A Fields Road Elementary, Gaithersburg, Maryland, US (39.119, -77.215)",39.1188882,-77.2150482,2026-02-26,08:24 AM,eBird - Traveling Count,24,1,.427,,1
S304364531,Pileated Woodpecker,Dryocopus pileatus,11762,1,US-MD,Montgomery,L57047379,"A Fields Road Elementary, Gaithersburg, Maryland, US (39.119, -77.215)",39.1188882,-77.2150482,2026-02-27,08:46 AM,eBird - Traveling Count,19,1,.435,,1
S278435561,Pileated Woodpecker,Dryocopus pileatus,11762,1,US-MD,Montgomery,L285049,Agricultural History Farm Park,39.1610805,-77.1322894,2025-10-10,05:49 PM,eBird - Traveling Count,36,1,1.343,,1
S316508959,Pileated Woodpecker,Dryocopus pileatus,11762,1,US-MD,Montgomery,L230151,Blue Mash Nature Trail,39.1939588,-77.1060175,2026-04-03,05:54 PM,eBird - Traveling Count,70,1,2.147,,1
S289393221,Pileated Woodpecker,Dryocopus pileatus,11762,5,US-MD,Montgomery,L515805,C&O Canal--Mouth of the Monocacy (Mont. Co.),39.221687,-77.451432,2025-12-20,01:56 PM,eBird - Traveling Count,93,1,3.015,,1
S316385681,Pileated Woodpecker,Dryocopus pileatus,11762,1,US-MD,Montgomery,L33913928,"Camden Retention Pond, Gaithersburg, Maryland, US (39.12, -77.206)",39.1197497,-77.2064087,2026-04-03,01:09 PM,eBird - Traveling Count,39,1,1.061,,1
S223512042,Pileated Woodpecker,Dryocopus pileatus,11762,1,US-MD,Montgomery,L42214720,"Camp Seneca, Maryland, US (39.177, -77.302)",39.1772081,-77.3018305,2025-04-06,02:51 PM,eBird - Traveling Count,57,1,1.207,,1
S183760057,Pileated Woodpecker,Dryocopus pileatus,11762,2,US-MD,Montgomery,L9055068,Hibiscus court Maryland,39.1187154,-77.2108193,2024-06-24,07:55 PM,eBird - Traveling Count,30,1,1.448,,1
S292771563,Pileated Woodpecker,Dryocopus pileatus,11762,1,US-MD,Montgomery,L9055068,Hibiscus court Maryland,39.1187154,-77.2108193,2026-01-06,08:31 AM,eBird - Stationary Count,84,1,,,1
S293693389,Pileated Woodpecker,Dryocopus pileatus,11762,1,US-MD,Montgomery,L9055068,Hibiscus court Maryland,39.1187154,-77.2108193,2026-01-11,11:32 AM,eBird - Traveling Count,10,1,.36,,1
S303255172,Pileated Woodpecker,Dryocopus pileatus,11762,1,US-MD,Montgomery,L9055068,Hibiscus court Maryland,39.1187154,-77.2108193,2026-02-23,08:11 AM,eBird - Stationary Count,54,1,,,1,,,That is incredibly snowy and frigid day here.
S316727021,Pileated Woodpecker,Dryocopus pileatus,11762,1,US-MD,Montgomery,L9055068,Hibiscus court Maryland,39.1187154,-77.2108193,2026-04-04,08:41 AM,eBird - Traveling Count,15,1,.656,,1,,,Nice warm morning. Lots of bird activity and a gentle warm rain.
S253053193,Pileated Woodpecker,Dryocopus pileatus,11762,2,US-MD,Montgomery,L126620,Hughes Hollow - McKee Beshers WMA,39.0803767,-77.4035096,2025-06-22,06:50 AM,eBird - Traveling Count,99,1,1.237,,1
S315703473,Pileated Woodpecker,Dryocopus pileatus,11762,2,US-MD,Montgomery,L126620,Hughes Hollow - McKee Beshers WMA,39.0803767,-77.4035096,2026-04-01,05:00 PM,eBird - Traveling Count,58,1,.544,,1,,,This was an absolutely stunning evening. Lots of birds. Couple of unexpected visitors like the blue winged teal and a nice show from the red-headed woodpeckers.
S285631806,Pileated Woodpecker,Dryocopus pileatus,11762,1,US-MD,Montgomery,L22161519,Hughes Hollow - McKee Beshers WMA--sunflower area and eastern fields,39.076893,-77.3812916,2025-11-22,12:53 PM,eBird - Traveling Count,53,1,3.085,,2
S214096790,Pileated Woodpecker,Dryocopus pileatus,11762,1,US-MD,Montgomery,L13399500,Izaak Walton Way (bird from road only),39.0938129,-77.4242505,2025-02-17,12:59 PM,eBird - Traveling Count,14,1,2.72,,1
S174220089,Pileated Woodpecker,Dryocopus pileatus,11762,1,US-MD,Montgomery,L31569197,"Malcolm King Park (39.121, -77.212)",39.1205865,-77.212024,2024-05-13,08:59 AM,eBird - Traveling Count,13,1,.803,,1,,,Another day another Cardinal LOL.
S184845781,Pileated Woodpecker,Dryocopus pileatus,11762,1,US-MD,Montgomery,L31569197,"Malcolm King Park (39.121, -77.212)",39.1205865,-77.212024,2024-07-01,06:57 PM,eBird - Traveling Count,60,1,.06,,1
S225232220,Pileated Woodpecker,Dryocopus pileatus,11762,1,US-MD,Montgomery,L31569197,"Malcolm King Park (39.121, -77.212)",39.1205865,-77.212024,2025-04-13,10:38 AM,eBird - Traveling Count,35,1,.805,,2
S249019190,Pileated Woodpecker,Dryocopus pileatus,11762,1,US-MD,Montgomery,L31569197,"Malcolm King Park (39.121, -77.212)",39.1205865,-77.212024,2025-06-10,07:24 PM,eBird - Traveling Count,34,1,1.754,,1
S253943888,Pileated Woodpecker,Dryocopus pileatus,11762,1,US-MD,Montgomery,L31569197,"Malcolm King Park (39.121, -77.212)",39.1205865,-77.212024,2025-06-25,08:14 AM,eBird - Traveling Count,12,1,.602,,1
S306793326,Pileated Woodpecker,Dryocopus pileatus,11762,2,US-MD,Montgomery,L31569197,"Malcolm King Park (39.121, -77.212)",39.1205865,-77.212024,2026-03-07,09:48 AM,eBird - Traveling Count,17,1,.749,,1,,,"Very humid day. Most of the birds are pretty angry about the two red shoulder hawks flying around, filling a nest near the park bench at the shady Grove Park entrance."
S296608543,Pileated Woodpecker,Dryocopus pileatus,11762,1,US-MD,Montgomery,L57724492,"McKee-Beshers Turnoff, Poolesville, Maryland, US (39.085, -77.422)",39.0847532,-77.4220001,2026-01-27,04:31 PM,eBird - Stationary Count,20,1,,,1
S216321009,Pileated Woodpecker,Dryocopus pileatus,11762,1,US-MD,Montgomery,L453705,Patuxent River SP--Rte. 97 (Montgomery Co.),39.2380827,-77.0571345,2025-03-02,02:47 PM,eBird - Traveling Count,43,1,1.497,,1
S203796738,Pileated Woodpecker,Dryocopus pileatus,11762,3,US-MD,Montgomery,L2055457,Sycamore Landing Rd. fields,39.0839717,-77.4146461,2024-11-27,02:08 PM,eBird - Traveling Count,89,1,4.361,,2
S227641632,Pileated Woodpecker,Dryocopus pileatus,11762,1,US-MD,Montgomery,L2055457,Sycamore Landing Rd. fields,39.0839717,-77.4146461,2025-04-20,06:54 PM,eBird - Traveling Count,41,1,2.494,,1
S192185217,Pileated Woodpecker,Dryocopus pileatus,11762,1,US-ME,Oxford,L35938426,"8 Bear River Road, Newry, Maine, US (44.488, -70.788)",44.487575,-70.7881486,2024-08-20,03:36 PM,eBird - Traveling Count,34,1,31.777,,2
S177579473,Pileated Woodpecker,Dryocopus pileatus,11762,1,US-MD,Prince George's,L305078,Patuxent Research Refuge--South Tract (National Wildlife Visitor Center),39.0270605,-76.7991731,2024-05-27,09:22 AM,eBird - Traveling Count,131,0,8.433,,2
S175728697,Pileated Woodpecker,Dryocopus pileatus,11762,1,US-MD,Washington,L31950817,"3716 Harpers Ferry Road, Sharpsburg, Maryland, US (39.415, -77.737)",39.4153833,-77.7371018,2024-05-19,01:18 PM,eBird - Traveling Count,172,1,6.436,,3
S221934041,Pileated Woodpecker,Dryocopus pileatus,11762,1,US-MD,Washington,L31950817,"3716 Harpers Ferry Road, Sharpsburg, Maryland, US (39.415, -77.737)",39.4153833,-77.7371018,2025-03-30,03:58 PM,eBird - Traveling Count,76,1,.07,,1
S252687295,Pileated Woodpecker,Dryocopus pileatus,11762,1,US-MD,Washington,L31950817,"3716 Harpers Ferry Road, Sharpsburg, Maryland, US (39.415, -77.737)",39.4153833,-77.7371018,2025-06-21,08:44 AM,eBird - Stationary Count,31,1,,,1
S275759758,Pileated Woodpecker,Dryocopus pileatus,11762,1,US-MD,Washington,L31950817,"3716 Harpers Ferry Road, Sharpsburg, Maryland, US (39.415, -77.737)",39.4153833,-77.7371018,2025-09-27,09:16 AM,eBird - Stationary Count,14,1,,,1
S295956741,Pileated Woodpecker,Dryocopus pileatus,11762,1,US-MD,Washington,L47901776,"3909 Mills Road, Sharpsburg, Maryland, US (39.42, -77.725)",39.4204997,-77.7254397,2026-01-24,08:31 AM,eBird - Traveling Count,7,1,6.113,,1
S199682839,Pileated Woodpecker,Dryocopus pileatus,11762,1,US-MD,Washington,L3108412,Antietam National Battlefield--Burnside Bridge,39.4505101,-77.7318442,2024-10-20,03:00 PM,eBird - Traveling Count,160,1,32.895,,3
S203796974,Pileated Woodpecker,Dryocopus pileatus,11762,1,US-MD,Washington,L512641,C&O Canal--Antietam Creek,39.417434,-77.745801,2024-11-02,04:11 PM,eBird - Traveling Count,111,1,2.35,,1
S219610280,Pileated Woodpecker,Dryocopus pileatus,11762,1,US-MD,Washington,L6135345,C&O Canal--Pack Horse Ford,39.4296594,-77.771052,2025-03-08,04:35 PM,eBird - Traveling Count,272,1,7.829,,1
S306960721,Pileated Woodpecker,Dryocopus pileatus,11762,1,US-MD,Washington,L59209237,"Private Yard, Sharpsburg, Maryland, US (39.416, -77.737)",39.4157499,-77.7373156,2026-03-07,04:48 PM,eBird - Traveling Count,41,1,.048,,2
S180559422,Pileated Woodpecker,Dryocopus pileatus,11762,1,US-MD,Washington,L33056912,"Rohrbach Campground, Sharpsburg, Maryland, US (39.454, -77.731)",39.4543401,-77.7314234,2024-06-08,02:29 PM,eBird - Traveling Count,113,1,.402,,1
S180559345,Pileated Woodpecker,Dryocopus pileatus,11762,1,US-MD,Washington,L33056912,"Rohrbach Campground, Sharpsburg, Maryland, US (39.454, -77.731)",39.4543401,-77.7314234,2024-06-09,09:12 AM,eBird - Traveling Count,60,1,.298,,1
S255372516,Pileated Woodpecker,Dryocopus pileatus,11762,1,US-MD,Washington,L33056912,"Rohrbach Campground, Sharpsburg, Maryland, US (39.454, -77.731)",39.4543401,-77.7314234,2025-06-29,02:50 PM,eBird - Traveling Count,58,1,2.214,,1
S277297961,Northern Flicker,Colaptes auratus,11900,1,US-MD,Calvert,L285147,Calvert Cliffs State Park,38.3966118,-76.423091,2025-10-04,04:09 PM,eBird - Traveling Count,166,1,3.191,,1
S226075152,Northern Flicker,Colaptes auratus,11900,1,US-FL,Charlotte,L618537,Amberjack Environmental Park--Lemon Lake,26.8725833,-82.3001289,2025-04-16,08:52 AM,eBird - Traveling Count,100,1,1.018,,4
S226075158,Northern Flicker,Colaptes auratus,11900,1,US-FL,Charlotte,L618537,Amberjack Environmental Park--Lemon Lake,26.8725833,-82.3001289,2025-04-16,08:52 AM,eBird - Traveling Count,100,1,1.018,,4
S192408165,Northern Flicker,Colaptes auratus,11900,4,US-NH,Coos,L35986886,"Buffalo Farm Road, Errol, New Hampshire, US (44.792, -71.179)",44.7922784,-71.1793562,2024-08-22,12:55 PM,eBird - Traveling Count,6,1,1.851,,1
S268111225,Northern Flicker,Colaptes auratus,11900,3,US-NH,Coos,L1209933,"Umbagog NWR--Magalloway River Trail, Wentworths Location",44.8424719,-71.0572958,2025-08-18,02:08 PM,eBird - Traveling Count,70,1,1.903,,1
S309588450,Northern Flicker,Colaptes auratus,11900,1,US-DC,District of Columbia,L585694,Kingman Island South - Kingman Lake/Heritage Island,38.893872,-76.965301,2026-03-15,02:12 PM,eBird - Traveling Count,97,1,1.668,,1
S177587312,Northern Flicker,Colaptes auratus,11900,1,US-MD,Montgomery,L32440929,"208 Skidmore Boulevard, Gaithersburg, Maryland, US (39.125, -77.179)",39.1248054,-77.1793975,2024-05-27,12:02 PM,eBird - Casual Observation,,0,,,1
S286493297,Northern Flicker,Colaptes auratus,11900,1,US-MD,Montgomery,L17792207,"25 Hibiscus Court, Gaithersburg, Maryland, US (39.119, -77.211)",39.1187963,-77.210908,2025-11-26,04:33 PM,eBird - Traveling Count,365,1,.837,,1
S245500420,Northern Flicker,Colaptes auratus,11900,2,US-MD,Montgomery,L285049,Agricultural History Farm Park,39.1610805,-77.1322894,2025-06-01,10:11 AM,eBird - Traveling Count,66,1,3.46,,1
S316508959,Northern Flicker,Colaptes auratus,11900,3,US-MD,Montgomery,L230151,Blue Mash Nature Trail,39.1939588,-77.1060175,2026-04-03,05:54 PM,eBird - Traveling Count,70,1,2.147,,1
S210247451,Northern Flicker,Colaptes auratus,11900,2,US-MD,Montgomery,L214293,C&O Canal--Great Falls,38.9994802,-77.2450634,2022-01-08,09:00 AM,Historical,60,0,3.219
S173683785,Northern Flicker,Colaptes auratus,11900,1,US-MD,Montgomery,L360157,C&O Canal--Riley's Lock,39.0682467,-77.3431492,2023-11-23,11:24 AM,eBird - Traveling Count,65,1,.668,,2
S291020793,Northern Flicker,Colaptes auratus,11900,2,US-MD,Montgomery,L33913928,"Camden Retention Pond, Gaithersburg, Maryland, US (39.12, -77.206)",39.1197497,-77.2064087,2025-12-29,11:39 AM,eBird - Traveling Count,9,1,.336,,1
S292971443,Northern Flicker,Colaptes auratus,11900,1,US-MD,Montgomery,L33913928,"Camden Retention Pond, Gaithersburg, Maryland, US (39.12, -77.206)",39.1197497,-77.2064087,2026-01-07,12:17 PM,eBird - Traveling Count,22,1,.58,,1
S294242612,Northern Flicker,Colaptes auratus,11900,1,US-MD,Montgomery,L33913928,"Camden Retention Pond, Gaithersburg, Maryland, US (39.12, -77.206)",39.1197497,-77.2064087,2026-01-14,03:41 PM,eBird - Traveling Count,18,1,.518,,1
S314269634,Northern Flicker,Colaptes auratus,11900,1,US-MD,Montgomery,L33913928,"Camden Retention Pond, Gaithersburg, Maryland, US (39.12, -77.206)",39.1197497,-77.2064087,2026-03-29,07:51 AM,eBird - Traveling Count,19,1,.649,,1,,,Very chilly morning. Some frost on the grass. Lots of bird activity though.
S223512042,Northern Flicker,Colaptes auratus,11900,2,US-MD,Montgomery,L42214720,"Camp Seneca, Maryland, US (39.177, -77.302)",39.1772081,-77.3018305,2025-04-06,02:51 PM,eBird - Traveling Count,57,1,1.207,,1
S191290375,Northern Flicker,Colaptes auratus,11900,2,US-MD,Montgomery,L9055068,Hibiscus court Maryland,39.1187154,-77.2108193,2024-08-13,08:26 AM,eBird - Traveling Count,19,1,.626,,1
S212334920,Northern Flicker,Colaptes auratus,11900,2,US-MD,Montgomery,L9055068,Hibiscus court Maryland,39.1187154,-77.2108193,2025-02-07,02:23 PM,eBird - Traveling Count,70,1,1.77,,1
S253652061,Northern Flicker,Colaptes auratus,11900,1,US-MD,Montgomery,L9055068,Hibiscus court Maryland,39.1187154,-77.2108193,2025-06-24,07:41 AM,eBird - Traveling Count,13,1,.508,,1
S264217115,Northern Flicker,Colaptes auratus,11900,2,US-MD,Montgomery,L9055068,Hibiscus court Maryland,39.1187154,-77.2108193,2025-08-01,11:16 AM,eBird - Stationary Count,12,1,,,1
S294011741,Northern Flicker,Colaptes auratus,11900,1,US-MD,Montgomery,L9055068,Hibiscus court Maryland,39.1187154,-77.2108193,2026-01-13,08:48 AM,eBird - Traveling Count,16,1,.827,,1
S294686388,Northern Flicker,Colaptes auratus,11900,2,US-MD,Montgomery,L9055068,Hibiscus court Maryland,39.1187154,-77.2108193,2026-01-17,09:57 AM,eBird - Stationary Count,12,1,,,1
S309775448,Northern Flicker,Colaptes auratus,11900,1,US-MD,Montgomery,L9055068,Hibiscus court Maryland,39.1187154,-77.2108193,2026-03-16,10:09 AM,eBird - Traveling Count,37,1,.068,,1
S316727021,Northern Flicker,Colaptes auratus,11900,1,US-MD,Montgomery,L9055068,Hibiscus court Maryland,39.1187154,-77.2108193,2026-04-04,08:41 AM,eBird - Traveling Count,15,1,.656,,1,,,Nice warm morning. Lots of bird activity and a gentle warm rain.
S315703473,Northern Flicker,Colaptes auratus,11900,1,US-MD,Montgomery,L126620,Hughes Hollow - McKee Beshers WMA,39.0803767,-77.4035096,2026-04-01,05:00 PM,eBird - Traveling Count,58,1,.544,,1,,,This was an absolutely stunning evening. Lots of birds. Couple of unexpected visitors like the blue winged teal and a nice show from the red-headed woodpeckers.
S285631806,Northern Flicker,Colaptes auratus,11900,3,US-MD,Montgomery,L22161519,Hughes Hollow - McKee Beshers WMA--sunflower area and eastern fields,39.076893,-77.3812916,2025-11-22,12:53 PM,eBird - Traveling Count,53,1,3.085,,2
S245099547,Northern Flicker,Colaptes auratus,11900,1,US-MD,Montgomery,L32512991,"Lake Halcyon, Gaithersburg, Maryland, US (39.12, -77.219)",39.120175,-77.2190739,2025-05-31,01:29 PM,eBird - Traveling Count,19,1,.495,,1
S276905817,Northern Flicker,Colaptes auratus,11900,1,US-MD,Montgomery,L1554234,Little Bennett RP--Froggy Hollow Trail,39.2619385,-77.2789755,2025-10-02,06:07 PM,eBird - Traveling Count,51,1,1.195,,1
S315322313,Northern Flicker,Colaptes auratus,11900,1,US-MD,Montgomery,L2769057,Little Bennett RP--Western Piedmont Trail,39.27653,-77.3071432,2026-03-31,06:10 PM,eBird - Traveling Count,67,1,.97,,1
S183763373,Northern Flicker,Colaptes auratus,11900,1,US-MD,Montgomery,L31569197,"Malcolm King Park (39.121, -77.212)",39.1205865,-77.212024,2024-06-25,07:00 PM,eBird - Traveling Count,23,1,.837,,1
S302680251,Northern Flicker,Colaptes auratus,11900,1,US-MD,Montgomery,L31569197,"Malcolm King Park (39.121, -77.212)",39.1205865,-77.212024,2026-02-21,08:56 AM,eBird - Traveling Count,15,1,.76,,1
S306793326,Northern Flicker,Colaptes auratus,11900,3,US-MD,Montgomery,L31569197,"Malcolm King Park (39.121, -77.212)",39.1205865,-77.212024,2026-03-07,09:48 AM,eBird - Traveling Count,17,1,.749,,1,,,"Very humid day. Most of the birds are pretty angry about the two red shoulder hawks flying around, filling a nest near the park bench at the shady Grove Park entrance."
S315548994,Northern Flicker,Colaptes auratus,11900,1,US-MD,Montgomery,L31569197,"Malcolm King Park (39.121, -77.212)",39.1205865,-77.212024,2026-04-01,09:42 AM,eBird - Traveling Count,28,1,.749,,1
S296602619,Northern Flicker,Colaptes auratus,11900,1,US-MD,Montgomery,L53737414,Royce Hanson Conservation Park at Broad Run,39.1324176,-77.4573434,2026-01-27,03:24 PM,eBird - Traveling Count,36,1,2.222,,1
S283561628,Northern Flicker,Colaptes auratus,11900,1,US-MD,Montgomery,L505316,Seneca Creek SP--Clopper Lake,39.142381,-77.252465,2025-11-08,03:09 PM,eBird - Traveling Count,18,1,.151,,1
S203796738,Northern Flicker,Colaptes auratus,11900,1,US-MD,Montgomery,L2055457,Sycamore Landing Rd. fields,39.0839717,-77.4146461,2024-11-27,02:08 PM,eBird - Traveling Count,89,1,4.361,,2
S314372032,Northern Flicker,Colaptes auratus,11900,4,US-MD,Montgomery,L48823610,Washington Grove Conservation Park,39.136651,-77.171927,2026-03-29,10:35 AM,eBird - Traveling Count,47,1,1.727,,1
S183870068,Northern Flicker,Colaptes auratus,11900,1,US-MD,Prince George's,L33936221,"NASA Goddard Space Flight Center, Greenbelt, Maryland, US (38.993, -76.848)",38.9929483,-76.8476183,2024-06-26,08:30 AM,eBird - Casual Observation,,0,,,1
S294752709,Northern Flicker,Colaptes auratus,11900,1,US-MD,Washington,L57331192,"John Brown Farm, Sharpsburg, Maryland, US (39.371, -77.722)",39.3708534,-77.7217407,2026-01-17,01:30 PM,eBird - Traveling Count,23,1,1.456,,2
S180295745,woodpecker sp.,Picidae sp.,11934,X,US-MD,Washington,L33056912,"Rohrbach Campground, Sharpsburg, Maryland, US (39.454, -77.731)",39.4543401,-77.7314234,2024-06-09,05:48 AM,eBird - Stationary Count,4,0,,,1
S298688070,Crested Caracara,Caracara plancus,11962,1,US-FL,Charlotte,L3323522,Prairie/Shell Creek Preserve,26.9884772,-81.9595098,2026-02-07,02:31 PM,eBird - Casual Observation,,0,,,2,,,"On the side of the road just passed the entrance headed west, eating a carcass."
S313834645,Eurasian Kestrel,Falco tinnunculus,11993,1,DE-BB,Dahme-Spreewald,L14839150,Flughafen Berlin Brandenburg,52.3648622,13.5122737,2026-03-28,10:02 AM,eBird - Stationary Count,33,1,,,1
S313854830,Eurasian Kestrel,Falco tinnunculus,11993,1,DE-HE,Frankfurt am Main (Kreisfreie Stadt),L1928180,FRA Flughafen Frankfurt,50.0402362,8.5657399,2026-03-28,11:34 AM,eBird - Traveling Count,45,1,4.836,,1,,,Just a view from the runway.
S274969331,Eurasian Kestrel,Falco tinnunculus,11993,1,CH-VD,,L5168431,Marais de la Versoix,46.3375508,6.1407137,2025-09-16,07:21 AM,eBird - Traveling Count,217,1,32.254,,1
S300536527,American Kestrel,Falco sparverius,12028,1,US-MD,Baltimore,L449294,Fort McHenry NM,39.2625631,-76.5791702,2026-02-14,12:02 PM,eBird - Traveling Count,84,1,1.31,,2,,This is a resident bird. It's listed as uncommonly reported but it's here every day from talking to the staff.,,650894759 651519450
S298683570,American Kestrel,Falco sparverius,12028,5,US-FL,Charlotte,L21750506,"Live Oak Blvd, Prairie Creek Preserve entrance road",27.005263,-81.929974,2026-02-07,09:07 AM,eBird - Traveling Count,83,1,4.837,,2
S298300486,American Kestrel,Falco sparverius,12028,7,US-FL,Charlotte,L8957295,Rotunda Meadows Prairie,26.8573451,-82.2223281,2026-02-05,04:12 PM,eBird - Traveling Count,93,1,12.54,,2
S195126034,American Kestrel,Falco sparverius,12028,2,US-UT,Davis,L190743,Antelope Island SP,41.0465405,-112.2383881,2024-09-14,09:32 AM,eBird - Traveling Count,359,0,80.129,,1
S180197187,American Kestrel,Falco sparverius,12028,1,US-MD,Montgomery,L33038592,"270 North (39.239, -77.291)",39.2393341,-77.291275,2024-06-08,10:32 AM,eBird - Traveling Count,57,0,68.459,,1
S189398872,American Kestrel,Falco sparverius,12028,2,US-MD,Montgomery,L7383392,Bohrer Park,39.1329353,-77.1933532,2024-07-29,08:46 AM,eBird - Traveling Count,15,1,.933,,1,,"One male one female, both pretty good color. They're in a tree. Can immediately along the divider by the black fence between the water park and the sports field."
S240410804,American Kestrel,Falco sparverius,12028,1,US-MD,Montgomery,L33913928,"Camden Retention Pond, Gaithersburg, Maryland, US (39.12, -77.206)",39.1197497,-77.2064087,2025-05-19,08:13 PM,eBird - Stationary Count,4,1,,,1
S289396816,American Kestrel,Falco sparverius,12028,1,US-MD,Montgomery,L56150939,"Dickerson Power Plant (39.205, -77.449)",39.2051467,-77.4488143,2025-12-20,03:38 PM,eBird - Traveling Count,9,1,1.385,,2
S233623669,American Kestrel,Falco sparverius,12028,1,US-MD,Montgomery,L266131,Patton Farms (formerly Patton Turf Farm),39.1433333,-77.5103802,2025-05-05,06:56 PM,eBird - Traveling Count,10,1,3.919,,1
S296602619,American Kestrel,Falco sparverius,12028,1,US-MD,Montgomery,L53737414,Royce Hanson Conservation Park at Broad Run,39.1324176,-77.4573434,2026-01-27,03:24 PM,eBird - Traveling Count,36,1,2.222,,1
S304654981,American Kestrel,Falco sparverius,12028,1,US-MD,Montgomery,L54114773,"Washington Woods Park, Gaithersburg, Maryland, US (39.113, -77.224)",39.11282,-77.2236712,2026-02-28,11:12 AM,eBird - Traveling Count,82,1,.627,,1
S192185217,American Kestrel,Falco sparverius,12028,1,US-ME,Oxford,L35938426,"8 Bear River Road, Newry, Maine, US (44.488, -70.788)",44.487575,-70.7881486,2024-08-20,03:36 PM,eBird - Traveling Count,34,1,31.777,,2
S184721389,American Kestrel,Falco sparverius,12028,1,US-VA,Page,L718715,White House Boat Ramp,38.6461269,-78.5346106,2024-06-30,02:01 PM,eBird - Traveling Count,40,1,1.03,,4
S103031451,American Kestrel,Falco sparverius,12028,1,US-MD,Prince George's,L17811798,"Intercounty Connector, Calverton, Maryland, US (39.07, -76.902)",39.0699476,-76.9024914,2022-02-19,12:10 PM,eBird - Casual Observation,,0,,,1,,sitting on the top of a tree near the side of the road off konterra exit
S179436241,American Kestrel,Falco sparverius,12028,1,US-VA,Richmond City,L3542266,James River Park--Pony Pasture,37.550872,-77.5204861,2024-06-04,05:59 PM,eBird - Traveling Count,25,1,.097,,2
S280851263,American Kestrel,Falco sparverius,12028,1,US-CA,San Diego,L6351012,Batiquitos Lagoon--Cholla Point,33.0935914,-117.2709236,2025-10-22,01:59 PM,eBird - Traveling Count,34,1,1.082,,1
S280415029,American Kestrel,Falco sparverius,12028,1,US-CA,San Diego,L10053177,La Costa Ranch,33.0895832,-117.2502914,2025-10-19,03:57 PM,eBird - Stationary Count,74,1,,,1
S252760962,American Kestrel,Falco sparverius,12028,1,US-MD,Washington,L48152628,"4639 Harpers Ferry Road, Sharpsburg, Maryland, US (39.442, -77.746)",39.4421656,-77.7464823,2025-06-21,11:05 AM,eBird - Casual Observation,,0,,,1
S290209793,American Kestrel,Falco sparverius,12028,1,US-MD,Washington,L9230656,Antietam National Battlefield--Cornfield Trail,39.4871863,-77.749304,2025-12-25,02:59 PM,eBird - Traveling Count,51,1,39.817,,2
S294752709,American Kestrel,Falco sparverius,12028,1,US-MD,Washington,L57331192,"John Brown Farm, Sharpsburg, Maryland, US (39.371, -77.722)",39.3708534,-77.7217407,2026-01-17,01:30 PM,eBird - Traveling Count,23,1,1.456,,2
S206657640,American Kestrel,Falco sparverius,12028,1,US-MD,Washington,L1135587,Mt. Briar Wetlands Preserve,39.4412971,-77.6814508,2024-12-26,02:03 PM,eBird - Traveling Count,12,1,10.432,,1
S268581701,Merlin,Falco columbarius,12062,1,US-NH,Coos,L3547211,"Errol, private yards",44.7891067,-71.1536837,2025-08-19,10:21 AM,eBird - Casual Observation,,0,,,1
S173166674,Gyrfalcon,Falco rusticolus,12113,1,IS-8,,L31503669,"Vik, IS (63.414, -19.011)",63.4143057,-19.0106412,2023-06-24,07:04 AM,eBird - Casual Observation,,0,,,1,,In the field across from the beach. Kind of close to where the Kria were nesting.
S187599424,Peregrine Falcon,Falco peregrinus,12114,1,US-DC,District of Columbia,L1013541,The White House,38.8975294,-77.0364976,2024-07-18,06:29 PM,eBird - Traveling Count,10,1,.29,,1,,There is a peregrine falcon nest on the Southeast corner of the roof of the old executive office building in the White House complex.
S197043896,Peregrine Falcon,Falco peregrinus,12114,1,US-DC,District of Columbia,L1013541,The White House,38.8975294,-77.0364976,2024-09-30,11:00 AM,eBird - Traveling Count,102,1,.233,,1
S247458658,Peregrine Falcon,Falco peregrinus,12114,1,US-MD,Montgomery,L46976586,"11500 Game Preserve Road, Gaithersburg, Maryland, US (39.156, -77.239)",39.1561279,-77.2386016,2025-06-06,06:56 PM,eBird - Casual Observation,,0,,,1,,On the power line on the top of the hill.
S195126034,Prairie Falcon,Falco mexicanus,12136,2,US-UT,Davis,L190743,Antelope Island SP,41.0465405,-112.2383881,2024-09-14,09:32 AM,eBird - Traveling Count,359,0,80.129,,1,,"Both distinct mustache, right near the Buffalo corral. Flying low near the grassland. There are also some smaller, colorful kestrels nearby"
S192336954,Rose-ringed Parakeet,Psittacula krameri,12350,7,FR-IDF,Paris,L35971489,"Montparnasse, Paris, Île-de-France, FR (48.838, 2.326)",48.8382362,2.3260925,2024-01-26,07:32 AM,eBird - Casual Observation,,0,,,1
S206617034,Monk Parakeet,Myiopsitta monachus,12819,12,PR-NG,,L4451634,Bosque Nacional El Yunque--Río Cubuy,18.2653604,-65.801062,2022-05-15,,eBird - Casual Observation,,0,,,2,,,Kept notes but birding was not my primary objective.
S184336717,Mitred Parakeet,Psittacara mitratus,13196,3,US-CA,Los Angeles,L7530990,Long Beach Convention Center California,33.764151,-118.1883135,2011-06-03,,Historical,,1,,,4
S270705952,Eastern Wood-Pewee,Contopus virens,16924,2,US-MD,Frederick,L909320,Gambrill SP--North Frederick Overlook,39.4697856,-77.494297,2025-08-31,02:17 PM,eBird - Traveling Count,78,1,.525,,1
S250749828,Eastern Wood-Pewee,Contopus virens,16924,1,US-MD,Frederick,L2756806,Monocacy National Battlefield--Gambrill Mill Trail,39.3688266,-77.3877865,2025-06-15,01:10 PM,eBird - Traveling Count,80,1,1.175,,1
S245500420,Eastern Wood-Pewee,Contopus virens,16924,5,US-MD,Montgomery,L285049,Agricultural History Farm Park,39.1610805,-77.1322894,2025-06-01,10:11 AM,eBird - Traveling Count,66,1,3.46,,1
S252450521,Eastern Wood-Pewee,Contopus virens,16924,1,US-MD,Montgomery,L7383392,Bohrer Park,39.1329353,-77.1933532,2025-06-20,08:18 AM,eBird - Traveling Count,20,1,.52,,1
S249924330,Eastern Wood-Pewee,Contopus virens,16924,1,US-MD,Montgomery,L360157,C&O Canal--Riley's Lock,39.0682467,-77.3431492,2025-06-12,07:45 PM,eBird - Traveling Count,61,1,.287,,1
S243074956,Eastern Wood-Pewee,Contopus virens,16924,1,US-MD,Montgomery,L192824,C&O Canal--Violette's Lock,39.066803,-77.32951,2025-05-26,11:56 AM,eBird - Traveling Count,55,1,.8,,2
S176529751,Eastern Wood-Pewee,Contopus virens,16924,1,US-MD,Montgomery,L9055068,Hibiscus court Maryland,39.1187154,-77.2108193,2024-05-23,08:49 AM,eBird - Traveling Count,46,1,1.706,,1
S239703804,Eastern Wood-Pewee,Contopus virens,16924,2,US-MD,Montgomery,L9055068,Hibiscus court Maryland,39.1187154,-77.2108193,2025-05-18,10:01 AM,eBird - Stationary Count,30,1,,,1
S240755396,Eastern Wood-Pewee,Contopus virens,16924,2,US-MD,Montgomery,L9055068,Hibiscus court Maryland,39.1187154,-77.2108193,2025-05-20,07:29 PM,eBird - Traveling Count,22,1,.981,,1
S245892700,Eastern Wood-Pewee,Contopus virens,16924,2,US-MD,Montgomery,L9055068,Hibiscus court Maryland,39.1187154,-77.2108193,2025-06-02,09:09 AM,eBird - Traveling Count,9,1,.177,,1
S251339864,Eastern Wood-Pewee,Contopus virens,16924,1,US-MD,Montgomery,L9055068,Hibiscus court Maryland,39.1187154,-77.2108193,2025-06-17,08:28 AM,eBird - Traveling Count,6,1,.278,,1
S253652061,Eastern Wood-Pewee,Contopus virens,16924,1,US-MD,Montgomery,L9055068,Hibiscus court Maryland,39.1187154,-77.2108193,2025-06-24,07:41 AM,eBird - Traveling Count,13,1,.508,,1
S194193514,Eastern Wood-Pewee,Contopus virens,16924,1,US-MD,Montgomery,L126620,Hughes Hollow - McKee Beshers WMA,39.0803767,-77.4035096,2024-09-06,05:47 PM,eBird - Traveling Count,56,1,3.219,,4
S248712994,Eastern Wood-Pewee,Contopus virens,16924,2,US-MD,Montgomery,L126620,Hughes Hollow - McKee Beshers WMA,39.0803767,-77.4035096,2025-06-09,08:09 PM,eBird - Traveling Count,35,1,1.352,,1
S253053193,Eastern Wood-Pewee,Contopus virens,16924,2,US-MD,Montgomery,L126620,Hughes Hollow - McKee Beshers WMA,39.0803767,-77.4035096,2025-06-22,06:50 AM,eBird - Traveling Count,99,1,1.237,,1
S187792544,Eastern Wood-Pewee,Contopus virens,16924,2,US-MD,Montgomery,L22161519,Hughes Hollow - McKee Beshers WMA--sunflower area and eastern fields,39.076893,-77.3812916,2024-07-19,06:29 PM,eBird - Traveling Count,119,1,5.601,,1
S249988814,Eastern Wood-Pewee,Contopus virens,16924,1,US-MD,Montgomery,L32512991,"Lake Halcyon, Gaithersburg, Maryland, US (39.12, -77.219)",39.120175,-77.2190739,2025-06-13,06:13 PM,eBird - Traveling Count,12,1,.584,,1
S276176191,Eastern Wood-Pewee,Contopus virens,16924,1,US-MD,Montgomery,L53412458,"Little Bennett Park Day Use Area, Clarksburg, Maryland, US (39.26, -77.302)",39.2601836,-77.3018111,2025-09-28,06:19 PM,eBird - Traveling Count,51,1,1.785,,1
S276905817,Eastern Wood-Pewee,Contopus virens,16924,1,US-MD,Montgomery,L1554234,Little Bennett RP--Froggy Hollow Trail,39.2619385,-77.2789755,2025-10-02,06:07 PM,eBird - Traveling Count,51,1,1.195,,1
S240002346,Eastern Wood-Pewee,Contopus virens,16924,3,US-MD,Montgomery,L2769057,Little Bennett RP--Western Piedmont Trail,39.27653,-77.3071432,2025-05-18,06:20 PM,eBird - Traveling Count,44,1,1.223,,1
S240415495,Eastern Wood-Pewee,Contopus virens,16924,4,US-MD,Montgomery,L31569197,"Malcolm King Park (39.121, -77.212)",39.1205865,-77.212024,2025-05-19,08:22 PM,eBird - Traveling Count,14,1,.772,,1
S246582636,Eastern Wood-Pewee,Contopus virens,16924,2,US-MD,Montgomery,L31569197,"Malcolm King Park (39.121, -77.212)",39.1205865,-77.212024,2025-06-04,08:20 AM,eBird - Traveling Count,9,1,.554,,1
S249019190,Eastern Wood-Pewee,Contopus virens,16924,3,US-MD,Montgomery,L31569197,"Malcolm King Park (39.121, -77.212)",39.1205865,-77.212024,2025-06-10,07:24 PM,eBird - Traveling Count,34,1,1.754,,1
S250837526,Eastern Wood-Pewee,Contopus virens,16924,1,US-MD,Montgomery,L31569197,"Malcolm King Park (39.121, -77.212)",39.1205865,-77.212024,2025-06-15,05:46 PM,eBird - Traveling Count,36,1,2.063,,1
S252450226,Eastern Wood-Pewee,Contopus virens,16924,2,US-MD,Montgomery,L31569197,"Malcolm King Park (39.121, -77.212)",39.1205865,-77.212024,2025-06-19,07:07 PM,eBird - Traveling Count,39,1,1.35,,1
S253943888,Eastern Wood-Pewee,Contopus virens,16924,1,US-MD,Montgomery,L31569197,"Malcolm King Park (39.121, -77.212)",39.1205865,-77.212024,2025-06-25,08:14 AM,eBird - Traveling Count,12,1,.602,,1
S255759518,Eastern Wood-Pewee,Contopus virens,16924,2,US-MD,Montgomery,L31569197,"Malcolm King Park (39.121, -77.212)",39.1205865,-77.212024,2025-06-30,08:01 PM,eBird - Traveling Count,20,1,1.035,,1
S270982186,Eastern Wood-Pewee,Contopus virens,16924,1,US-MD,Montgomery,L453705,Patuxent River SP--Rte. 97 (Montgomery Co.),39.2380827,-77.0571345,2025-09-01,03:40 PM,eBird - Traveling Count,143,1,.802,,1
S247455766,Eastern Wood-Pewee,Contopus virens,16924,1,US-MD,Montgomery,L41905651,"Seneca Greenway Trail, Gaithersburg, Maryland, US (39.167, -77.229)",39.1672893,-77.2288242,2025-06-06,05:55 PM,eBird - Traveling Count,51,1,.37,,1
S262226561,Eastern Wood-Pewee,Contopus virens,16924,1,US-MD,Montgomery,L2055457,Sycamore Landing Rd. fields,39.0839717,-77.4146461,2025-07-23,05:48 PM,eBird - Traveling Count,32,1,.636,,1
S177579473,Eastern Wood-Pewee,Contopus virens,16924,1,US-MD,Prince George's,L305078,Patuxent Research Refuge--South Tract (National Wildlife Visitor Center),39.0270605,-76.7991731,2024-05-27,09:22 AM,eBird - Traveling Count,131,0,8.433,,2
S239213799,Eastern Wood-Pewee,Contopus virens,16924,1,US-MD,Prince George's,L305078,Patuxent Research Refuge--South Tract (National Wildlife Visitor Center),39.0270605,-76.7991731,2025-05-17,08:28 AM,eBird - Traveling Count,149,1,6.502,,1
S257633796,Eastern Wood-Pewee,Contopus virens,16924,1,US-MD,Washington,L5825627,Antietam National Battlefield--Snavely Ford Trail,39.449291,-77.7314029,2025-07-06,04:30 PM,eBird - Traveling Count,39,1,1.113,,1
S270449595,Eastern Wood-Pewee,Contopus virens,16924,1,US-MD,Washington,L1135534,C&O Canal--Dargan's Bend,39.3650609,-77.7403951,2025-08-30,02:58 PM,eBird - Traveling Count,28,1,.269,,1
S255372516,Eastern Wood-Pewee,Contopus virens,16924,3,US-MD,Washington,L33056912,"Rohrbach Campground, Sharpsburg, Maryland, US (39.454, -77.731)",39.4543401,-77.7314234,2025-06-29,02:50 PM,eBird - Traveling Count,58,1,2.214,,1
S259302581,Eastern Wood-Pewee,Contopus virens,16924,2,US-MD,Washington,L33056912,"Rohrbach Campground, Sharpsburg, Maryland, US (39.454, -77.731)",39.4543401,-77.7314234,2025-07-12,03:12 PM,eBird - Traveling Count,99,1,2.404,,1
S270982186,Yellow-bellied Flycatcher,Empidonax flaviventris,16949,4,US-MD,Montgomery,L453705,Patuxent River SP--Rte. 97 (Montgomery Co.),39.2380827,-77.0571345,2025-09-01,03:40 PM,eBird - Traveling Count,143,1,.802,,1,,"These must be on migration. Distinctive small greenish-yellow flycatcher, one had a bright yellow patch below. Got a recording of its ""ta-wee"" call and verified on Merlin."
S245500420,Acadian Flycatcher,Empidonax virescens,16950,1,US-MD,Montgomery,L285049,Agricultural History Farm Park,39.1610805,-77.1322894,2025-06-01,10:11 AM,eBird - Traveling Count,66,1,3.46,,1
S245692718,Acadian Flycatcher,Empidonax virescens,16950,1,US-MD,Montgomery,L515805,C&O Canal--Mouth of the Monocacy (Mont. Co.),39.221687,-77.451432,2025-06-01,05:35 PM,eBird - Traveling Count,35,1,.52,,1
S249924330,Acadian Flycatcher,Empidonax virescens,16950,1,US-MD,Montgomery,L360157,C&O Canal--Riley's Lock,39.0682467,-77.3431492,2025-06-12,07:45 PM,eBird - Traveling Count,61,1,.287,,1
S248712994,Acadian Flycatcher,Empidonax virescens,16950,1,US-MD,Montgomery,L126620,Hughes Hollow - McKee Beshers WMA,39.0803767,-77.4035096,2025-06-09,08:09 PM,eBird - Traveling Count,35,1,1.352,,1
S259644861,Acadian Flycatcher,Empidonax virescens,16950,2,US-MD,Montgomery,L126620,Hughes Hollow - McKee Beshers WMA,39.0803767,-77.4035096,2025-07-13,03:26 PM,eBird - Traveling Count,15,1,.342,,2
S240002346,Acadian Flycatcher,Empidonax virescens,16950,1,US-MD,Montgomery,L2769057,Little Bennett RP--Western Piedmont Trail,39.27653,-77.3071432,2025-05-18,06:20 PM,eBird - Traveling Count,44,1,1.223,,1
S175728697,Acadian Flycatcher,Empidonax virescens,16950,X,US-MD,Washington,L31950817,"3716 Harpers Ferry Road, Sharpsburg, Maryland, US (39.415, -77.737)",39.4153833,-77.7371018,2024-05-19,01:18 PM,eBird - Traveling Count,172,1,6.436,,3
S255372516,Acadian Flycatcher,Empidonax virescens,16950,3,US-MD,Washington,L33056912,"Rohrbach Campground, Sharpsburg, Maryland, US (39.454, -77.731)",39.4543401,-77.7314234,2025-06-29,02:50 PM,eBird - Traveling Count,58,1,2.214,,1
S259302581,Acadian Flycatcher,Empidonax virescens,16950,1,US-MD,Washington,L33056912,"Rohrbach Campground, Sharpsburg, Maryland, US (39.454, -77.731)",39.4543401,-77.7314234,2025-07-12,03:12 PM,eBird - Traveling Count,99,1,2.404,,1
S249924330,Willow Flycatcher,Empidonax traillii,16952,2,US-MD,Montgomery,L360157,C&O Canal--Riley's Lock,39.0682467,-77.3431492,2025-06-12,07:45 PM,eBird - Traveling Count,61,1,.287,,1
S176627258,Willow Flycatcher,Empidonax traillii,16952,2,US-MD,Montgomery,L32216879,"Kaiser Permanente, Gaithersburg, Maryland, US (39.156, -77.222)",39.1558353,-77.2220648,2024-05-23,06:34 PM,eBird - Stationary Count,4,1,,,2
S195126034,Dusky Flycatcher,Empidonax oberholseri,16966,1,US-UT,Davis,L190743,Antelope Island SP,41.0465405,-112.2383881,2024-09-14,09:32 AM,eBird - Traveling Count,359,0,80.129,,1
S175887634,Black Phoebe,Sayornis nigricans,16998,X,US-AZ,Pima,L211809,Madera Canyon--Proctor Rd.,31.739938,-110.886147,2008-05-01,09:01 AM,Historical,150,1,,,2,,,Corrected checklist to be accurate as historical.
S280415029,Black Phoebe,Sayornis nigricans,16998,2,US-CA,San Diego,L10053177,La Costa Ranch,33.0895832,-117.2502914,2025-10-19,03:57 PM,eBird - Stationary Count,74,1,,,1
S280793659,Black Phoebe,Sayornis nigricans,16998,4,US-CA,San Diego,L10053177,La Costa Ranch,33.0895832,-117.2502914,2025-10-22,07:18 AM,eBird - Traveling Count,12,1,.225,,1
S280864686,Black Phoebe,Sayornis nigricans,16998,2,US-CA,San Diego,L2411807,North El Portal Seawatch,33.0569177,-117.3016237,2025-10-22,02:56 PM,eBird - Traveling Count,100,1,9.982,,1
S311102949,Black Phoebe,Sayornis nigricans,16998,1,US-CA,San Francisco,L60484350,"Internet Archive, San Francisco, California, US (37.782, -122.472)",37.782363,-122.4717618,2026-03-20,12:42 PM,eBird - Traveling Count,11,1,.193,,1,,,Very hot during the lunch break walk around the internet archive.
S298683570,Eastern Phoebe,Sayornis phoebe,17007,3,US-FL,Charlotte,L21750506,"Live Oak Blvd, Prairie Creek Preserve entrance road",27.005263,-81.929974,2026-02-07,09:07 AM,eBird - Traveling Count,83,1,4.837,,2
S309588450,Eastern Phoebe,Sayornis phoebe,17007,1,US-DC,District of Columbia,L585694,Kingman Island South - Kingman Lake/Heritage Island,38.893872,-76.965301,2026-03-15,02:12 PM,eBird - Traveling Count,97,1,1.668,,1
S316508959,Eastern Phoebe,Sayornis phoebe,17007,1,US-MD,Montgomery,L230151,Blue Mash Nature Trail,39.1939588,-77.1060175,2026-04-03,05:54 PM,eBird - Traveling Count,70,1,2.147,,1
S182634611,Eastern Phoebe,Sayornis phoebe,17007,1,US-MD,Montgomery,L7383392,Bohrer Park,39.1329353,-77.1933532,2024-06-20,08:42 AM,eBird - Traveling Count,28,1,1.094,,1
S220359138,Eastern Phoebe,Sayornis phoebe,17007,3,US-MD,Montgomery,L34819685,Brighton Dam Azalea Garden,39.1917702,-77.0070275,2025-03-23,05:06 PM,eBird - Traveling Count,43,1,7.419,,1
S173642100,Eastern Phoebe,Sayornis phoebe,17007,1,US-MD,Montgomery,L515805,C&O Canal--Mouth of the Monocacy (Mont. Co.),39.221687,-77.451432,2024-05-11,03:00 PM,eBird - Stationary Count,60,1,,,1,,I saw this fella catch and eat a dragonfly underneath the aquaduct.
S249924330,Eastern Phoebe,Sayornis phoebe,17007,1,US-MD,Montgomery,L360157,C&O Canal--Riley's Lock,39.0682467,-77.3431492,2025-06-12,07:45 PM,eBird - Traveling Count,61,1,.287,,1
S185956082,Eastern Phoebe,Sayornis phoebe,17007,1,US-MD,Montgomery,L33913928,"Camden Retention Pond, Gaithersburg, Maryland, US (39.12, -77.206)",39.1197497,-77.2064087,2024-07-07,08:37 PM,eBird - Traveling Count,29,1,.418,,1
S308124285,Eastern Phoebe,Sayornis phoebe,17007,2,US-MD,Montgomery,L42096446,"Dufief Muddy Branch Park, North Potomac, Maryland, US (39.105, -77.236)",39.1045983,-77.2364397,2026-03-10,06:10 PM,eBird - Traveling Count,35,1,.668,,1
S285631806,Eastern Phoebe,Sayornis phoebe,17007,1,US-MD,Montgomery,L22161519,Hughes Hollow - McKee Beshers WMA--sunflower area and eastern fields,39.076893,-77.3812916,2025-11-22,12:53 PM,eBird - Traveling Count,53,1,3.085,,2
S245099547,Eastern Phoebe,Sayornis phoebe,17007,2,US-MD,Montgomery,L32512991,"Lake Halcyon, Gaithersburg, Maryland, US (39.12, -77.219)",39.120175,-77.2190739,2025-05-31,01:29 PM,eBird - Traveling Count,19,1,.495,,1
S231384757,Eastern Phoebe,Sayornis phoebe,17007,1,US-MD,Montgomery,L8617665,Muddy Branch Greenway Trail--Pennyfield entrance,39.0579926,-77.2935924,2025-04-30,07:19 PM,eBird - Traveling Count,35,1,2.865,,1
S219612076,Eastern Phoebe,Sayornis phoebe,17007,1,US-MD,Montgomery,L11101726,Muddy Branch Park,39.113044,-77.226531,2025-03-20,11:04 AM,eBird - Traveling Count,26,1,.547,,1
S184721389,Eastern Phoebe,Sayornis phoebe,17007,1,US-VA,Page,L718715,White House Boat Ramp,38.6461269,-78.5346106,2024-06-30,02:01 PM,eBird - Traveling Count,40,1,1.03,,4
S177579473,Eastern Phoebe,Sayornis phoebe,17007,4,US-MD,Prince George's,L305078,Patuxent Research Refuge--South Tract (National Wildlife Visitor Center),39.0270605,-76.7991731,2024-05-27,09:22 AM,eBird - Traveling Count,131,0,8.433,,2
S239213799,Eastern Phoebe,Sayornis phoebe,17007,1,US-MD,Prince George's,L305078,Patuxent Research Refuge--South Tract (National Wildlife Visitor Center),39.0270605,-76.7991731,2025-05-17,08:28 AM,eBird - Traveling Count,149,1,6.502,,1
S272056950,Eastern Phoebe,Sayornis phoebe,17007,1,US-MD,Washington,L7545582,Fort Frederick State Park,39.6103016,-78.0052128,2025-09-07,12:29 PM,eBird - Traveling Count,30,1,1.335,,1
S195126034,Say's Phoebe,Sayornis saya,17010,0,US-UT,Davis,L190743,Antelope Island SP,41.0465405,-112.2383881,2024-09-14,09:32 AM,eBird - Traveling Count,359,0,80.129,,1
S280415029,Say's Phoebe,Sayornis saya,17010,2,US-CA,San Diego,L10053177,La Costa Ranch,33.0895832,-117.2502914,2025-10-19,03:57 PM,eBird - Stationary Count,74,1,,,1
S225941637,Great Crested Flycatcher,Myiarchus crinitus,17334,1,US-FL,Charlotte,L618537,Amberjack Environmental Park--Lemon Lake,26.8725833,-82.3001289,2025-04-15,05:04 PM,eBird - Traveling Count,72,1,3.235,,1
S226075152,Great Crested Flycatcher,Myiarchus crinitus,17334,2,US-FL,Charlotte,L618537,Amberjack Environmental Park--Lemon Lake,26.8725833,-82.3001289,2025-04-16,08:52 AM,eBird - Traveling Count,100,1,1.018,,4
S173111735,Great Crested Flycatcher,Myiarchus crinitus,17334,1,US-MD,Montgomery,L17792207,"25 Hibiscus Court, Gaithersburg, Maryland, US (39.119, -77.211)",39.1187963,-77.210908,2024-05-09,07:54 PM,eBird - Stationary Count,1,1,,,1,,Chirping away at the top of my cherry tree,,618739911
S180197187,Great Crested Flycatcher,Myiarchus crinitus,17334,2,US-MD,Montgomery,L33038592,"270 North (39.239, -77.291)",39.2393341,-77.291275,2024-06-08,10:32 AM,eBird - Traveling Count,57,0,68.459,,1
S249924330,Great Crested Flycatcher,Myiarchus crinitus,17334,1,US-MD,Montgomery,L360157,C&O Canal--Riley's Lock,39.0682467,-77.3431492,2025-06-12,07:45 PM,eBird - Traveling Count,61,1,.287,,1
S243074956,Great Crested Flycatcher,Myiarchus crinitus,17334,2,US-MD,Montgomery,L192824,C&O Canal--Violette's Lock,39.066803,-77.32951,2025-05-26,11:56 AM,eBird - Traveling Count,55,1,.8,,2
S183770250,Great Crested Flycatcher,Myiarchus crinitus,17334,1,US-MD,Montgomery,L33913928,"Camden Retention Pond, Gaithersburg, Maryland, US (39.12, -77.206)",39.1197497,-77.2064087,2024-06-25,07:46 PM,eBird - Stationary Count,24,1,,,1
S186245651,Great Crested Flycatcher,Myiarchus crinitus,17334,1,US-MD,Montgomery,L33913928,"Camden Retention Pond, Gaithersburg, Maryland, US (39.12, -77.206)",39.1197497,-77.2064087,2024-07-08,06:37 PM,eBird - Traveling Count,59,1,1.078,,1
S232647749,Great Crested Flycatcher,Myiarchus crinitus,17334,2,US-MD,Montgomery,L33913928,"Camden Retention Pond, Gaithersburg, Maryland, US (39.12, -77.206)",39.1197497,-77.2064087,2025-05-03,03:19 PM,eBird - Traveling Count,32,1,1.03,,1
S176723839,Great Crested Flycatcher,Myiarchus crinitus,17334,1,US-MD,Montgomery,L9055068,Hibiscus court Maryland,39.1187154,-77.2108193,2024-05-24,08:49 AM,eBird - Traveling Count,19,1,.733,,1
S177681042,Great Crested Flycatcher,Myiarchus crinitus,17334,1,US-MD,Montgomery,L9055068,Hibiscus court Maryland,39.1187154,-77.2108193,2024-05-27,04:45 PM,eBird - Traveling Count,89,1,1.979,,1
S178096709,Great Crested Flycatcher,Myiarchus crinitus,17334,1,US-MD,Montgomery,L9055068,Hibiscus court Maryland,39.1187154,-77.2108193,2024-05-29,07:32 PM,eBird - Traveling Count,20,1,.563,,1
S182239020,Great Crested Flycatcher,Myiarchus crinitus,17334,1,US-MD,Montgomery,L9055068,Hibiscus court Maryland,39.1187154,-77.2108193,2024-06-18,07:32 AM,eBird - Traveling Count,23,1,1.094,,1
S229607559,Great Crested Flycatcher,Myiarchus crinitus,17334,1,US-MD,Montgomery,L9055068,Hibiscus court Maryland,39.1187154,-77.2108193,2025-04-26,11:07 AM,eBird - Traveling Count,5,1,.272,,1
S232633334,Great Crested Flycatcher,Myiarchus crinitus,17334,2,US-MD,Montgomery,L9055068,Hibiscus court Maryland,39.1187154,-77.2108193,2025-05-03,03:08 PM,eBird - Traveling Count,10,1,.354,,1
S239960481,Great Crested Flycatcher,Myiarchus crinitus,17334,1,US-MD,Montgomery,L9055068,Hibiscus court Maryland,39.1187154,-77.2108193,2025-05-11,08:19 PM,eBird - Traveling Count,25,1,1.492,,1
S239703804,Great Crested Flycatcher,Myiarchus crinitus,17334,1,US-MD,Montgomery,L9055068,Hibiscus court Maryland,39.1187154,-77.2108193,2025-05-18,10:01 AM,eBird - Stationary Count,30,1,,,1
S240755396,Great Crested Flycatcher,Myiarchus crinitus,17334,2,US-MD,Montgomery,L9055068,Hibiscus court Maryland,39.1187154,-77.2108193,2025-05-20,07:29 PM,eBird - Traveling Count,22,1,.981,,1
S248288214,Great Crested Flycatcher,Myiarchus crinitus,17334,1,US-MD,Montgomery,L9055068,Hibiscus court Maryland,39.1187154,-77.2108193,2025-06-08,04:40 PM,eBird - Casual Observation,,0,,,1
S251339864,Great Crested Flycatcher,Myiarchus crinitus,17334,3,US-MD,Montgomery,L9055068,Hibiscus court Maryland,39.1187154,-77.2108193,2025-06-17,08:28 AM,eBird - Traveling Count,6,1,.278,,1
S253101356,Great Crested Flycatcher,Myiarchus crinitus,17334,1,US-MD,Montgomery,L9055068,Hibiscus court Maryland,39.1187154,-77.2108193,2025-06-22,10:19 AM,eBird - Stationary Count,2,1,,,1
S253652061,Great Crested Flycatcher,Myiarchus crinitus,17334,2,US-MD,Montgomery,L9055068,Hibiscus court Maryland,39.1187154,-77.2108193,2025-06-24,07:41 AM,eBird - Traveling Count,13,1,.508,,1
S248712994,Great Crested Flycatcher,Myiarchus crinitus,17334,1,US-MD,Montgomery,L126620,Hughes Hollow - McKee Beshers WMA,39.0803767,-77.4035096,2025-06-09,08:09 PM,eBird - Traveling Count,35,1,1.352,,1
S253053193,Great Crested Flycatcher,Myiarchus crinitus,17334,1,US-MD,Montgomery,L126620,Hughes Hollow - McKee Beshers WMA,39.0803767,-77.4035096,2025-06-22,06:50 AM,eBird - Traveling Count,99,1,1.237,,1
S187792544,Great Crested Flycatcher,Myiarchus crinitus,17334,2,US-MD,Montgomery,L22161519,Hughes Hollow - McKee Beshers WMA--sunflower area and eastern fields,39.076893,-77.3812916,2024-07-19,06:29 PM,eBird - Traveling Count,119,1,5.601,,1
S230262565,Great Crested Flycatcher,Myiarchus crinitus,17334,1,US-MD,Montgomery,L22161519,Hughes Hollow - McKee Beshers WMA--sunflower area and eastern fields,39.076893,-77.3812916,2025-04-27,03:44 PM,eBird - Traveling Count,78,1,3.75,,3
S245062525,Great Crested Flycatcher,Myiarchus crinitus,17334,1,US-MD,Montgomery,L224286,Lake Frank,39.1028755,-77.1198104,2025-05-31,11:53 AM,eBird - Traveling Count,38,1,.75,,1
S177901809,Great Crested Flycatcher,Myiarchus crinitus,17334,3,US-MD,Montgomery,L32512991,"Lake Halcyon, Gaithersburg, Maryland, US (39.12, -77.219)",39.120175,-77.2190739,2024-05-28,07:44 PM,eBird - Traveling Count,60,1,2.044,,1
S174220089,Great Crested Flycatcher,Myiarchus crinitus,17334,X,US-MD,Montgomery,L31569197,"Malcolm King Park (39.121, -77.212)",39.1205865,-77.212024,2024-05-13,08:59 AM,eBird - Traveling Count,13,1,.803,,1,,,Another day another Cardinal LOL.
S232178059,Great Crested Flycatcher,Myiarchus crinitus,17334,3,US-MD,Montgomery,L31569197,"Malcolm King Park (39.121, -77.212)",39.1205865,-77.212024,2025-05-02,05:38 PM,eBird - Traveling Count,19,1,1.014,,1
S253943888,Great Crested Flycatcher,Myiarchus crinitus,17334,1,US-MD,Montgomery,L31569197,"Malcolm King Park (39.121, -77.212)",39.1205865,-77.212024,2025-06-25,08:14 AM,eBird - Traveling Count,12,1,.602,,1
S247455766,Great Crested Flycatcher,Myiarchus crinitus,17334,3,US-MD,Montgomery,L41905651,"Seneca Greenway Trail, Gaithersburg, Maryland, US (39.167, -77.229)",39.1672893,-77.2288242,2025-06-06,05:55 PM,eBird - Traveling Count,51,1,.37,,1
S188156823,Great Crested Flycatcher,Myiarchus crinitus,17334,1,US-MD,Montgomery,L19214285,"Welsh Park, Rockville",39.0908869,-77.1608661,2024-07-21,06:19 PM,eBird - Traveling Count,27,0,.756,,1
S239213799,Great Crested Flycatcher,Myiarchus crinitus,17334,2,US-MD,Prince George's,L305078,Patuxent Research Refuge--South Tract (National Wildlife Visitor Center),39.0270605,-76.7991731,2025-05-17,08:28 AM,eBird - Traveling Count,149,1,6.502,,1
S175564443,Great Crested Flycatcher,Myiarchus crinitus,17334,1,US-MD,Washington,L31950817,"3716 Harpers Ferry Road, Sharpsburg, Maryland, US (39.415, -77.737)",39.4153833,-77.7371018,2024-05-19,07:57 AM,eBird - Stationary Count,90,1,,,1
S270449595,Great Crested Flycatcher,Myiarchus crinitus,17334,1,US-MD,Washington,L1135534,C&O Canal--Dargan's Bend,39.3650609,-77.7403951,2025-08-30,02:58 PM,eBird - Traveling Count,28,1,.269,,1
S280793659,Cassin's Kingbird,Tyrannus vociferans,17461,2,US-CA,San Diego,L10053177,La Costa Ranch,33.0895832,-117.2502914,2025-10-22,07:18 AM,eBird - Traveling Count,12,1,.225,,1
S250749828,Eastern Kingbird,Tyrannus tyrannus,17472,2,US-MD,Frederick,L2756806,Monocacy National Battlefield--Gambrill Mill Trail,39.3688266,-77.3877865,2025-06-15,01:10 PM,eBird - Traveling Count,80,1,1.175,,1
S245500420,Eastern Kingbird,Tyrannus tyrannus,17472,1,US-MD,Montgomery,L285049,Agricultural History Farm Park,39.1610805,-77.1322894,2025-06-01,10:11 AM,eBird - Traveling Count,66,1,3.46,,1
S233083528,Eastern Kingbird,Tyrannus tyrannus,17472,8,US-MD,Montgomery,L196528,Black Hill Regional Park,39.192365,-77.295757,2025-05-04,12:18 PM,eBird - Traveling Count,64,1,3.541,,1,,,,635093278
S252450521,Eastern Kingbird,Tyrannus tyrannus,17472,2,US-MD,Montgomery,L7383392,Bohrer Park,39.1329353,-77.1933532,2025-06-20,08:18 AM,eBird - Traveling Count,20,1,.52,,1
S252315175,Eastern Kingbird,Tyrannus tyrannus,17472,2,US-MD,Montgomery,L7383392,Bohrer Park,39.1329353,-77.1933532,2025-06-20,09:04 AM,eBird - Traveling Count,20,0,.4,,1
S194193514,Eastern Kingbird,Tyrannus tyrannus,17472,2,US-MD,Montgomery,L126620,Hughes Hollow - McKee Beshers WMA,39.0803767,-77.4035096,2024-09-06,05:47 PM,eBird - Traveling Count,56,1,3.219,,4
S248712994,Eastern Kingbird,Tyrannus tyrannus,17472,1,US-MD,Montgomery,L126620,Hughes Hollow - McKee Beshers WMA,39.0803767,-77.4035096,2025-06-09,08:09 PM,eBird - Traveling Count,35,1,1.352,,1
S253053193,Eastern Kingbird,Tyrannus tyrannus,17472,5,US-MD,Montgomery,L126620,Hughes Hollow - McKee Beshers WMA,39.0803767,-77.4035096,2025-06-22,06:50 AM,eBird - Traveling Count,99,1,1.237,,1
S259644861,Eastern Kingbird,Tyrannus tyrannus,17472,2,US-MD,Montgomery,L126620,Hughes Hollow - McKee Beshers WMA,39.0803767,-77.4035096,2025-07-13,03:26 PM,eBird - Traveling Count,15,1,.342,,2
S230262565,Eastern Kingbird,Tyrannus tyrannus,17472,1,US-MD,Montgomery,L22161519,Hughes Hollow - McKee Beshers WMA--sunflower area and eastern fields,39.076893,-77.3812916,2025-04-27,03:44 PM,eBird - Traveling Count,78,1,3.75,,3
S248738652,Eastern Kingbird,Tyrannus tyrannus,17472,2,US-MD,Prince George's,L305078,Patuxent Research Refuge--South Tract (National Wildlife Visitor Center),39.0270605,-76.7991731,2024-05-27,09:00 AM,Historical,60,0,3.219
S206617034,Gray Kingbird,Tyrannus dominicensis,17474,1,PR-NG,,L4451634,Bosque Nacional El Yunque--Río Cubuy,18.2653604,-65.801062,2022-05-15,,eBird - Casual Observation,,0,,,2,,,Kept notes but birding was not my primary objective.
S299177701,White-eyed Vireo,Vireo griseus,19165,1,US-FL,Charlotte,L42656865,"Downing Street, Englewood, Florida, US (26.898, -82.321)",26.8978819,-82.3212738,2026-02-09,12:58 PM,eBird - Stationary Count,10,1,,,2
S194193514,White-eyed Vireo,Vireo griseus,19165,2,US-MD,Montgomery,L126620,Hughes Hollow - McKee Beshers WMA,39.0803767,-77.4035096,2024-09-06,05:47 PM,eBird - Traveling Count,56,1,3.219,,4
S253053193,White-eyed Vireo,Vireo griseus,19165,1,US-MD,Montgomery,L126620,Hughes Hollow - McKee Beshers WMA,39.0803767,-77.4035096,2025-06-22,06:50 AM,eBird - Traveling Count,99,1,1.237,,1
S276176191,White-eyed Vireo,Vireo griseus,19165,1,US-MD,Montgomery,L53412458,"Little Bennett Park Day Use Area, Clarksburg, Maryland, US (39.26, -77.302)",39.2601836,-77.3018111,2025-09-28,06:19 PM,eBird - Traveling Count,51,1,1.785,,1
S240002346,White-eyed Vireo,Vireo griseus,19165,1,US-MD,Montgomery,L2769057,Little Bennett RP--Western Piedmont Trail,39.27653,-77.3071432,2025-05-18,06:20 PM,eBird - Traveling Count,44,1,1.223,,1
S239253914,White-eyed Vireo,Vireo griseus,19165,2,US-MD,Prince George's,L42706061,Patuxent Research Refuge--Central Tract (Restricted Access),39.0491905,-76.7986274,2025-05-17,11:28 AM,eBird - Traveling Count,35,1,3.206,,1
S239213799,Yellow-throated Vireo,Vireo flavifrons,19220,3,US-MD,Prince George's,L305078,Patuxent Research Refuge--South Tract (National Wildlife Visitor Center),39.0270605,-76.7991731,2025-05-17,08:28 AM,eBird - Traveling Count,149,1,6.502,,1
S250749828,Eastern Warbling Vireo,Vireo gilvus,19245,1,US-MD,Frederick,L2756806,Monocacy National Battlefield--Gambrill Mill Trail,39.3688266,-77.3877865,2025-06-15,01:10 PM,eBird - Traveling Count,80,1,1.175,,1
S233615339,Eastern Warbling Vireo,Vireo gilvus,19245,1,US-MD,Montgomery,L584300,C&O Canal--Edwards Ferry,39.1030006,-77.4737057,2025-05-05,06:00 PM,eBird - Traveling Count,42,1,1.493,,1
S245692718,Eastern Warbling Vireo,Vireo gilvus,19245,1,US-MD,Montgomery,L515805,C&O Canal--Mouth of the Monocacy (Mont. Co.),39.221687,-77.451432,2025-06-01,05:35 PM,eBird - Traveling Count,35,1,.52,,1
S194193514,Eastern Warbling Vireo,Vireo gilvus,19245,1,US-MD,Montgomery,L126620,Hughes Hollow - McKee Beshers WMA,39.0803767,-77.4035096,2024-09-06,05:47 PM,eBird - Traveling Count,56,1,3.219,,4
S253053193,Eastern Warbling Vireo,Vireo gilvus,19245,1,US-MD,Montgomery,L126620,Hughes Hollow - McKee Beshers WMA,39.0803767,-77.4035096,2025-06-22,06:50 AM,eBird - Traveling Count,99,1,1.237,,1
S257633796,Eastern Warbling Vireo,Vireo gilvus,19245,1,US-MD,Washington,L5825627,Antietam National Battlefield--Snavely Ford Trail,39.449291,-77.7314029,2025-07-06,04:30 PM,eBird - Traveling Count,39,1,1.113,,1
S180559422,Eastern Warbling Vireo,Vireo gilvus,19245,1,US-MD,Washington,L33056912,"Rohrbach Campground, Sharpsburg, Maryland, US (39.454, -77.731)",39.4543401,-77.7314234,2024-06-08,02:29 PM,eBird - Traveling Count,113,1,.402,,1
S180295745,Eastern Warbling Vireo,Vireo gilvus,19245,X,US-MD,Washington,L33056912,"Rohrbach Campground, Sharpsburg, Maryland, US (39.454, -77.731)",39.4543401,-77.7314234,2024-06-09,05:48 AM,eBird - Stationary Count,4,0,,,1
S250306194,Red-eyed Vireo,Vireo olivaceus,19267,1,US-MD,Baltimore,L517705,Fort Armistead Park (Baltimore City),39.2094705,-76.5330899,2025-06-14,02:00 PM,eBird - Traveling Count,57,1,.653,,1
S250749828,Red-eyed Vireo,Vireo olivaceus,19267,1,US-MD,Frederick,L2756806,Monocacy National Battlefield--Gambrill Mill Trail,39.3688266,-77.3877865,2025-06-15,01:10 PM,eBird - Traveling Count,80,1,1.175,,1
S239842745,Red-eyed Vireo,Vireo olivaceus,19267,2,US-MD,Frederick,L281578,Sugarloaf Mt.,39.2626685,-77.3972133,2025-05-18,12:09 PM,eBird - Traveling Count,111,1,4.442,,1
S242111995,Red-eyed Vireo,Vireo olivaceus,19267,2,US-MD,Montgomery,L45854782,"23425 Slidell Road, Ten Mile Creek, Maryland, US (39.241, -77.32)",39.2410277,-77.3204555,2025-05-24,02:32 PM,eBird - Traveling Count,73,1,1.191,,1
S173968054,Red-eyed Vireo,Vireo olivaceus,19267,X,US-MD,Montgomery,L285049,Agricultural History Farm Park,39.1610805,-77.1322894,2024-05-12,10:26 AM,eBird - Traveling Count,104,1,2.414,,1
S245500420,Red-eyed Vireo,Vireo olivaceus,19267,1,US-MD,Montgomery,L285049,Agricultural History Farm Park,39.1610805,-77.1322894,2025-06-01,10:11 AM,eBird - Traveling Count,66,1,3.46,,1
S233083528,Red-eyed Vireo,Vireo olivaceus,19267,X,US-MD,Montgomery,L196528,Black Hill Regional Park,39.192365,-77.295757,2025-05-04,12:18 PM,eBird - Traveling Count,64,1,3.541,,1
S243074956,Red-eyed Vireo,Vireo olivaceus,19267,1,US-MD,Montgomery,L192824,C&O Canal--Violette's Lock,39.066803,-77.32951,2025-05-26,11:56 AM,eBird - Traveling Count,55,1,.8,,2
S232647749,Red-eyed Vireo,Vireo olivaceus,19267,1,US-MD,Montgomery,L33913928,"Camden Retention Pond, Gaithersburg, Maryland, US (39.12, -77.206)",39.1197497,-77.2064087,2025-05-03,03:19 PM,eBird - Traveling Count,32,1,1.03,,1
S176529751,Red-eyed Vireo,Vireo olivaceus,19267,1,US-MD,Montgomery,L9055068,Hibiscus court Maryland,39.1187154,-77.2108193,2024-05-23,08:49 AM,eBird - Traveling Count,46,1,1.706,,1
S176723839,Red-eyed Vireo,Vireo olivaceus,19267,X,US-MD,Montgomery,L9055068,Hibiscus court Maryland,39.1187154,-77.2108193,2024-05-24,08:49 AM,eBird - Traveling Count,19,1,.733,,1
S191290375,Red-eyed Vireo,Vireo olivaceus,19267,1,US-MD,Montgomery,L9055068,Hibiscus court Maryland,39.1187154,-77.2108193,2024-08-13,08:26 AM,eBird - Traveling Count,19,1,.626,,1
S239703804,Red-eyed Vireo,Vireo olivaceus,19267,2,US-MD,Montgomery,L9055068,Hibiscus court Maryland,39.1187154,-77.2108193,2025-05-18,10:01 AM,eBird - Stationary Count,30,1,,,1
S264217115,Red-eyed Vireo,Vireo olivaceus,19267,1,US-MD,Montgomery,L9055068,Hibiscus court Maryland,39.1187154,-77.2108193,2025-08-01,11:16 AM,eBird - Stationary Count,12,1,,,1
S253053193,Red-eyed Vireo,Vireo olivaceus,19267,2,US-MD,Montgomery,L126620,Hughes Hollow - McKee Beshers WMA,39.0803767,-77.4035096,2025-06-22,06:50 AM,eBird - Traveling Count,99,1,1.237,,1
S173483643,Red-eyed Vireo,Vireo olivaceus,19267,X,US-MD,Montgomery,L31569197,"Malcolm King Park (39.121, -77.212)",39.1205865,-77.212024,2024-05-11,09:34 AM,eBird - Traveling Count,37,1,1.189,,2,,,Just our daily morning dog walk!
S174220089,Red-eyed Vireo,Vireo olivaceus,19267,X,US-MD,Montgomery,L31569197,"Malcolm King Park (39.121, -77.212)",39.1205865,-77.212024,2024-05-13,08:59 AM,eBird - Traveling Count,13,1,.803,,1,,,Another day another Cardinal LOL.
S174427926,Red-eyed Vireo,Vireo olivaceus,19267,X,US-MD,Montgomery,L31569197,"Malcolm King Park (39.121, -77.212)",39.1205865,-77.212024,2024-05-14,07:33 AM,eBird - Traveling Count,16,1,.805,,1
S232178059,Red-eyed Vireo,Vireo olivaceus,19267,2,US-MD,Montgomery,L31569197,"Malcolm King Park (39.121, -77.212)",39.1205865,-77.212024,2025-05-02,05:38 PM,eBird - Traveling Count,19,1,1.014,,1
S246582636,Red-eyed Vireo,Vireo olivaceus,19267,1,US-MD,Montgomery,L31569197,"Malcolm King Park (39.121, -77.212)",39.1205865,-77.212024,2025-06-04,08:20 AM,eBird - Traveling Count,9,1,.554,,1
S252450226,Red-eyed Vireo,Vireo olivaceus,19267,1,US-MD,Montgomery,L31569197,"Malcolm King Park (39.121, -77.212)",39.1205865,-77.212024,2025-06-19,07:07 PM,eBird - Traveling Count,39,1,1.35,,1
S239213799,Red-eyed Vireo,Vireo olivaceus,19267,2,US-MD,Prince George's,L305078,Patuxent Research Refuge--South Tract (National Wildlife Visitor Center),39.0270605,-76.7991731,2025-05-17,08:28 AM,eBird - Traveling Count,149,1,6.502,,1
S175564443,Red-eyed Vireo,Vireo olivaceus,19267,X,US-MD,Washington,L31950817,"3716 Harpers Ferry Road, Sharpsburg, Maryland, US (39.415, -77.737)",39.4153833,-77.7371018,2024-05-19,07:57 AM,eBird - Stationary Count,90,1,,,1
S257633796,Red-eyed Vireo,Vireo olivaceus,19267,1,US-MD,Washington,L5825627,Antietam National Battlefield--Snavely Ford Trail,39.449291,-77.7314029,2025-07-06,04:30 PM,eBird - Traveling Count,39,1,1.113,,1
S177414288,Red-eyed Vireo,Vireo olivaceus,19267,X,US-MD,Washington,L512641,C&O Canal--Antietam Creek,39.417434,-77.745801,2024-05-26,05:13 PM,eBird - Traveling Count,48,1,1.609,,3
S225941637,Loggerhead Shrike,Lanius ludovicianus,21091,1,US-FL,Charlotte,L618537,Amberjack Environmental Park--Lemon Lake,26.8725833,-82.3001289,2025-04-15,05:04 PM,eBird - Traveling Count,72,1,3.235,,1
S298474473,Loggerhead Shrike,Lanius ludovicianus,21091,2,US-FL,Charlotte,L2391257,Ann Dever Memorial Regional Park,26.9182434,-82.3157501,2026-02-06,03:27 PM,eBird - Traveling Count,73,1,1.287,,2
S298683570,Loggerhead Shrike,Lanius ludovicianus,21091,4,US-FL,Charlotte,L21750506,"Live Oak Blvd, Prairie Creek Preserve entrance road",27.005263,-81.929974,2026-02-07,09:07 AM,eBird - Traveling Count,83,1,4.837,,2
S298300486,Loggerhead Shrike,Lanius ludovicianus,21091,3,US-FL,Charlotte,L8957295,Rotunda Meadows Prairie,26.8573451,-82.2223281,2026-02-05,04:12 PM,eBird - Traveling Count,93,1,12.54,,2
S192288648,Blue Jay,Cyanocitta cristata,21294,1,US-NH,Carroll,L2573426,"Story Land, Rt. 16, Glen",44.117161,-71.184298,2024-08-21,10:28 AM,eBird - Traveling Count,372,0,.791,,2,,,Storyland!
S225941637,Blue Jay,Cyanocitta cristata,21294,1,US-FL,Charlotte,L618537,Amberjack Environmental Park--Lemon Lake,26.8725833,-82.3001289,2025-04-15,05:04 PM,eBird - Traveling Count,72,1,3.235,,1
S226075152,Blue Jay,Cyanocitta cristata,21294,3,US-FL,Charlotte,L618537,Amberjack Environmental Park--Lemon Lake,26.8725833,-82.3001289,2025-04-16,08:52 AM,eBird - Traveling Count,100,1,1.018,,4
S226075158,Blue Jay,Cyanocitta cristata,21294,1,US-FL,Charlotte,L618537,Amberjack Environmental Park--Lemon Lake,26.8725833,-82.3001289,2025-04-16,08:52 AM,eBird - Traveling Count,100,1,1.018,,4
S298474473,Blue Jay,Cyanocitta cristata,21294,1,US-FL,Charlotte,L2391257,Ann Dever Memorial Regional Park,26.9182434,-82.3157501,2026-02-06,03:27 PM,eBird - Traveling Count,73,1,1.287,,2
S225653591,Blue Jay,Cyanocitta cristata,21294,3,US-FL,Charlotte,L618241,Cedar Point Environmental Park,26.9253511,-82.334868,2025-04-14,02:41 PM,eBird - Traveling Count,95,1,4.216,,4
S299140266,Blue Jay,Cyanocitta cristata,21294,1,US-FL,Charlotte,L618241,Cedar Point Environmental Park,26.9253511,-82.334868,2026-02-09,08:29 AM,eBird - Traveling Count,114,1,1.533,,2
S298683570,Blue Jay,Cyanocitta cristata,21294,2,US-FL,Charlotte,L21750506,"Live Oak Blvd, Prairie Creek Preserve entrance road",27.005263,-81.929974,2026-02-07,09:07 AM,eBird - Traveling Count,83,1,4.837,,2
S226336345,Blue Jay,Cyanocitta cristata,21294,1,US-FL,Charlotte,L617642,Ollie's Pond Park,26.9860616,-82.1496961,2025-04-17,09:25 AM,eBird - Traveling Count,86,1,2.382,,3
S225947772,Blue Jay,Cyanocitta cristata,21294,2,US-FL,Charlotte,L1345169,Wildflower Preserve,26.8814148,-82.3046701,2025-04-15,06:40 PM,eBird - Traveling Count,9,1,.964,,1
S192192710,Blue Jay,Cyanocitta cristata,21294,2,US-NH,Coos,L5343246,"Akers Pond, Errol",44.7979771,-71.1591339,2024-08-20,05:15 PM,eBird - Stationary Count,34,1,,,1
S192408165,Blue Jay,Cyanocitta cristata,21294,4,US-NH,Coos,L35986886,"Buffalo Farm Road, Errol, New Hampshire, US (44.792, -71.179)",44.7922784,-71.1793562,2024-08-22,12:55 PM,eBird - Traveling Count,6,1,1.851,,1
S206613560,Blue Jay,Cyanocitta cristata,21294,1,US-NH,Coos,L12723083,Errol Downtown,44.7801749,-71.1354232,2024-12-20,05:17 PM,eBird - Casual Observation,,0,,,2
S192337224,Blue Jay,Cyanocitta cristata,21294,3,US-NH,Coos,L3547211,"Errol, private yards",44.7891067,-71.1536837,2024-08-19,05:00 PM,eBird - Stationary Count,15,1,,,3
S206174934,Blue Jay,Cyanocitta cristata,21294,1,US-NH,Coos,L3547211,"Errol, private yards",44.7891067,-71.1536837,2024-12-21,09:55 AM,eBird - Stationary Count,70,1,,,4
S192192741,Blue Jay,Cyanocitta cristata,21294,8,US-NH,Coos,L35940134,"Upton Road, Errol, New Hampshire, US (44.747, -71.111)",44.7469574,-71.1114598,2024-08-19,06:33 PM,eBird - Casual Observation,,0,,,1
S246372176,Blue Jay,Cyanocitta cristata,21294,1,US-DC,District of Columbia,L473521,Constitution Gardens and Reflecting Pool,38.8901142,-77.043364,2025-06-03,02:15 PM,eBird - Traveling Count,27,1,1.625,,1
S173683759,Blue Jay,Cyanocitta cristata,21294,1,US-DC,District of Columbia,L5658941,TJM a District of Columbia,38.8818381,-77.0346951,2017-04-05,10:30 AM,eBird - Traveling Count,60,1,1.609,,3,,,With Paul Charron And Chris Marcum
S187599424,Blue Jay,Cyanocitta cristata,21294,2,US-DC,District of Columbia,L1013541,The White House,38.8975294,-77.0364976,2024-07-18,06:29 PM,eBird - Traveling Count,10,1,.29,,1
S199330970,Blue Jay,Cyanocitta cristata,21294,2,US-DC,District of Columbia,L1013541,The White House,38.8975294,-77.0364976,2024-10-18,07:57 AM,eBird - Traveling Count,160,1,3.524,,1
S248611662,Blue Jay,Cyanocitta cristata,21294,1,US-DC,District of Columbia,L47238423,"Union Station, (38.898, -77.007)",38.8977684,-77.0069474,2025-06-09,12:18 PM,eBird - Traveling Count,28,1,3.235,,1
S267871655,Blue Jay,Cyanocitta cristata,21294,1,US-NH,Grafton,L7922375,Little Squam Lake (overall),43.7196644,-71.603472,2025-08-17,09:29 AM,eBird - Traveling Count,163,1,9.725,,1
S309217693,Blue Jay,Cyanocitta cristata,21294,2,US-MD,Montgomery,L60238913,"14321 Piccadilly Road, Silver Spring, Maryland, US (39.092, -77.035)",39.0923058,-77.0352297,2026-03-14,04:50 PM,eBird - Traveling Count,34,1,.158,,1
S290168731,Blue Jay,Cyanocitta cristata,21294,2,US-MD,Montgomery,L56319480,"17505 Beauvoir Boulevard, Rockville, Maryland, US (39.144, -77.147)",39.14352,-77.1468984,2025-12-25,10:19 AM,eBird - Stationary Count,78,1,,,1
S102906952,Blue Jay,Cyanocitta cristata,21294,1,US-MD,Montgomery,L17792207,"25 Hibiscus Court, Gaithersburg, Maryland, US (39.119, -77.211)",39.1187963,-77.210908,2022-02-18,03:20 PM,eBird - Stationary Count,1,1,,,1
S102907199,Blue Jay,Cyanocitta cristata,21294,1,US-MD,Montgomery,L17792207,"25 Hibiscus Court, Gaithersburg, Maryland, US (39.119, -77.211)",39.1187963,-77.210908,2022-02-18,03:23 PM,eBird - Casual Observation,,0,,,1,,,Backyard bird count
S302222394,Blue Jay,Cyanocitta cristata,21294,10,US-MD,Montgomery,L57047379,"A Fields Road Elementary, Gaithersburg, Maryland, US (39.119, -77.215)",39.1188882,-77.2150482,2026-02-19,08:34 AM,eBird - Traveling Count,78,1,.82,,1
S302434906,Blue Jay,Cyanocitta cristata,21294,2,US-MD,Montgomery,L57047379,"A Fields Road Elementary, Gaithersburg, Maryland, US (39.119, -77.215)",39.1188882,-77.2150482,2026-02-20,09:10 AM,eBird - Traveling Count,91,1,1.206,,1
S303974969,Blue Jay,Cyanocitta cristata,21294,1,US-MD,Montgomery,L57047379,"A Fields Road Elementary, Gaithersburg, Maryland, US (39.119, -77.215)",39.1188882,-77.2150482,2026-02-26,08:24 AM,eBird - Traveling Count,24,1,.427,,1
S304364531,Blue Jay,Cyanocitta cristata,21294,1,US-MD,Montgomery,L57047379,"A Fields Road Elementary, Gaithersburg, Maryland, US (39.119, -77.215)",39.1188882,-77.2150482,2026-02-27,08:46 AM,eBird - Traveling Count,19,1,.435,,1
S305295338,Blue Jay,Cyanocitta cristata,21294,5,US-MD,Montgomery,L57047379,"A Fields Road Elementary, Gaithersburg, Maryland, US (39.119, -77.215)",39.1188882,-77.2150482,2026-03-02,08:47 AM,eBird - Traveling Count,13,1,.458,,1
S305582448,Blue Jay,Cyanocitta cristata,21294,4,US-MD,Montgomery,L57047379,"A Fields Road Elementary, Gaithersburg, Maryland, US (39.119, -77.215)",39.1188882,-77.2150482,2026-03-03,08:42 AM,eBird - Traveling Count,29,1,.426,,1
S281536379,Blue Jay,Cyanocitta cristata,21294,3,US-MD,Montgomery,L459907,"Black Hill RP--Little Seneca Lake, Rte.121",39.189427,-77.309455,2025-10-26,03:54 PM,eBird - Traveling Count,58,1,1.349,,1
S274969283,Blue Jay,Cyanocitta cristata,21294,2,US-MD,Montgomery,L230151,Blue Mash Nature Trail,39.1939588,-77.1060175,2025-09-22,06:06 PM,eBird - Traveling Count,57,1,2.145,,1
S316508959,Blue Jay,Cyanocitta cristata,21294,2,US-MD,Montgomery,L230151,Blue Mash Nature Trail,39.1939588,-77.1060175,2026-04-03,05:54 PM,eBird - Traveling Count,70,1,2.147,,1
S252450521,Blue Jay,Cyanocitta cristata,21294,1,US-MD,Montgomery,L7383392,Bohrer Park,39.1329353,-77.1933532,2025-06-20,08:18 AM,eBird - Traveling Count,20,1,.52,,1
S261740933,Blue Jay,Cyanocitta cristata,21294,1,US-MD,Montgomery,L479449,Brewer House Rd. Pond,39.0313193,-77.1145391,2025-07-20,12:03 PM,eBird - Traveling Count,401,1,31.233,,1
S245692718,Blue Jay,Cyanocitta cristata,21294,2,US-MD,Montgomery,L515805,C&O Canal--Mouth of the Monocacy (Mont. Co.),39.221687,-77.451432,2025-06-01,05:35 PM,eBird - Traveling Count,35,1,.52,,1
S173683775,Blue Jay,Cyanocitta cristata,21294,1,US-MD,Montgomery,L192824,C&O Canal--Violette's Lock,39.066803,-77.32951,2023-11-23,12:55 PM,eBird - Traveling Count,20,1,.547,,2
S291774633,Blue Jay,Cyanocitta cristata,21294,1,US-MD,Montgomery,L192824,C&O Canal--Violette's Lock,39.066803,-77.32951,2026-01-01,03:04 PM,eBird - Traveling Count,17,1,.871,,1
S186245651,Blue Jay,Cyanocitta cristata,21294,2,US-MD,Montgomery,L33913928,"Camden Retention Pond, Gaithersburg, Maryland, US (39.12, -77.206)",39.1197497,-77.2064087,2024-07-08,06:37 PM,eBird - Traveling Count,59,1,1.078,,1
S191063486,Blue Jay,Cyanocitta cristata,21294,1,US-MD,Montgomery,L33913928,"Camden Retention Pond, Gaithersburg, Maryland, US (39.12, -77.206)",39.1197497,-77.2064087,2024-08-11,01:03 PM,eBird - Stationary Count,1,1,,,1
S197613650,Blue Jay,Cyanocitta cristata,21294,1,US-MD,Montgomery,L33913928,"Camden Retention Pond, Gaithersburg, Maryland, US (39.12, -77.206)",39.1197497,-77.2064087,2024-10-05,11:16 AM,eBird - Casual Observation,,0,,,1
S231014378,Blue Jay,Cyanocitta cristata,21294,1,US-MD,Montgomery,L33913928,"Camden Retention Pond, Gaithersburg, Maryland, US (39.12, -77.206)",39.1197497,-77.2064087,2025-04-29,07:54 PM,eBird - Traveling Count,7,1,.082,,1
S233512387,Blue Jay,Cyanocitta cristata,21294,1,US-MD,Montgomery,L33913928,"Camden Retention Pond, Gaithersburg, Maryland, US (39.12, -77.206)",39.1197497,-77.2064087,2025-05-05,01:14 PM,eBird - Traveling Count,7,1,.563,,1
S270764740,Blue Jay,Cyanocitta cristata,21294,2,US-MD,Montgomery,L33913928,"Camden Retention Pond, Gaithersburg, Maryland, US (39.12, -77.206)",39.1197497,-77.2064087,2025-08-31,07:33 PM,eBird - Traveling Count,97,1,1.031,,1
S276159786,Blue Jay,Cyanocitta cristata,21294,5,US-MD,Montgomery,L33913928,"Camden Retention Pond, Gaithersburg, Maryland, US (39.12, -77.206)",39.1197497,-77.2064087,2025-09-27,11:00 AM,eBird - Traveling Count,37,1,1.082,,1
S281282055,Blue Jay,Cyanocitta cristata,21294,5,US-MD,Montgomery,L33913928,"Camden Retention Pond, Gaithersburg, Maryland, US (39.12, -77.206)",39.1197497,-77.2064087,2025-10-25,12:08 PM,eBird - Traveling Count,28,1,.952,,1
S286498638,Blue Jay,Cyanocitta cristata,21294,2,US-MD,Montgomery,L33913928,"Camden Retention Pond, Gaithersburg, Maryland, US (39.12, -77.206)",39.1197497,-77.2064087,2025-11-28,12:14 PM,eBird - Traveling Count,18,1,.577,,1
S291020793,Blue Jay,Cyanocitta cristata,21294,1,US-MD,Montgomery,L33913928,"Camden Retention Pond, Gaithersburg, Maryland, US (39.12, -77.206)",39.1197497,-77.2064087,2025-12-29,11:39 AM,eBird - Traveling Count,9,1,.336,,1
S292971443,Blue Jay,Cyanocitta cristata,21294,3,US-MD,Montgomery,L33913928,"Camden Retention Pond, Gaithersburg, Maryland, US (39.12, -77.206)",39.1197497,-77.2064087,2026-01-07,12:17 PM,eBird - Traveling Count,22,1,.58,,1
S314269634,Blue Jay,Cyanocitta cristata,21294,4,US-MD,Montgomery,L33913928,"Camden Retention Pond, Gaithersburg, Maryland, US (39.12, -77.206)",39.1197497,-77.2064087,2026-03-29,07:51 AM,eBird - Traveling Count,19,1,.649,,1,,,Very chilly morning. Some frost on the grass. Lots of bird activity though.
S316385681,Blue Jay,Cyanocitta cristata,21294,2,US-MD,Montgomery,L33913928,"Camden Retention Pond, Gaithersburg, Maryland, US (39.12, -77.206)",39.1197497,-77.2064087,2026-04-03,01:09 PM,eBird - Traveling Count,39,1,1.061,,1
S278982875,Blue Jay,Cyanocitta cristata,21294,5,US-MD,Montgomery,L29852635,Conservation Lane,39.121784,-77.2222379,2025-10-11,10:58 AM,eBird - Traveling Count,28,0,11.821,,1
S292776205,Blue Jay,Cyanocitta cristata,21294,4,US-MD,Montgomery,L56914155,"Crown Woods, Gaithersburg, Maryland, US (39.117, -77.211)",39.1166315,-77.2109226,2026-01-06,10:14 AM,eBird - Stationary Count,2,1,,,1
S294699461,Blue Jay,Cyanocitta cristata,21294,3,US-MD,Montgomery,L56914155,"Crown Woods, Gaithersburg, Maryland, US (39.117, -77.211)",39.1166315,-77.2109226,2026-01-17,10:01 AM,eBird - Traveling Count,41,1,.81,,1
S295165095,Blue Jay,Cyanocitta cristata,21294,2,US-MD,Montgomery,L56914155,"Crown Woods, Gaithersburg, Maryland, US (39.117, -77.211)",39.1166315,-77.2109226,2026-01-19,10:10 AM,eBird - Traveling Count,39,1,1.508,,1
S303474362,Blue Jay,Cyanocitta cristata,21294,2,US-MD,Montgomery,L56914155,"Crown Woods, Gaithersburg, Maryland, US (39.117, -77.211)",39.1166315,-77.2109226,2026-02-24,08:16 AM,eBird - Traveling Count,16,1,.347,,1,,,Another cold February morning. Very few birds out and about this morning.
S307416067,Blue Jay,Cyanocitta cristata,21294,1,US-MD,Montgomery,L56914155,"Crown Woods, Gaithersburg, Maryland, US (39.117, -77.211)",39.1166315,-77.2109226,2026-03-08,06:00 PM,eBird - Traveling Count,5,1,.101,,1,,,74°. Nice big gang of cedar wax wings
S308724484,Blue Jay,Cyanocitta cristata,21294,7,US-MD,Montgomery,L56914155,"Crown Woods, Gaithersburg, Maryland, US (39.117, -77.211)",39.1166315,-77.2109226,2026-03-13,08:51 AM,eBird - Traveling Count,21,1,.606,,1,,,Looks like the crown woods red shouldered Hawks have lost their first nest and are building a second one in a different tree. Very brisk morning. Lots of alerts from the Hawks neighbors.
S311533358,Blue Jay,Cyanocitta cristata,21294,2,US-MD,Montgomery,L56914155,"Crown Woods, Gaithersburg, Maryland, US (39.117, -77.211)",39.1166315,-77.2109226,2026-03-21,01:16 PM,eBird - Traveling Count,8,1,.434,,1,,,Gorgeous walk through crownwoods
S308124285,Blue Jay,Cyanocitta cristata,21294,2,US-MD,Montgomery,L42096446,"Dufief Muddy Branch Park, North Potomac, Maryland, US (39.105, -77.236)",39.1045983,-77.2364397,2026-03-10,06:10 PM,eBird - Traveling Count,35,1,.668,,1
S315223385,Blue Jay,Cyanocitta cristata,21294,2,US-MD,Montgomery,L42096446,"Dufief Muddy Branch Park, North Potomac, Maryland, US (39.105, -77.236)",39.1045983,-77.2364397,2026-03-31,01:10 PM,eBird - Traveling Count,41,1,.693,,1
S285632076,Blue Jay,Cyanocitta cristata,21294,3,US-MD,Montgomery,L4395404,Evans Parkway Park,39.0277688,-77.0430824,2025-11-15,10:49 AM,eBird - Traveling Count,366,1,59.383,,1
S173332427,Blue Jay,Cyanocitta cristata,21294,5,US-MD,Montgomery,L9055068,Hibiscus court Maryland,39.1187154,-77.2108193,2023-11-22,10:10 AM,eBird - Stationary Count,30,1,,,2
S176723839,Blue Jay,Cyanocitta cristata,21294,2,US-MD,Montgomery,L9055068,Hibiscus court Maryland,39.1187154,-77.2108193,2024-05-24,08:49 AM,eBird - Traveling Count,19,1,.733,,1
S177681042,Blue Jay,Cyanocitta cristata,21294,5,US-MD,Montgomery,L9055068,Hibiscus court Maryland,39.1187154,-77.2108193,2024-05-27,04:45 PM,eBird - Traveling Count,89,1,1.979,,1
S181716209,Blue Jay,Cyanocitta cristata,21294,1,US-MD,Montgomery,L9055068,Hibiscus court Maryland,39.1187154,-77.2108193,2024-06-15,06:55 PM,eBird - Traveling Count,29,1,.354,,1
S182239020,Blue Jay,Cyanocitta cristata,21294,3,US-MD,Montgomery,L9055068,Hibiscus court Maryland,39.1187154,-77.2108193,2024-06-18,07:32 AM,eBird - Traveling Count,23,1,1.094,,1
S184569567,Blue Jay,Cyanocitta cristata,21294,1,US-MD,Montgomery,L9055068,Hibiscus court Maryland,39.1187154,-77.2108193,2024-06-30,10:16 AM,eBird - Traveling Count,22,1,.531,,1
S191290375,Blue Jay,Cyanocitta cristata,21294,3,US-MD,Montgomery,L9055068,Hibiscus court Maryland,39.1187154,-77.2108193,2024-08-13,08:26 AM,eBird - Traveling Count,19,1,.626,,1
S199449237,Blue Jay,Cyanocitta cristata,21294,1,US-MD,Montgomery,L9055068,Hibiscus court Maryland,39.1187154,-77.2108193,2024-10-16,08:36 AM,eBird - Casual Observation,,0,,,1
S203971701,Blue Jay,Cyanocitta cristata,21294,3,US-MD,Montgomery,L9055068,Hibiscus court Maryland,39.1187154,-77.2108193,2024-11-29,12:14 PM,eBird - Casual Observation,,0,,,2
S207069439,Blue Jay,Cyanocitta cristata,21294,1,US-MD,Montgomery,L9055068,Hibiscus court Maryland,39.1187154,-77.2108193,2024-12-28,01:24 PM,eBird - Stationary Count,133,1,,,1
S212334920,Blue Jay,Cyanocitta cristata,21294,1,US-MD,Montgomery,L9055068,Hibiscus court Maryland,39.1187154,-77.2108193,2025-02-07,02:23 PM,eBird - Traveling Count,70,1,1.77,,1
S213498174,Blue Jay,Cyanocitta cristata,21294,2,US-MD,Montgomery,L9055068,Hibiscus court Maryland,39.1187154,-77.2108193,2025-02-15,10:57 AM,eBird - Stationary Count,38,1,,,1
S229607559,Blue Jay,Cyanocitta cristata,21294,1,US-MD,Montgomery,L9055068,Hibiscus court Maryland,39.1187154,-77.2108193,2025-04-26,11:07 AM,eBird - Traveling Count,5,1,.272,,1
S232633334,Blue Jay,Cyanocitta cristata,21294,2,US-MD,Montgomery,L9055068,Hibiscus court Maryland,39.1187154,-77.2108193,2025-05-03,03:08 PM,eBird - Traveling Count,10,1,.354,,1
S253101356,Blue Jay,Cyanocitta cristata,21294,4,US-MD,Montgomery,L9055068,Hibiscus court Maryland,39.1187154,-77.2108193,2025-06-22,10:19 AM,eBird - Stationary Count,2,1,,,1
S253652061,Blue Jay,Cyanocitta cristata,21294,3,US-MD,Montgomery,L9055068,Hibiscus court Maryland,39.1187154,-77.2108193,2025-06-24,07:41 AM,eBird - Traveling Count,13,1,.508,,1
S254502123,Blue Jay,Cyanocitta cristata,21294,2,US-MD,Montgomery,L9055068,Hibiscus court Maryland,39.1187154,-77.2108193,2025-06-27,08:24 AM,eBird - Traveling Count,14,1,.633,,1
S292771563,Blue Jay,Cyanocitta cristata,21294,5,US-MD,Montgomery,L9055068,Hibiscus court Maryland,39.1187154,-77.2108193,2026-01-06,08:31 AM,eBird - Stationary Count,84,1,,,1
S293088711,Blue Jay,Cyanocitta cristata,21294,5,US-MD,Montgomery,L9055068,Hibiscus court Maryland,39.1187154,-77.2108193,2026-01-08,08:04 AM,eBird - Traveling Count,32,1,1.292,,2
S293642036,Blue Jay,Cyanocitta cristata,21294,2,US-MD,Montgomery,L9055068,Hibiscus court Maryland,39.1187154,-77.2108193,2026-01-10,10:27 AM,eBird - Traveling Count,91,1,.281,,1
S294011741,Blue Jay,Cyanocitta cristata,21294,1,US-MD,Montgomery,L9055068,Hibiscus court Maryland,39.1187154,-77.2108193,2026-01-13,08:48 AM,eBird - Traveling Count,16,1,.827,,1
S295476283,Blue Jay,Cyanocitta cristata,21294,2,US-MD,Montgomery,L9055068,Hibiscus court Maryland,39.1187154,-77.2108193,2026-01-21,07:53 AM,eBird - Stationary Count,33,1,,,1
S295783274,Blue Jay,Cyanocitta cristata,21294,1,US-MD,Montgomery,L9055068,Hibiscus court Maryland,39.1187154,-77.2108193,2026-01-23,08:43 AM,eBird - Traveling Count,10,1,.476,,1
S296204796,Blue Jay,Cyanocitta cristata,21294,4,US-MD,Montgomery,L9055068,Hibiscus court Maryland,39.1187154,-77.2108193,2026-01-25,08:51 AM,eBird - Stationary Count,91,1,,,1
S296397089,Blue Jay,Cyanocitta cristata,21294,3,US-MD,Montgomery,L9055068,Hibiscus court Maryland,39.1187154,-77.2108193,2026-01-26,07:26 AM,eBird - Stationary Count,68,1,,,1
S296793655,Blue Jay,Cyanocitta cristata,21294,2,US-MD,Montgomery,L9055068,Hibiscus court Maryland,39.1187154,-77.2108193,2026-01-28,07:40 AM,eBird - Stationary Count,10,1,,,1
S296904367,Blue Jay,Cyanocitta cristata,21294,7,US-MD,Montgomery,L9055068,Hibiscus court Maryland,39.1187154,-77.2108193,2026-01-29,09:30 AM,eBird - Stationary Count,240,1,,,1
S296999698,Blue Jay,Cyanocitta cristata,21294,5,US-MD,Montgomery,L9055068,Hibiscus court Maryland,39.1187154,-77.2108193,2026-01-30,08:07 AM,eBird - Stationary Count,5,1,,,1
S297204985,Blue Jay,Cyanocitta cristata,21294,2,US-MD,Montgomery,L9055068,Hibiscus court Maryland,39.1187154,-77.2108193,2026-01-31,07:54 AM,eBird - Stationary Count,100,1,,,1
S297843285,Blue Jay,Cyanocitta cristata,21294,2,US-MD,Montgomery,L9055068,Hibiscus court Maryland,39.1187154,-77.2108193,2026-02-03,07:52 AM,eBird - Stationary Count,25,1,,,1
S299526270,Blue Jay,Cyanocitta cristata,21294,3,US-MD,Montgomery,L9055068,Hibiscus court Maryland,39.1187154,-77.2108193,2026-02-11,08:47 AM,eBird - Traveling Count,21,1,.585,,1
S299756045,Blue Jay,Cyanocitta cristata,21294,2,US-MD,Montgomery,L9055068,Hibiscus court Maryland,39.1187154,-77.2108193,2026-02-12,10:39 AM,eBird - Traveling Count,26,1,.501,,1
S299961545,Blue Jay,Cyanocitta cristata,21294,3,US-MD,Montgomery,L9055068,Hibiscus court Maryland,39.1187154,-77.2108193,2026-02-13,08:44 AM,eBird - Traveling Count,9,1,.24,,1
S300432928,Blue Jay,Cyanocitta cristata,21294,4,US-MD,Montgomery,L9055068,Hibiscus court Maryland,39.1187154,-77.2108193,2026-02-14,10:38 AM,eBird - Traveling Count,9,1,.447,,1
S301133523,Blue Jay,Cyanocitta cristata,21294,2,US-MD,Montgomery,L9055068,Hibiscus court Maryland,39.1187154,-77.2108193,2026-02-15,02:50 PM,eBird - Stationary Count,130,1,,,2
S301327375,Blue Jay,Cyanocitta cristata,21294,4,US-MD,Montgomery,L9055068,Hibiscus court Maryland,39.1187154,-77.2108193,2026-02-16,08:38 AM,eBird - Stationary Count,35,1,,,1
S301916007,Blue Jay,Cyanocitta cristata,21294,2,US-MD,Montgomery,L9055068,Hibiscus court Maryland,39.1187154,-77.2108193,2026-02-17,03:30 PM,eBird - Stationary Count,35,1,,,1
S301950574,Blue Jay,Cyanocitta cristata,21294,3,US-MD,Montgomery,L9055068,Hibiscus court Maryland,39.1187154,-77.2108193,2026-02-18,07:24 AM,eBird - Traveling Count,94,1,.445,,1
S303255172,Blue Jay,Cyanocitta cristata,21294,1,US-MD,Montgomery,L9055068,Hibiscus court Maryland,39.1187154,-77.2108193,2026-02-23,08:11 AM,eBird - Stationary Count,54,1,,,1,,,That is incredibly snowy and frigid day here.
S307587013,Blue Jay,Cyanocitta cristata,21294,4,US-MD,Montgomery,L9055068,Hibiscus court Maryland,39.1187154,-77.2108193,2026-03-09,09:15 AM,eBird - Traveling Count,18,1,.498,,1,,,Gorgeous morning. So many resident birds chirping and building nests.
S308062000,Blue Jay,Cyanocitta cristata,21294,2,US-MD,Montgomery,L9055068,Hibiscus court Maryland,39.1187154,-77.2108193,2026-03-10,08:52 AM,eBird - Traveling Count,211,1,.414,,1
S308522559,Blue Jay,Cyanocitta cristata,21294,1,US-MD,Montgomery,L9055068,Hibiscus court Maryland,39.1187154,-77.2108193,2026-03-12,10:46 AM,eBird - Stationary Count,6,1,,,1,,,A miserable day with a wintry mix of precipitation and very few birds about.
S309775448,Blue Jay,Cyanocitta cristata,21294,3,US-MD,Montgomery,L9055068,Hibiscus court Maryland,39.1187154,-77.2108193,2026-03-16,10:09 AM,eBird - Traveling Count,37,1,.068,,1
S310001255,Blue Jay,Cyanocitta cristata,21294,1,US-MD,Montgomery,L9055068,Hibiscus court Maryland,39.1187154,-77.2108193,2026-03-17,09:00 AM,eBird - Traveling Count,33,1,.315,,1,,,Very cold morning after a big storm. Only the crows seem to be about today.
S316020343,Blue Jay,Cyanocitta cristata,21294,2,US-MD,Montgomery,L9055068,Hibiscus court Maryland,39.1187154,-77.2108193,2026-04-02,02:22 PM,eBird - Stationary Count,104,1,,,1,,,It is a very cold day and the birds aren't very active outside my window.
S316727021,Blue Jay,Cyanocitta cristata,21294,2,US-MD,Montgomery,L9055068,Hibiscus court Maryland,39.1187154,-77.2108193,2026-04-04,08:41 AM,eBird - Traveling Count,15,1,.656,,1,,,Nice warm morning. Lots of bird activity and a gentle warm rain.
S317291213,Blue Jay,Cyanocitta cristata,21294,4,US-MD,Montgomery,L9055068,Hibiscus court Maryland,39.1187154,-77.2108193,2026-04-05,09:26 AM,eBird - Traveling Count,19,1,.322,,2,,,Stormy morning
S230178063,Blue Jay,Cyanocitta cristata,21294,1,US-MD,Montgomery,L1404741,Hoyles Mill Conservation Park,39.1771462,-77.319694,2025-04-27,02:46 PM,eBird - Traveling Count,20,1,.418,,1
S227622469,Blue Jay,Cyanocitta cristata,21294,2,US-MD,Montgomery,L126620,Hughes Hollow - McKee Beshers WMA,39.0803767,-77.4035096,2025-04-20,05:15 PM,eBird - Traveling Count,87,1,2.301,,1
S307723981,Blue Jay,Cyanocitta cristata,21294,1,US-MD,Montgomery,L126620,Hughes Hollow - McKee Beshers WMA,39.0803767,-77.4035096,2026-03-09,01:41 PM,eBird - Traveling Count,104,1,6.038,,1
S315703473,Blue Jay,Cyanocitta cristata,21294,1,US-MD,Montgomery,L126620,Hughes Hollow - McKee Beshers WMA,39.0803767,-77.4035096,2026-04-01,05:00 PM,eBird - Traveling Count,58,1,.544,,1,,,This was an absolutely stunning evening. Lots of birds. Couple of unexpected visitors like the blue winged teal and a nice show from the red-headed woodpeckers.
S230262565,Blue Jay,Cyanocitta cristata,21294,1,US-MD,Montgomery,L22161519,Hughes Hollow - McKee Beshers WMA--sunflower area and eastern fields,39.076893,-77.3812916,2025-04-27,03:44 PM,eBird - Traveling Count,78,1,3.75,,3
S285631806,Blue Jay,Cyanocitta cristata,21294,1,US-MD,Montgomery,L22161519,Hughes Hollow - McKee Beshers WMA--sunflower area and eastern fields,39.076893,-77.3812916,2025-11-22,12:53 PM,eBird - Traveling Count,53,1,3.085,,2
S214096790,Blue Jay,Cyanocitta cristata,21294,1,US-MD,Montgomery,L13399500,Izaak Walton Way (bird from road only),39.0938129,-77.4242505,2025-02-17,12:59 PM,eBird - Traveling Count,14,1,2.72,,1
S245062525,Blue Jay,Cyanocitta cristata,21294,1,US-MD,Montgomery,L224286,Lake Frank,39.1028755,-77.1198104,2025-05-31,11:53 AM,eBird - Traveling Count,38,1,.75,,1
S303064806,Blue Jay,Cyanocitta cristata,21294,1,US-MD,Montgomery,L11978481,"Lakeforest Mall stormwater ponds, Gaithersburg",39.1529726,-77.2085064,2026-02-22,11:21 AM,eBird - Traveling Count,62,1,8.579,,1
S276176191,Blue Jay,Cyanocitta cristata,21294,5,US-MD,Montgomery,L53412458,"Little Bennett Park Day Use Area, Clarksburg, Maryland, US (39.26, -77.302)",39.2601836,-77.3018111,2025-09-28,06:19 PM,eBird - Traveling Count,51,1,1.785,,1,,Approximate?
S298417359,Blue Jay,Cyanocitta cristata,21294,1,US-MD,Montgomery,L53412458,"Little Bennett Park Day Use Area, Clarksburg, Maryland, US (39.26, -77.302)",39.2601836,-77.3018111,2026-02-01,07:35 AM,eBird - Traveling Count,313,1,42.301,,1
S173483643,Blue Jay,Cyanocitta cristata,21294,X,US-MD,Montgomery,L31569197,"Malcolm King Park (39.121, -77.212)",39.1205865,-77.212024,2024-05-11,09:34 AM,eBird - Traveling Count,37,1,1.189,,2,,,Just our daily morning dog walk!
S174427926,Blue Jay,Cyanocitta cristata,21294,X,US-MD,Montgomery,L31569197,"Malcolm King Park (39.121, -77.212)",39.1205865,-77.212024,2024-05-14,07:33 AM,eBird - Traveling Count,16,1,.805,,1
S183763373,Blue Jay,Cyanocitta cristata,21294,2,US-MD,Montgomery,L31569197,"Malcolm King Park (39.121, -77.212)",39.1205865,-77.212024,2024-06-25,07:00 PM,eBird - Traveling Count,23,1,.837,,1,,One of the Blue Jays at Malcolm King Park is leucistic.
S184845781,Blue Jay,Cyanocitta cristata,21294,5,US-MD,Montgomery,L31569197,"Malcolm King Park (39.121, -77.212)",39.1205865,-77.212024,2024-07-01,06:57 PM,eBird - Traveling Count,60,1,.06,,1
S232178059,Blue Jay,Cyanocitta cristata,21294,1,US-MD,Montgomery,L31569197,"Malcolm King Park (39.121, -77.212)",39.1205865,-77.212024,2025-05-02,05:38 PM,eBird - Traveling Count,19,1,1.014,,1
S246582636,Blue Jay,Cyanocitta cristata,21294,1,US-MD,Montgomery,L31569197,"Malcolm King Park (39.121, -77.212)",39.1205865,-77.212024,2025-06-04,08:20 AM,eBird - Traveling Count,9,1,.554,,1
S249019190,Blue Jay,Cyanocitta cristata,21294,2,US-MD,Montgomery,L31569197,"Malcolm King Park (39.121, -77.212)",39.1205865,-77.212024,2025-06-10,07:24 PM,eBird - Traveling Count,34,1,1.754,,1
S250837526,Blue Jay,Cyanocitta cristata,21294,2,US-MD,Montgomery,L31569197,"Malcolm King Park (39.121, -77.212)",39.1205865,-77.212024,2025-06-15,05:46 PM,eBird - Traveling Count,36,1,2.063,,1
S252450226,Blue Jay,Cyanocitta cristata,21294,3,US-MD,Montgomery,L31569197,"Malcolm King Park (39.121, -77.212)",39.1205865,-77.212024,2025-06-19,07:07 PM,eBird - Traveling Count,39,1,1.35,,1
S253943888,Blue Jay,Cyanocitta cristata,21294,4,US-MD,Montgomery,L31569197,"Malcolm King Park (39.121, -77.212)",39.1205865,-77.212024,2025-06-25,08:14 AM,eBird - Traveling Count,12,1,.602,,1
S282549377,Blue Jay,Cyanocitta cristata,21294,2,US-MD,Montgomery,L31569197,"Malcolm King Park (39.121, -77.212)",39.1205865,-77.212024,2025-11-02,10:30 AM,eBird - Traveling Count,24,1,.873,,1
S289206931,Blue Jay,Cyanocitta cristata,21294,1,US-MD,Montgomery,L31569197,"Malcolm King Park (39.121, -77.212)",39.1205865,-77.212024,2025-12-19,12:37 PM,eBird - Traveling Count,13,1,.484,,1
S290182812,Blue Jay,Cyanocitta cristata,21294,8,US-MD,Montgomery,L31569197,"Malcolm King Park (39.121, -77.212)",39.1205865,-77.212024,2025-12-25,12:06 PM,eBird - Traveling Count,27,1,1.078,,1
S292410625,Blue Jay,Cyanocitta cristata,21294,2,US-MD,Montgomery,L31569197,"Malcolm King Park (39.121, -77.212)",39.1205865,-77.212024,2026-01-04,11:17 AM,eBird - Traveling Count,77,1,1.98,,2
S294532327,Blue Jay,Cyanocitta cristata,21294,5,US-MD,Montgomery,L31569197,"Malcolm King Park (39.121, -77.212)",39.1205865,-77.212024,2026-01-16,10:11 AM,eBird - Traveling Count,20,1,.786,,1
S302680251,Blue Jay,Cyanocitta cristata,21294,4,US-MD,Montgomery,L31569197,"Malcolm King Park (39.121, -77.212)",39.1205865,-77.212024,2026-02-21,08:56 AM,eBird - Traveling Count,15,1,.76,,1
S306793326,Blue Jay,Cyanocitta cristata,21294,4,US-MD,Montgomery,L31569197,"Malcolm King Park (39.121, -77.212)",39.1205865,-77.212024,2026-03-07,09:48 AM,eBird - Traveling Count,17,1,.749,,1,,,"Very humid day. Most of the birds are pretty angry about the two red shoulder hawks flying around, filling a nest near the park bench at the shady Grove Park entrance."
S307216901,Blue Jay,Cyanocitta cristata,21294,7,US-MD,Montgomery,L31569197,"Malcolm King Park (39.121, -77.212)",39.1205865,-77.212024,2026-03-08,09:51 AM,eBird - Traveling Count,76,1,1.346,,1,,,70f this morning on the walk. Watched a few crows try to take The nest that one of our pairs of red shouldered Hawks are building. The Hawks were not amused.
S315548994,Blue Jay,Cyanocitta cristata,21294,5,US-MD,Montgomery,L31569197,"Malcolm King Park (39.121, -77.212)",39.1205865,-77.212024,2026-04-01,09:42 AM,eBird - Traveling Count,28,1,.749,,1
S296602619,Blue Jay,Cyanocitta cristata,21294,2,US-MD,Montgomery,L53737414,Royce Hanson Conservation Park at Broad Run,39.1324176,-77.4573434,2026-01-27,03:24 PM,eBird - Traveling Count,36,1,2.222,,1
S305118682,Blue Jay,Cyanocitta cristata,21294,1,US-MD,Montgomery,L53737414,Royce Hanson Conservation Park at Broad Run,39.1324176,-77.4573434,2026-03-01,03:06 PM,eBird - Traveling Count,44,1,1.343,,2
S230664462,Blue Jay,Cyanocitta cristata,21294,8,US-MD,Montgomery,L41905651,"Seneca Greenway Trail, Gaithersburg, Maryland, US (39.167, -77.229)",39.1672893,-77.2288242,2025-04-28,06:28 PM,eBird - Traveling Count,80,1,2.317,,1
S241509048,Blue Jay,Cyanocitta cristata,21294,1,US-MD,Montgomery,L32507644,"Shady Grove Metro Station, Rockville, Maryland, US (39.121, -77.163)",39.1212152,-77.1634004,2025-05-23,09:18 AM,eBird - Traveling Count,2,1,.173,,1
S251200103,Blue Jay,Cyanocitta cristata,21294,1,US-MD,Montgomery,L32507644,"Shady Grove Metro Station, Rockville, Maryland, US (39.121, -77.163)",39.1212152,-77.1634004,2025-06-16,06:54 PM,eBird - Casual Observation,,0,,,1
S253804122,Blue Jay,Cyanocitta cristata,21294,1,US-MD,Montgomery,L32507644,"Shady Grove Metro Station, Rockville, Maryland, US (39.121, -77.163)",39.1212152,-77.1634004,2025-06-24,05:50 PM,eBird - Stationary Count,2,0,,,1
S203796738,Blue Jay,Cyanocitta cristata,21294,5,US-MD,Montgomery,L2055457,Sycamore Landing Rd. fields,39.0839717,-77.4146461,2024-11-27,02:08 PM,eBird - Traveling Count,89,1,4.361,,2
S314372032,Blue Jay,Cyanocitta cristata,21294,1,US-MD,Montgomery,L48823610,Washington Grove Conservation Park,39.136651,-77.171927,2026-03-29,10:35 AM,eBird - Traveling Count,47,1,1.727,,1
S279738820,Blue Jay,Cyanocitta cristata,21294,6,US-MD,Montgomery,L54114773,"Washington Woods Park, Gaithersburg, Maryland, US (39.113, -77.224)",39.11282,-77.2236712,2025-10-16,01:21 PM,eBird - Traveling Count,34,1,.56,,1
S183870068,Blue Jay,Cyanocitta cristata,21294,1,US-MD,Prince George's,L33936221,"NASA Goddard Space Flight Center, Greenbelt, Maryland, US (38.993, -76.848)",38.9929483,-76.8476183,2024-06-26,08:30 AM,eBird - Casual Observation,,0,,,1
S177579473,Blue Jay,Cyanocitta cristata,21294,X,US-MD,Prince George's,L305078,Patuxent Research Refuge--South Tract (National Wildlife Visitor Center),39.0270605,-76.7991731,2024-05-27,09:22 AM,eBird - Traveling Count,131,0,8.433,,2
S239213799,Blue Jay,Cyanocitta cristata,21294,X,US-MD,Prince George's,L305078,Patuxent Research Refuge--South Tract (National Wildlife Visitor Center),39.0270605,-76.7991731,2025-05-17,08:28 AM,eBird - Traveling Count,149,1,6.502,,1
S201148641,Blue Jay,Cyanocitta cristata,21294,1,US-MD,Prince George's,L37776401,"Peace and Friendship Garden, College Park, Maryland, US (38.986, -76.952)",38.9864419,-76.9522843,2024-10-23,02:05 PM,eBird - Traveling Count,15,1,.225,,1
S226419119,Blue Jay,Cyanocitta cristata,21294,3,US-FL,Sarasota,L625835,Lemon Bay Park,26.9727128,-82.3743725,2025-04-17,02:32 PM,eBird - Traveling Count,58,1,2.897,,1
S175383303,Blue Jay,Cyanocitta cristata,21294,1,US-MD,Washington,L31950817,"3716 Harpers Ferry Road, Sharpsburg, Maryland, US (39.415, -77.737)",39.4153833,-77.7371018,2024-05-18,01:58 PM,eBird - Stationary Count,2,1,,,1
S175564443,Blue Jay,Cyanocitta cristata,21294,2,US-MD,Washington,L31950817,"3716 Harpers Ferry Road, Sharpsburg, Maryland, US (39.415, -77.737)",39.4153833,-77.7371018,2024-05-19,07:57 AM,eBird - Stationary Count,90,1,,,1
S193754988,Blue Jay,Cyanocitta cristata,21294,1,US-MD,Washington,L31950817,"3716 Harpers Ferry Road, Sharpsburg, Maryland, US (39.415, -77.737)",39.4153833,-77.7371018,2024-09-02,03:51 PM,eBird - Casual Observation,,0,,,1
S275759758,Blue Jay,Cyanocitta cristata,21294,6,US-MD,Washington,L31950817,"3716 Harpers Ferry Road, Sharpsburg, Maryland, US (39.415, -77.737)",39.4153833,-77.7371018,2025-09-27,09:16 AM,eBird - Stationary Count,14,1,,,1
S295956741,Blue Jay,Cyanocitta cristata,21294,1,US-MD,Washington,L47901776,"3909 Mills Road, Sharpsburg, Maryland, US (39.42, -77.725)",39.4204997,-77.7254397,2026-01-24,08:31 AM,eBird - Traveling Count,7,1,6.113,,1
S272056950,Blue Jay,Cyanocitta cristata,21294,1,US-MD,Washington,L7545582,Fort Frederick State Park,39.6103016,-78.0052128,2025-09-07,12:29 PM,eBird - Traveling Count,30,1,1.335,,1
S294752709,Blue Jay,Cyanocitta cristata,21294,4,US-MD,Washington,L57331192,"John Brown Farm, Sharpsburg, Maryland, US (39.371, -77.722)",39.3708534,-77.7217407,2026-01-17,01:30 PM,eBird - Traveling Count,23,1,1.456,,2
S278707186,Blue Jay,Cyanocitta cristata,21294,3,US-MD,Washington,L456008,Weverton,39.327924,-77.6820087,2025-10-11,04:10 PM,eBird - Stationary Count,8,1,,,1
S298683570,Florida Scrub-Jay,Aphelocoma coerulescens,21301,1,US-FL,Charlotte,L21750506,"Live Oak Blvd, Prairie Creek Preserve entrance road",27.005263,-81.929974,2026-02-07,09:07 AM,eBird - Traveling Count,83,1,4.837,,2
S225780448,California Scrub-Jay,Aphelocoma californica,21303,1,US-CA,Orange,L982904,Upper Newport Bay--Eastbluff Dr.,33.6469213,-117.8680873,2005-09-10,09:00 AM,Historical,120,0,3.219,,,,"Present, many","First time at back bay, incomplete notes from journal and a few photos"
S175887634,Mexican Jay,Aphelocoma wollweberi,21321,X,US-AZ,Pima,L211809,Madera Canyon--Proctor Rd.,31.739938,-110.886147,2008-05-01,09:01 AM,Historical,150,1,,,2,,,Corrected checklist to be accurate as historical.
S274490359,Eurasian Magpie,Pica pica,21467,1,CH-GE,,L9307354,CERN (restricted access),46.2324564,6.0521808,2025-09-16,02:34 PM,eBird - Traveling Count,205,1,5.692,,1
S273320633,Eurasian Magpie,Pica pica,21467,2,CH-VD,,L52825255,Domaine La Capitaine,46.4356944,6.2608663,2025-09-14,01:52 PM,eBird - Traveling Count,54,1,1.063,,1
S273267681,Eurasian Magpie,Pica pica,21467,2,CH-VD,,L4446346,Port de Founex,46.3340545,6.2030804,2025-09-14,09:43 AM,eBird - Traveling Count,14,1,19.304,,1
S195126034,Black-billed Magpie,Pica hudsonia,21476,1,US-UT,Davis,L190743,Antelope Island SP,41.0465405,-112.2383881,2024-09-14,09:32 AM,eBird - Traveling Count,359,0,80.129,,1
S195043301,Black-billed Magpie,Pica hudsonia,21476,8,US-UT,Salt Lake,L1095190,Red Butte Canyon,40.7740256,-111.8180537,2024-09-13,06:22 PM,eBird - Traveling Count,190,1,10.767,,2
S192416363,Yellow-billed Magpie,Pica nuttalli,21477,9,US-CA,Santa Barbara,L7719373,Russack vineyards CA.,34.6390164,-120.1394141,2011-06-01,,Historical,,0,,,4,,On a fence on the road to the vineyard
S199451432,Eurasian Jackdaw,Coloeus monedula,21514,X,GB-ENG,East Sussex,L37440658,"Brighton Beach, England, GB (50.819, -0.133)",50.8191163,-.1328981,2015-06-25,10:14 AM,eBird - Casual Observation,,0,,,1
S199451432,Rook,Corvus frugilegus,21554,X,GB-ENG,East Sussex,L37440658,"Brighton Beach, England, GB (50.819, -0.133)",50.8191163,-.1328981,2015-06-25,10:14 AM,eBird - Casual Observation,,0,,,1
S272049115,American Crow,Corvus brachyrhynchos,21557,4,US-MD,Allegany,L2462463,Rocky Gap SP--camping loop,39.7113795,-78.6453509,2025-09-06,02:44 PM,eBird - Traveling Count,433,1,2.497,,2
S298683570,American Crow,Corvus brachyrhynchos,21557,2,US-FL,Charlotte,L21750506,"Live Oak Blvd, Prairie Creek Preserve entrance road",27.005263,-81.929974,2026-02-07,09:07 AM,eBird - Traveling Count,83,1,4.837,,2
S190802916,American Crow,Corvus brachyrhynchos,21557,1,US-OR,Clackamas,L670999,Mt. Hood--Timberline Lodge,45.3299743,-121.7109632,2024-08-08,01:34 PM,eBird - Casual Observation,,0,,,1
S192408165,American Crow,Corvus brachyrhynchos,21557,X,US-NH,Coos,L35986886,"Buffalo Farm Road, Errol, New Hampshire, US (44.792, -71.179)",44.7922784,-71.1793562,2024-08-22,12:55 PM,eBird - Traveling Count,6,1,1.851,,1
S206613560,American Crow,Corvus brachyrhynchos,21557,2,US-NH,Coos,L12723083,Errol Downtown,44.7801749,-71.1354232,2024-12-20,05:17 PM,eBird - Casual Observation,,0,,,2
S206174934,American Crow,Corvus brachyrhynchos,21557,1,US-NH,Coos,L3547211,"Errol, private yards",44.7891067,-71.1536837,2024-12-21,09:55 AM,eBird - Stationary Count,70,1,,,4
S192291989,American Crow,Corvus brachyrhynchos,21557,1,US-NH,Coos,L35961900,"Gorham Hydro Dam picnic Area, Gorham, New Hampshire, US (44.409, -71.196)",44.408647,-71.1959234,2024-08-21,05:05 PM,eBird - Stationary Count,18,1,,,3
S192337227,American Crow,Corvus brachyrhynchos,21557,6,US-NH,Coos,L5162343,Milan town,44.5762236,-71.1877477,2024-08-21,05:50 PM,eBird - Traveling Count,10,1,3.164,,3
S192337221,American Crow,Corvus brachyrhynchos,21557,3,US-NH,Coos,L758167,"Pontook Reservoir, Dummer",44.6364873,-71.2434597,2024-08-21,05:56 PM,eBird - Casual Observation,,0,,,3
S268294117,American Crow,Corvus brachyrhynchos,21557,2,US-ME,Cumberland,L6199827,Maine Wildlife Park,43.9293181,-70.35254,2025-08-19,01:45 PM,eBird - Traveling Count,103,1,1.256,,4
S195126034,American Crow,Corvus brachyrhynchos,21557,0,US-UT,Davis,L190743,Antelope Island SP,41.0465405,-112.2383881,2024-09-14,09:32 AM,eBird - Traveling Count,359,0,80.129,,1
S173683770,American Crow,Corvus brachyrhynchos,21557,4,US-DC,District of Columbia,L490336,C&O Canal--Fletcher's Cove (Fletcher's Boathouse),38.9188853,-77.1022224,2017-04-05,01:25 PM,eBird - Traveling Count,75,1,2.414,,3,,,With Paul Charron and Chris Marcum
S246372176,American Crow,Corvus brachyrhynchos,21557,1,US-DC,District of Columbia,L473521,Constitution Gardens and Reflecting Pool,38.8901142,-77.043364,2025-06-03,02:15 PM,eBird - Traveling Count,27,1,1.625,,1
S217090868,American Crow,Corvus brachyrhynchos,21557,7,US-DC,District of Columbia,L40002483,Lincoln Memorial,38.8892792,-77.0501876,2025-03-07,12:55 PM,eBird - Traveling Count,206,1,3.058,,1
S173683759,American Crow,Corvus brachyrhynchos,21557,4,US-DC,District of Columbia,L5658941,TJM a District of Columbia,38.8818381,-77.0346951,2017-04-05,10:30 AM,eBird - Traveling Count,60,1,1.609,,3,,,With Paul Charron And Chris Marcum
S292145747,American Crow,Corvus brachyrhynchos,21557,9,US-VA,Fairfax,L718485,Great Falls Park,38.9937,-77.2553,2026-01-03,10:48 AM,eBird - Traveling Count,75,1,1.28,,1
S294986972,American Crow,Corvus brachyrhynchos,21557,2,US-VA,Fairfax,L718485,Great Falls Park,38.9937,-77.2553,2026-01-18,12:14 PM,eBird - Traveling Count,51,1,.724,,1
S254954165,American Crow,Corvus brachyrhynchos,21557,7,US-VA,Fairfax,L48658118,"Unique, Virginia, US (38.87, -77.228)",38.8695983,-77.227806,2025-06-28,03:01 PM,eBird - Casual Observation,,0,,,1
S217261941,American Crow,Corvus brachyrhynchos,21557,1,US-MD,Frederick,L1739857,Catoctin Creek Park,39.392925,-77.5639615,2025-03-08,11:54 AM,eBird - Traveling Count,32,0,43.418,,1
S270705952,American Crow,Corvus brachyrhynchos,21557,1,US-MD,Frederick,L909320,Gambrill SP--North Frederick Overlook,39.4697856,-77.494297,2025-08-31,02:17 PM,eBird - Traveling Count,78,1,.525,,1
S256585579,American Crow,Corvus brachyrhynchos,21557,1,US-MD,Frederick,L12242883,Othello Regional Park,39.346886,-77.601207,2025-07-03,03:50 PM,eBird - Traveling Count,18,1,1.195,,1
S206655156,American Crow,Corvus brachyrhynchos,21557,4,US-MD,Frederick,L38875040,"Washington National Pike, Frederick, Maryland, US (39.358, -77.396)",39.3577117,-77.3958282,2024-12-26,01:37 PM,eBird - Traveling Count,18,1,30.209,,1
S286509010,American Crow,Corvus brachyrhynchos,21557,1,US-MD,Howard,L859276,Larriland Farm Pond,39.3128678,-77.1042609,2025-11-28,01:22 PM,eBird - Traveling Count,18,1,.601,,1
S201163113,American Crow,Corvus brachyrhynchos,21557,2,US-MD,Montgomery,L37779595,"18953 Abbotsford Circle, Germantown, Maryland, US (39.164, -77.239)",39.1644592,-77.238655,2024-11-02,01:37 PM,eBird - Traveling Count,30,0,45.575,,1
S102906952,American Crow,Corvus brachyrhynchos,21557,1,US-MD,Montgomery,L17792207,"25 Hibiscus Court, Gaithersburg, Maryland, US (39.119, -77.211)",39.1187963,-77.210908,2022-02-18,03:20 PM,eBird - Stationary Count,1,1,,,1
S102907199,American Crow,Corvus brachyrhynchos,21557,2,US-MD,Montgomery,L17792207,"25 Hibiscus Court, Gaithersburg, Maryland, US (39.119, -77.211)",39.1187963,-77.210908,2022-02-18,03:23 PM,eBird - Casual Observation,,0,,,1,,,Backyard bird count
S180197187,American Crow,Corvus brachyrhynchos,21557,6,US-MD,Montgomery,L33038592,"270 North (39.239, -77.291)",39.2393341,-77.291275,2024-06-08,10:32 AM,eBird - Traveling Count,57,0,68.459,,1
S206651820,American Crow,Corvus brachyrhynchos,21557,1,US-MD,Montgomery,L33038592,"270 North (39.239, -77.291)",39.2393341,-77.291275,2024-12-26,01:09 PM,eBird - Traveling Count,23,0,21.457,,1
S311503812,American Crow,Corvus brachyrhynchos,21557,2,US-MD,Montgomery,L33038592,"270 North (39.239, -77.291)",39.2393341,-77.291275,2026-03-21,12:22 PM,eBird - Traveling Count,15,1,18.926,,1,,,Just observing on a quick drive.
S175192347,American Crow,Corvus brachyrhynchos,21557,2,US-MD,Montgomery,L31909282,"9679 Lost Knife Road, Montgomery Village, Maryland, US (39.153, -77.199)",39.1532211,-77.1989898,2024-05-17,07:19 PM,eBird - Traveling Count,29,1,30.204,,1
S293415200,American Crow,Corvus brachyrhynchos,21557,4,US-MD,Montgomery,L57047379,"A Fields Road Elementary, Gaithersburg, Maryland, US (39.119, -77.215)",39.1188882,-77.2150482,2026-01-09,08:35 AM,eBird - Casual Observation,,0,,,1
S302222394,American Crow,Corvus brachyrhynchos,21557,3,US-MD,Montgomery,L57047379,"A Fields Road Elementary, Gaithersburg, Maryland, US (39.119, -77.215)",39.1188882,-77.2150482,2026-02-19,08:34 AM,eBird - Traveling Count,78,1,.82,,1
S304364531,American Crow,Corvus brachyrhynchos,21557,1,US-MD,Montgomery,L57047379,"A Fields Road Elementary, Gaithersburg, Maryland, US (39.119, -77.215)",39.1188882,-77.2150482,2026-02-27,08:46 AM,eBird - Traveling Count,19,1,.435,,1
S287726423,American Crow,Corvus brachyrhynchos,21557,200,US-MD,Montgomery,L285049,Agricultural History Farm Park,39.1610805,-77.1322894,2025-12-07,03:07 PM,eBird - Traveling Count,87,1,1.583,,2,,Estimate.
S296044910,American Crow,Corvus brachyrhynchos,21557,2,US-MD,Montgomery,L595310,Black Hill RP--Boat Ramp area,39.2009491,-77.2941077,2026-01-24,02:29 PM,eBird - Traveling Count,35,1,2.7,,1
S218916728,American Crow,Corvus brachyrhynchos,21557,5,US-MD,Montgomery,L459907,"Black Hill RP--Little Seneca Lake, Rte.121",39.189427,-77.309455,2025-03-16,01:31 PM,eBird - Traveling Count,39,1,15.224,,1
S281536379,American Crow,Corvus brachyrhynchos,21557,1,US-MD,Montgomery,L459907,"Black Hill RP--Little Seneca Lake, Rte.121",39.189427,-77.309455,2025-10-26,03:54 PM,eBird - Traveling Count,58,1,1.349,,1
S233083528,American Crow,Corvus brachyrhynchos,21557,3,US-MD,Montgomery,L196528,Black Hill Regional Park,39.192365,-77.295757,2025-05-04,12:18 PM,eBird - Traveling Count,64,1,3.541,,1
S219833183,American Crow,Corvus brachyrhynchos,21557,4,US-MD,Montgomery,L230151,Blue Mash Nature Trail,39.1939588,-77.1060175,2025-03-21,04:14 PM,eBird - Traveling Count,10,1,3.14,,1
S297767655,American Crow,Corvus brachyrhynchos,21557,1,US-MD,Montgomery,L230151,Blue Mash Nature Trail,39.1939588,-77.1060175,2026-02-02,04:13 PM,eBird - Traveling Count,24,1,.449,,2
S316508959,American Crow,Corvus brachyrhynchos,21557,7,US-MD,Montgomery,L230151,Blue Mash Nature Trail,39.1939588,-77.1060175,2026-04-03,05:54 PM,eBird - Traveling Count,70,1,2.147,,1
S189398872,American Crow,Corvus brachyrhynchos,21557,1,US-MD,Montgomery,L7383392,Bohrer Park,39.1329353,-77.1933532,2024-07-29,08:46 AM,eBird - Traveling Count,15,1,.933,,1
S252450521,American Crow,Corvus brachyrhynchos,21557,1,US-MD,Montgomery,L7383392,Bohrer Park,39.1329353,-77.1933532,2025-06-20,08:18 AM,eBird - Traveling Count,20,1,.52,,1
S264217194,American Crow,Corvus brachyrhynchos,21557,3,US-MD,Montgomery,L7383392,Bohrer Park,39.1329353,-77.1933532,2025-07-17,08:41 AM,eBird - Traveling Count,15,1,.744,,1
S233615339,American Crow,Corvus brachyrhynchos,21557,2,US-MD,Montgomery,L584300,C&O Canal--Edwards Ferry,39.1030006,-77.4737057,2025-05-05,06:00 PM,eBird - Traveling Count,42,1,1.493,,1
S173642100,American Crow,Corvus brachyrhynchos,21557,4,US-MD,Montgomery,L515805,C&O Canal--Mouth of the Monocacy (Mont. Co.),39.221687,-77.451432,2024-05-11,03:00 PM,eBird - Stationary Count,60,1,,,1
S245692718,American Crow,Corvus brachyrhynchos,21557,1,US-MD,Montgomery,L515805,C&O Canal--Mouth of the Monocacy (Mont. Co.),39.221687,-77.451432,2025-06-01,05:35 PM,eBird - Traveling Count,35,1,.52,,1
S289393221,American Crow,Corvus brachyrhynchos,21557,3,US-MD,Montgomery,L515805,C&O Canal--Mouth of the Monocacy (Mont. Co.),39.221687,-77.451432,2025-12-20,01:56 PM,eBird - Traveling Count,93,1,3.015,,1
S173683785,American Crow,Corvus brachyrhynchos,21557,3,US-MD,Montgomery,L360157,C&O Canal--Riley's Lock,39.0682467,-77.3431492,2023-11-23,11:24 AM,eBird - Traveling Count,65,1,.668,,2
S173683775,American Crow,Corvus brachyrhynchos,21557,3,US-MD,Montgomery,L192824,C&O Canal--Violette's Lock,39.066803,-77.32951,2023-11-23,12:55 PM,eBird - Traveling Count,20,1,.547,,2
S217581672,American Crow,Corvus brachyrhynchos,21557,X,US-MD,Montgomery,L192824,C&O Canal--Violette's Lock,39.066803,-77.32951,2025-03-09,05:06 PM,eBird - Traveling Count,77,1,.493,,1,,About 25 or more crows.
S214123451,American Crow,Corvus brachyrhynchos,21557,1,US-MD,Montgomery,L282688,C&O Canal--White's Ferry,39.155215,-77.517221,2025-02-17,02:55 PM,eBird - Traveling Count,9,1,.966,,1
S183770250,American Crow,Corvus brachyrhynchos,21557,6,US-MD,Montgomery,L33913928,"Camden Retention Pond, Gaithersburg, Maryland, US (39.12, -77.206)",39.1197497,-77.2064087,2024-06-25,07:46 PM,eBird - Stationary Count,24,1,,,1
S185956082,American Crow,Corvus brachyrhynchos,21557,1,US-MD,Montgomery,L33913928,"Camden Retention Pond, Gaithersburg, Maryland, US (39.12, -77.206)",39.1197497,-77.2064087,2024-07-07,08:37 PM,eBird - Traveling Count,29,1,.418,,1
S191063486,American Crow,Corvus brachyrhynchos,21557,2,US-MD,Montgomery,L33913928,"Camden Retention Pond, Gaithersburg, Maryland, US (39.12, -77.206)",39.1197497,-77.2064087,2024-08-11,01:03 PM,eBird - Stationary Count,1,1,,,1
S215914147,American Crow,Corvus brachyrhynchos,21557,18,US-MD,Montgomery,L33913928,"Camden Retention Pond, Gaithersburg, Maryland, US (39.12, -77.206)",39.1197497,-77.2064087,2025-02-28,05:47 PM,eBird - Stationary Count,5,1,,,1
S232647749,American Crow,Corvus brachyrhynchos,21557,2,US-MD,Montgomery,L33913928,"Camden Retention Pond, Gaithersburg, Maryland, US (39.12, -77.206)",39.1197497,-77.2064087,2025-05-03,03:19 PM,eBird - Traveling Count,32,1,1.03,,1
S233512387,American Crow,Corvus brachyrhynchos,21557,1,US-MD,Montgomery,L33913928,"Camden Retention Pond, Gaithersburg, Maryland, US (39.12, -77.206)",39.1197497,-77.2064087,2025-05-05,01:14 PM,eBird - Traveling Count,7,1,.563,,1
S286498638,American Crow,Corvus brachyrhynchos,21557,2,US-MD,Montgomery,L33913928,"Camden Retention Pond, Gaithersburg, Maryland, US (39.12, -77.206)",39.1197497,-77.2064087,2025-11-28,12:14 PM,eBird - Traveling Count,18,1,.577,,1
S291020793,American Crow,Corvus brachyrhynchos,21557,4,US-MD,Montgomery,L33913928,"Camden Retention Pond, Gaithersburg, Maryland, US (39.12, -77.206)",39.1197497,-77.2064087,2025-12-29,11:39 AM,eBird - Traveling Count,9,1,.336,,1
S294242612,American Crow,Corvus brachyrhynchos,21557,18,US-MD,Montgomery,L33913928,"Camden Retention Pond, Gaithersburg, Maryland, US (39.12, -77.206)",39.1197497,-77.2064087,2026-01-14,03:41 PM,eBird - Traveling Count,18,1,.518,,1
S314269634,American Crow,Corvus brachyrhynchos,21557,4,US-MD,Montgomery,L33913928,"Camden Retention Pond, Gaithersburg, Maryland, US (39.12, -77.206)",39.1197497,-77.2064087,2026-03-29,07:51 AM,eBird - Traveling Count,19,1,.649,,1,,,Very chilly morning. Some frost on the grass. Lots of bird activity though.
S316385681,American Crow,Corvus brachyrhynchos,21557,5,US-MD,Montgomery,L33913928,"Camden Retention Pond, Gaithersburg, Maryland, US (39.12, -77.206)",39.1197497,-77.2064087,2026-04-03,01:09 PM,eBird - Traveling Count,39,1,1.061,,1
S230164377,American Crow,Corvus brachyrhynchos,21557,2,US-MD,Montgomery,L42214720,"Camp Seneca, Maryland, US (39.177, -77.302)",39.1772081,-77.3018305,2025-04-27,01:45 PM,eBird - Traveling Count,50,1,.49,,1
S278982875,American Crow,Corvus brachyrhynchos,21557,1,US-MD,Montgomery,L29852635,Conservation Lane,39.121784,-77.2222379,2025-10-11,10:58 AM,eBird - Traveling Count,28,0,11.821,,1
S228011793,American Crow,Corvus brachyrhynchos,21557,2,US-MD,Montgomery,L3043543,Crabbs Branch Pond,39.122276,-77.1587741,2025-04-21,07:07 PM,eBird - Traveling Count,19,1,.917,,1
S248990243,American Crow,Corvus brachyrhynchos,21557,3,US-MD,Montgomery,L3043543,Crabbs Branch Pond,39.122276,-77.1587741,2025-06-10,05:46 PM,eBird - Traveling Count,13,1,.29,,1
S295165095,American Crow,Corvus brachyrhynchos,21557,1,US-MD,Montgomery,L56914155,"Crown Woods, Gaithersburg, Maryland, US (39.117, -77.211)",39.1166315,-77.2109226,2026-01-19,10:10 AM,eBird - Traveling Count,39,1,1.508,,1
S303474362,American Crow,Corvus brachyrhynchos,21557,1,US-MD,Montgomery,L56914155,"Crown Woods, Gaithersburg, Maryland, US (39.117, -77.211)",39.1166315,-77.2109226,2026-02-24,08:16 AM,eBird - Traveling Count,16,1,.347,,1,,,Another cold February morning. Very few birds out and about this morning.
S308724484,American Crow,Corvus brachyrhynchos,21557,4,US-MD,Montgomery,L56914155,"Crown Woods, Gaithersburg, Maryland, US (39.117, -77.211)",39.1166315,-77.2109226,2026-03-13,08:51 AM,eBird - Traveling Count,21,1,.606,,1,,,Looks like the crown woods red shouldered Hawks have lost their first nest and are building a second one in a different tree. Very brisk morning. Lots of alerts from the Hawks neighbors.
S289396816,American Crow,Corvus brachyrhynchos,21557,24,US-MD,Montgomery,L56150939,"Dickerson Power Plant (39.205, -77.449)",39.2051467,-77.4488143,2025-12-20,03:38 PM,eBird - Traveling Count,9,1,1.385,,2
S222948122,American Crow,Corvus brachyrhynchos,21557,5,US-MD,Montgomery,L42096446,"Dufief Muddy Branch Park, North Potomac, Maryland, US (39.105, -77.236)",39.1045983,-77.2364397,2025-04-04,03:51 PM,eBird - Traveling Count,26,1,.885,,2
S308124285,American Crow,Corvus brachyrhynchos,21557,1,US-MD,Montgomery,L42096446,"Dufief Muddy Branch Park, North Potomac, Maryland, US (39.105, -77.236)",39.1045983,-77.2364397,2026-03-10,06:10 PM,eBird - Traveling Count,35,1,.668,,1
S173332427,American Crow,Corvus brachyrhynchos,21557,3,US-MD,Montgomery,L9055068,Hibiscus court Maryland,39.1187154,-77.2108193,2023-11-22,10:10 AM,eBird - Stationary Count,30,1,,,2
S175882870,American Crow,Corvus brachyrhynchos,21557,2,US-MD,Montgomery,L9055068,Hibiscus court Maryland,39.1187154,-77.2108193,2024-05-20,08:45 AM,eBird - Stationary Count,4,1,,,1
S176115246,American Crow,Corvus brachyrhynchos,21557,X,US-MD,Montgomery,L9055068,Hibiscus court Maryland,39.1187154,-77.2108193,2024-05-21,07:09 AM,eBird - Traveling Count,14,1,.694,,1
S176529751,American Crow,Corvus brachyrhynchos,21557,X,US-MD,Montgomery,L9055068,Hibiscus court Maryland,39.1187154,-77.2108193,2024-05-23,08:49 AM,eBird - Traveling Count,46,1,1.706,,1
S176723839,American Crow,Corvus brachyrhynchos,21557,3,US-MD,Montgomery,L9055068,Hibiscus court Maryland,39.1187154,-77.2108193,2024-05-24,08:49 AM,eBird - Traveling Count,19,1,.733,,1
S177681042,American Crow,Corvus brachyrhynchos,21557,1,US-MD,Montgomery,L9055068,Hibiscus court Maryland,39.1187154,-77.2108193,2024-05-27,04:45 PM,eBird - Traveling Count,89,1,1.979,,1
S182239020,American Crow,Corvus brachyrhynchos,21557,4,US-MD,Montgomery,L9055068,Hibiscus court Maryland,39.1187154,-77.2108193,2024-06-18,07:32 AM,eBird - Traveling Count,23,1,1.094,,1
S183760057,American Crow,Corvus brachyrhynchos,21557,3,US-MD,Montgomery,L9055068,Hibiscus court Maryland,39.1187154,-77.2108193,2024-06-24,07:55 PM,eBird - Traveling Count,30,1,1.448,,1
S191290375,American Crow,Corvus brachyrhynchos,21557,1,US-MD,Montgomery,L9055068,Hibiscus court Maryland,39.1187154,-77.2108193,2024-08-13,08:26 AM,eBird - Traveling Count,19,1,.626,,1
S197341843,American Crow,Corvus brachyrhynchos,21557,X,US-MD,Montgomery,L9055068,Hibiscus court Maryland,39.1187154,-77.2108193,2024-10-03,08:56 AM,eBird - Traveling Count,14,1,.867,,2
S212334920,American Crow,Corvus brachyrhynchos,21557,6,US-MD,Montgomery,L9055068,Hibiscus court Maryland,39.1187154,-77.2108193,2025-02-07,02:23 PM,eBird - Traveling Count,70,1,1.77,,1,,crows mobbing One of our resident red shouldered Hawks with two Ravens pitching in
S213498174,American Crow,Corvus brachyrhynchos,21557,3,US-MD,Montgomery,L9055068,Hibiscus court Maryland,39.1187154,-77.2108193,2025-02-15,10:57 AM,eBird - Stationary Count,38,1,,,1
S239703804,American Crow,Corvus brachyrhynchos,21557,1,US-MD,Montgomery,L9055068,Hibiscus court Maryland,39.1187154,-77.2108193,2025-05-18,10:01 AM,eBird - Stationary Count,30,1,,,1
S251339864,American Crow,Corvus brachyrhynchos,21557,1,US-MD,Montgomery,L9055068,Hibiscus court Maryland,39.1187154,-77.2108193,2025-06-17,08:28 AM,eBird - Traveling Count,6,1,.278,,1
S253652061,American Crow,Corvus brachyrhynchos,21557,1,US-MD,Montgomery,L9055068,Hibiscus court Maryland,39.1187154,-77.2108193,2025-06-24,07:41 AM,eBird - Traveling Count,13,1,.508,,1
S254502123,American Crow,Corvus brachyrhynchos,21557,1,US-MD,Montgomery,L9055068,Hibiscus court Maryland,39.1187154,-77.2108193,2025-06-27,08:24 AM,eBird - Traveling Count,14,1,.633,,1
S292771563,American Crow,Corvus brachyrhynchos,21557,1,US-MD,Montgomery,L9055068,Hibiscus court Maryland,39.1187154,-77.2108193,2026-01-06,08:31 AM,eBird - Stationary Count,84,1,,,1
S293088711,American Crow,Corvus brachyrhynchos,21557,6,US-MD,Montgomery,L9055068,Hibiscus court Maryland,39.1187154,-77.2108193,2026-01-08,08:04 AM,eBird - Traveling Count,32,1,1.292,,2
S293642036,American Crow,Corvus brachyrhynchos,21557,2,US-MD,Montgomery,L9055068,Hibiscus court Maryland,39.1187154,-77.2108193,2026-01-10,10:27 AM,eBird - Traveling Count,91,1,.281,,1
S294426878,American Crow,Corvus brachyrhynchos,21557,6,US-MD,Montgomery,L9055068,Hibiscus court Maryland,39.1187154,-77.2108193,2026-01-15,11:00 PM,eBird - Casual Observation,,0,,,1
S295476283,American Crow,Corvus brachyrhynchos,21557,2,US-MD,Montgomery,L9055068,Hibiscus court Maryland,39.1187154,-77.2108193,2026-01-21,07:53 AM,eBird - Stationary Count,33,1,,,1
S295629570,American Crow,Corvus brachyrhynchos,21557,5,US-MD,Montgomery,L9055068,Hibiscus court Maryland,39.1187154,-77.2108193,2026-01-22,08:38 AM,eBird - Traveling Count,20,1,.414,,1
S295783274,American Crow,Corvus brachyrhynchos,21557,3,US-MD,Montgomery,L9055068,Hibiscus court Maryland,39.1187154,-77.2108193,2026-01-23,08:43 AM,eBird - Traveling Count,10,1,.476,,1
S296904367,American Crow,Corvus brachyrhynchos,21557,3,US-MD,Montgomery,L9055068,Hibiscus court Maryland,39.1187154,-77.2108193,2026-01-29,09:30 AM,eBird - Stationary Count,240,1,,,1
S297843285,American Crow,Corvus brachyrhynchos,21557,1,US-MD,Montgomery,L9055068,Hibiscus court Maryland,39.1187154,-77.2108193,2026-02-03,07:52 AM,eBird - Stationary Count,25,1,,,1
S299756045,American Crow,Corvus brachyrhynchos,21557,3,US-MD,Montgomery,L9055068,Hibiscus court Maryland,39.1187154,-77.2108193,2026-02-12,10:39 AM,eBird - Traveling Count,26,1,.501,,1
S301327375,American Crow,Corvus brachyrhynchos,21557,1,US-MD,Montgomery,L9055068,Hibiscus court Maryland,39.1187154,-77.2108193,2026-02-16,08:38 AM,eBird - Stationary Count,35,1,,,1
S301950574,American Crow,Corvus brachyrhynchos,21557,3,US-MD,Montgomery,L9055068,Hibiscus court Maryland,39.1187154,-77.2108193,2026-02-18,07:24 AM,eBird - Traveling Count,94,1,.445,,1
S307587013,American Crow,Corvus brachyrhynchos,21557,2,US-MD,Montgomery,L9055068,Hibiscus court Maryland,39.1187154,-77.2108193,2026-03-09,09:15 AM,eBird - Traveling Count,18,1,.498,,1,,,Gorgeous morning. So many resident birds chirping and building nests.
S308062000,American Crow,Corvus brachyrhynchos,21557,2,US-MD,Montgomery,L9055068,Hibiscus court Maryland,39.1187154,-77.2108193,2026-03-10,08:52 AM,eBird - Traveling Count,211,1,.414,,1
S308298400,American Crow,Corvus brachyrhynchos,21557,4,US-MD,Montgomery,L9055068,Hibiscus court Maryland,39.1187154,-77.2108193,2026-03-11,08:44 AM,eBird - Traveling Count,11,1,.415,,1,,,Another beautiful spring morning. It's trash day in my neighborhood so the crows were pretty excited.
S308522559,American Crow,Corvus brachyrhynchos,21557,1,US-MD,Montgomery,L9055068,Hibiscus court Maryland,39.1187154,-77.2108193,2026-03-12,10:46 AM,eBird - Stationary Count,6,1,,,1,,,A miserable day with a wintry mix of precipitation and very few birds about.
S309775448,American Crow,Corvus brachyrhynchos,21557,1,US-MD,Montgomery,L9055068,Hibiscus court Maryland,39.1187154,-77.2108193,2026-03-16,10:09 AM,eBird - Traveling Count,37,1,.068,,1
S310001255,American Crow,Corvus brachyrhynchos,21557,13,US-MD,Montgomery,L9055068,Hibiscus court Maryland,39.1187154,-77.2108193,2026-03-17,09:00 AM,eBird - Traveling Count,33,1,.315,,1,,,Very cold morning after a big storm. Only the crows seem to be about today.
S316727021,American Crow,Corvus brachyrhynchos,21557,3,US-MD,Montgomery,L9055068,Hibiscus court Maryland,39.1187154,-77.2108193,2026-04-04,08:41 AM,eBird - Traveling Count,15,1,.656,,1,,,Nice warm morning. Lots of bird activity and a gentle warm rain.
S317291213,American Crow,Corvus brachyrhynchos,21557,1,US-MD,Montgomery,L9055068,Hibiscus court Maryland,39.1187154,-77.2108193,2026-04-05,09:26 AM,eBird - Traveling Count,19,1,.322,,2,,,Stormy morning
S230178063,American Crow,Corvus brachyrhynchos,21557,2,US-MD,Montgomery,L1404741,Hoyles Mill Conservation Park,39.1771462,-77.319694,2025-04-27,02:46 PM,eBird - Traveling Count,20,1,.418,,1
S312069147,American Crow,Corvus brachyrhynchos,21557,1,US-MD,Montgomery,L126620,Hughes Hollow - McKee Beshers WMA,39.0803767,-77.4035096,2026-03-22,12:35 PM,eBird - Traveling Count,36,1,.657,,2
S186245620,American Crow,Corvus brachyrhynchos,21557,1,US-MD,Montgomery,L32216879,"Kaiser Permanente, Gaithersburg, Maryland, US (39.156, -77.222)",39.1558353,-77.2220648,2024-07-09,05:42 PM,eBird - Traveling Count,13,0,.274,,1,,,I think I saw a yellow billed cuckoo but only from the back and it flew off before I could catch up.
S253542219,American Crow,Corvus brachyrhynchos,21557,3,US-MD,Montgomery,L48335959,"Kaiser Retention Pomd, Gaithersburg, Maryland, US (39.155, -77.222)",39.1553049,-77.221738,2025-06-23,06:47 PM,eBird - Stationary Count,4,1,,,1
S177901809,American Crow,Corvus brachyrhynchos,21557,1,US-MD,Montgomery,L32512991,"Lake Halcyon, Gaithersburg, Maryland, US (39.12, -77.219)",39.120175,-77.2190739,2024-05-28,07:44 PM,eBird - Traveling Count,60,1,2.044,,1
S232693931,American Crow,Corvus brachyrhynchos,21557,1,US-MD,Montgomery,L44046276,"Lake Varuna, Gaithersburg, Maryland, US (39.119, -77.228)",39.1190779,-77.227522,2025-05-03,05:46 PM,eBird - Stationary Count,3,1,,,1
S303064806,American Crow,Corvus brachyrhynchos,21557,15,US-MD,Montgomery,L11978481,"Lakeforest Mall stormwater ponds, Gaithersburg",39.1529726,-77.2085064,2026-02-22,11:21 AM,eBird - Traveling Count,62,1,8.579,,1
S276176191,American Crow,Corvus brachyrhynchos,21557,1,US-MD,Montgomery,L53412458,"Little Bennett Park Day Use Area, Clarksburg, Maryland, US (39.26, -77.302)",39.2601836,-77.3018111,2025-09-28,06:19 PM,eBird - Traveling Count,51,1,1.785,,1
S240002346,American Crow,Corvus brachyrhynchos,21557,1,US-MD,Montgomery,L2769057,Little Bennett RP--Western Piedmont Trail,39.27653,-77.3071432,2025-05-18,06:20 PM,eBird - Traveling Count,44,1,1.223,,1
S173483643,American Crow,Corvus brachyrhynchos,21557,X,US-MD,Montgomery,L31569197,"Malcolm King Park (39.121, -77.212)",39.1205865,-77.212024,2024-05-11,09:34 AM,eBird - Traveling Count,37,1,1.189,,2,,,Just our daily morning dog walk!
S174427926,American Crow,Corvus brachyrhynchos,21557,X,US-MD,Montgomery,L31569197,"Malcolm King Park (39.121, -77.212)",39.1205865,-77.212024,2024-05-14,07:33 AM,eBird - Traveling Count,16,1,.805,,1
S183763373,American Crow,Corvus brachyrhynchos,21557,X,US-MD,Montgomery,L31569197,"Malcolm King Park (39.121, -77.212)",39.1205865,-77.212024,2024-06-25,07:00 PM,eBird - Traveling Count,23,1,.837,,1
S184845781,American Crow,Corvus brachyrhynchos,21557,1,US-MD,Montgomery,L31569197,"Malcolm King Park (39.121, -77.212)",39.1205865,-77.212024,2024-07-01,06:57 PM,eBird - Traveling Count,60,1,.06,,1
S212659650,American Crow,Corvus brachyrhynchos,21557,2,US-MD,Montgomery,L31569197,"Malcolm King Park (39.121, -77.212)",39.1205865,-77.212024,2025-02-09,02:21 PM,eBird - Traveling Count,39,1,2.06,,1
S232178059,American Crow,Corvus brachyrhynchos,21557,2,US-MD,Montgomery,L31569197,"Malcolm King Park (39.121, -77.212)",39.1205865,-77.212024,2025-05-02,05:38 PM,eBird - Traveling Count,19,1,1.014,,1
S246582636,American Crow,Corvus brachyrhynchos,21557,2,US-MD,Montgomery,L31569197,"Malcolm King Park (39.121, -77.212)",39.1205865,-77.212024,2025-06-04,08:20 AM,eBird - Traveling Count,9,1,.554,,1
S250837526,American Crow,Corvus brachyrhynchos,21557,3,US-MD,Montgomery,L31569197,"Malcolm King Park (39.121, -77.212)",39.1205865,-77.212024,2025-06-15,05:46 PM,eBird - Traveling Count,36,1,2.063,,1
S252450226,American Crow,Corvus brachyrhynchos,21557,3,US-MD,Montgomery,L31569197,"Malcolm King Park (39.121, -77.212)",39.1205865,-77.212024,2025-06-19,07:07 PM,eBird - Traveling Count,39,1,1.35,,1
S253943888,American Crow,Corvus brachyrhynchos,21557,1,US-MD,Montgomery,L31569197,"Malcolm King Park (39.121, -77.212)",39.1205865,-77.212024,2025-06-25,08:14 AM,eBird - Traveling Count,12,1,.602,,1
S290182812,American Crow,Corvus brachyrhynchos,21557,2,US-MD,Montgomery,L31569197,"Malcolm King Park (39.121, -77.212)",39.1205865,-77.212024,2025-12-25,12:06 PM,eBird - Traveling Count,27,1,1.078,,1
S292410625,American Crow,Corvus brachyrhynchos,21557,3,US-MD,Montgomery,L31569197,"Malcolm King Park (39.121, -77.212)",39.1205865,-77.212024,2026-01-04,11:17 AM,eBird - Traveling Count,77,1,1.98,,2
S294532327,American Crow,Corvus brachyrhynchos,21557,5,US-MD,Montgomery,L31569197,"Malcolm King Park (39.121, -77.212)",39.1205865,-77.212024,2026-01-16,10:11 AM,eBird - Traveling Count,20,1,.786,,1
S302680251,American Crow,Corvus brachyrhynchos,21557,2,US-MD,Montgomery,L31569197,"Malcolm King Park (39.121, -77.212)",39.1205865,-77.212024,2026-02-21,08:56 AM,eBird - Traveling Count,15,1,.76,,1
S306793326,American Crow,Corvus brachyrhynchos,21557,2,US-MD,Montgomery,L31569197,"Malcolm King Park (39.121, -77.212)",39.1205865,-77.212024,2026-03-07,09:48 AM,eBird - Traveling Count,17,1,.749,,1,,,"Very humid day. Most of the birds are pretty angry about the two red shoulder hawks flying around, filling a nest near the park bench at the shady Grove Park entrance."
S307216901,American Crow,Corvus brachyrhynchos,21557,11,US-MD,Montgomery,L31569197,"Malcolm King Park (39.121, -77.212)",39.1205865,-77.212024,2026-03-08,09:51 AM,eBird - Traveling Count,76,1,1.346,,1,,,70f this morning on the walk. Watched a few crows try to take The nest that one of our pairs of red shouldered Hawks are building. The Hawks were not amused.
S315548994,American Crow,Corvus brachyrhynchos,21557,3,US-MD,Montgomery,L31569197,"Malcolm King Park (39.121, -77.212)",39.1205865,-77.212024,2026-04-01,09:42 AM,eBird - Traveling Count,28,1,.749,,1
S317554838,American Crow,Corvus brachyrhynchos,21557,2,US-MD,Montgomery,L31569197,"Malcolm King Park (39.121, -77.212)",39.1205865,-77.212024,2026-04-05,05:33 PM,eBird - Traveling Count,29,1,.728,,1,,,Beautiful cool but quiet evening after a daytime storm.
S177345442,American Crow,Corvus brachyrhynchos,21557,2,US-MD,Montgomery,L32384015,"Montgomery County Landfill, Gaithersburg, Maryland, US (39.123, -77.173)",39.1229591,-77.1734085,2024-05-26,01:30 PM,eBird - Traveling Count,14,1,1.384,,1
S219612076,American Crow,Corvus brachyrhynchos,21557,3,US-MD,Montgomery,L11101726,Muddy Branch Park,39.113044,-77.226531,2025-03-20,11:04 AM,eBird - Traveling Count,26,1,.547,,1
S233623669,American Crow,Corvus brachyrhynchos,21557,1,US-MD,Montgomery,L266131,Patton Farms (formerly Patton Turf Farm),39.1433333,-77.5103802,2025-05-05,06:56 PM,eBird - Traveling Count,10,1,3.919,,1
S216321009,American Crow,Corvus brachyrhynchos,21557,1,US-MD,Montgomery,L453705,Patuxent River SP--Rte. 97 (Montgomery Co.),39.2380827,-77.0571345,2025-03-02,02:47 PM,eBird - Traveling Count,43,1,1.497,,1
S305118682,American Crow,Corvus brachyrhynchos,21557,1,US-MD,Montgomery,L53737414,Royce Hanson Conservation Park at Broad Run,39.1324176,-77.4573434,2026-03-01,03:06 PM,eBird - Traveling Count,44,1,1.343,,2
S230664462,American Crow,Corvus brachyrhynchos,21557,2,US-MD,Montgomery,L41905651,"Seneca Greenway Trail, Gaithersburg, Maryland, US (39.167, -77.229)",39.1672893,-77.2288242,2025-04-28,06:28 PM,eBird - Traveling Count,80,1,2.317,,1
S247455766,American Crow,Corvus brachyrhynchos,21557,2,US-MD,Montgomery,L41905651,"Seneca Greenway Trail, Gaithersburg, Maryland, US (39.167, -77.229)",39.1672893,-77.2288242,2025-06-06,05:55 PM,eBird - Traveling Count,51,1,.37,,1
S177875501,American Crow,Corvus brachyrhynchos,21557,1,US-MD,Montgomery,L32507644,"Shady Grove Metro Station, Rockville, Maryland, US (39.121, -77.163)",39.1212152,-77.1634004,2024-05-28,05:41 PM,eBird - Traveling Count,8,1,.12,,1
S203796738,American Crow,Corvus brachyrhynchos,21557,X,US-MD,Montgomery,L2055457,Sycamore Landing Rd. fields,39.0839717,-77.4146461,2024-11-27,02:08 PM,eBird - Traveling Count,89,1,4.361,,2
S304654981,American Crow,Corvus brachyrhynchos,21557,2,US-MD,Montgomery,L54114773,"Washington Woods Park, Gaithersburg, Maryland, US (39.113, -77.224)",39.11282,-77.2236712,2026-02-28,11:12 AM,eBird - Traveling Count,82,1,.627,,1
S288754158,American Crow,Corvus brachyrhynchos,21557,2,US-MD,Montgomery,L11401283,Westerly Rd. Pond,39.135653,-77.432952,2025-12-15,04:10 PM,eBird - Traveling Count,10,1,6.318,,1
S192185217,American Crow,Corvus brachyrhynchos,21557,6,US-ME,Oxford,L35938426,"8 Bear River Road, Newry, Maine, US (44.488, -70.788)",44.487575,-70.7881486,2024-08-20,03:36 PM,eBird - Traveling Count,34,1,31.777,,2
S183870068,American Crow,Corvus brachyrhynchos,21557,4,US-MD,Prince George's,L33936221,"NASA Goddard Space Flight Center, Greenbelt, Maryland, US (38.993, -76.848)",38.9929483,-76.8476183,2024-06-26,08:30 AM,eBird - Casual Observation,,0,,,1
S239213799,American Crow,Corvus brachyrhynchos,21557,1,US-MD,Prince George's,L305078,Patuxent Research Refuge--South Tract (National Wildlife Visitor Center),39.0270605,-76.7991731,2025-05-17,08:28 AM,eBird - Traveling Count,149,1,6.502,,1
S290845555,American Crow,Corvus brachyrhynchos,21557,4,US-MD,Queen Anne's,L5194688,Kent Point Marina,38.8382982,-76.3732617,2025-12-28,02:14 PM,eBird - Traveling Count,17,1,4.058,,1
S280851263,American Crow,Corvus brachyrhynchos,21557,2,US-CA,San Diego,L6351012,Batiquitos Lagoon--Cholla Point,33.0935914,-117.2709236,2025-10-22,01:59 PM,eBird - Traveling Count,34,1,1.082,,1
S280415029,American Crow,Corvus brachyrhynchos,21557,6,US-CA,San Diego,L10053177,La Costa Ranch,33.0895832,-117.2502914,2025-10-19,03:57 PM,eBird - Stationary Count,74,1,,,1
S280793659,American Crow,Corvus brachyrhynchos,21557,5,US-CA,San Diego,L10053177,La Costa Ranch,33.0895832,-117.2502914,2025-10-22,07:18 AM,eBird - Traveling Count,12,1,.225,,1
S310405370,American Crow,Corvus brachyrhynchos,21557,9,US-CA,San Francisco,L60484350,"Internet Archive, San Francisco, California, US (37.782, -122.472)",37.782363,-122.4717618,2026-03-18,11:16 AM,eBird - Traveling Count,110,1,1.828,,1
S311102949,American Crow,Corvus brachyrhynchos,21557,1,US-CA,San Francisco,L60484350,"Internet Archive, San Francisco, California, US (37.782, -122.472)",37.782363,-122.4717618,2026-03-20,12:42 PM,eBird - Traveling Count,11,1,.193,,1,,,Very hot during the lunch break walk around the internet archive.
S180824684,American Crow,Corvus brachyrhynchos,21557,3,US-MA,Suffolk,L33185579,"91 Harborside Drive, Boston, Massachusetts, US (42.359, -71.029)",42.359204,-71.0287974,2024-06-11,12:43 PM,eBird - Traveling Count,35,1,2.351,,1
S295252172,American Crow,Corvus brachyrhynchos,21557,1,US-MD,Washington,L57442056,"3106 Chestnut Grove Road, Keedysville, Maryland, US (39.4, -77.703)",39.3995503,-77.7026681,2026-01-17,02:05 PM,eBird - Stationary Count,15,1,,,1
S175564443,American Crow,Corvus brachyrhynchos,21557,2,US-MD,Washington,L31950817,"3716 Harpers Ferry Road, Sharpsburg, Maryland, US (39.415, -77.737)",39.4153833,-77.7371018,2024-05-19,07:57 AM,eBird - Stationary Count,90,1,,,1
S175728697,American Crow,Corvus brachyrhynchos,21557,1,US-MD,Washington,L31950817,"3716 Harpers Ferry Road, Sharpsburg, Maryland, US (39.415, -77.737)",39.4153833,-77.7371018,2024-05-19,01:18 PM,eBird - Traveling Count,172,1,6.436,,3
S177419574,American Crow,Corvus brachyrhynchos,21557,1,US-MD,Washington,L31950817,"3716 Harpers Ferry Road, Sharpsburg, Maryland, US (39.415, -77.737)",39.4153833,-77.7371018,2024-05-26,06:06 PM,eBird - Traveling Count,15,0,12.975,,1
S183379922,American Crow,Corvus brachyrhynchos,21557,4,US-MD,Washington,L31950817,"3716 Harpers Ferry Road, Sharpsburg, Maryland, US (39.415, -77.737)",39.4153833,-77.7371018,2024-06-23,05:41 PM,eBird - Casual Observation,,0,,,1
S193754988,American Crow,Corvus brachyrhynchos,21557,4,US-MD,Washington,L31950817,"3716 Harpers Ferry Road, Sharpsburg, Maryland, US (39.415, -77.737)",39.4153833,-77.7371018,2024-09-02,03:51 PM,eBird - Casual Observation,,0,,,1
S252687295,American Crow,Corvus brachyrhynchos,21557,2,US-MD,Washington,L31950817,"3716 Harpers Ferry Road, Sharpsburg, Maryland, US (39.415, -77.737)",39.4153833,-77.7371018,2025-06-21,08:44 AM,eBird - Stationary Count,31,1,,,1
S275759758,American Crow,Corvus brachyrhynchos,21557,4,US-MD,Washington,L31950817,"3716 Harpers Ferry Road, Sharpsburg, Maryland, US (39.415, -77.737)",39.4153833,-77.7371018,2025-09-27,09:16 AM,eBird - Stationary Count,14,1,,,1
S288402383,American Crow,Corvus brachyrhynchos,21557,6,US-MD,Washington,L47901776,"3909 Mills Road, Sharpsburg, Maryland, US (39.42, -77.725)",39.4204997,-77.7254397,2025-12-13,10:46 AM,eBird - Traveling Count,3,1,2.607,,1
S290209793,American Crow,Corvus brachyrhynchos,21557,5,US-MD,Washington,L9230656,Antietam National Battlefield--Cornfield Trail,39.4871863,-77.749304,2025-12-25,02:59 PM,eBird - Traveling Count,51,1,39.817,,2
S257633796,American Crow,Corvus brachyrhynchos,21557,1,US-MD,Washington,L5825627,Antietam National Battlefield--Snavely Ford Trail,39.449291,-77.7314029,2025-07-06,04:30 PM,eBird - Traveling Count,39,1,1.113,,1
S197672933,American Crow,Corvus brachyrhynchos,21557,X,US-MD,Washington,L512641,C&O Canal--Antietam Creek,39.417434,-77.745801,2024-10-05,05:15 PM,eBird - Traveling Count,60,1,6.26,,3,,So many crows
S203796974,American Crow,Corvus brachyrhynchos,21557,4,US-MD,Washington,L512641,C&O Canal--Antietam Creek,39.417434,-77.745801,2024-11-02,04:11 PM,eBird - Traveling Count,111,1,2.35,,1
S272056950,American Crow,Corvus brachyrhynchos,21557,2,US-MD,Washington,L7545582,Fort Frederick State Park,39.6103016,-78.0052128,2025-09-07,12:29 PM,eBird - Traveling Count,30,1,1.335,,1
S294752709,American Crow,Corvus brachyrhynchos,21557,3,US-MD,Washington,L57331192,"John Brown Farm, Sharpsburg, Maryland, US (39.371, -77.722)",39.3708534,-77.7217407,2026-01-17,01:30 PM,eBird - Traveling Count,23,1,1.456,,2
S206657640,American Crow,Corvus brachyrhynchos,21557,6,US-MD,Washington,L1135587,Mt. Briar Wetlands Preserve,39.4412971,-77.6814508,2024-12-26,02:03 PM,eBird - Traveling Count,12,1,10.432,,1
S180559345,American Crow,Corvus brachyrhynchos,21557,11,US-MD,Washington,L33056912,"Rohrbach Campground, Sharpsburg, Maryland, US (39.454, -77.731)",39.4543401,-77.7314234,2024-06-09,09:12 AM,eBird - Traveling Count,60,1,.298,,1
S184417488,American Crow,Corvus brachyrhynchos,21557,1,US-MD,Washington,L33056912,"Rohrbach Campground, Sharpsburg, Maryland, US (39.454, -77.731)",39.4543401,-77.7314234,2024-06-29,03:25 PM,eBird - Stationary Count,35,1,,,1
S300536527,Fish Crow,Corvus ossifragus,21570,1,US-MD,Baltimore,L449294,Fort McHenry NM,39.2625631,-76.5791702,2026-02-14,12:02 PM,eBird - Traveling Count,84,1,1.31,,2
S299140266,Fish Crow,Corvus ossifragus,21570,2,US-FL,Charlotte,L618241,Cedar Point Environmental Park,26.9253511,-82.334868,2026-02-09,08:29 AM,eBird - Traveling Count,114,1,1.533,,2
S298997775,Fish Crow,Corvus ossifragus,21570,8,US-FL,Charlotte,L11416412,Chadwick Park,26.9234331,-82.3579264,2026-02-08,03:52 PM,eBird - Traveling Count,7,1,.107,,2
S299224660,Fish Crow,Corvus ossifragus,21570,8,US-FL,Charlotte,L17495505,Links Lane,26.8642861,-82.2841545,2026-02-09,03:08 PM,eBird - Traveling Count,127,1,.246,,2
S298683570,Fish Crow,Corvus ossifragus,21570,1,US-FL,Charlotte,L21750506,"Live Oak Blvd, Prairie Creek Preserve entrance road",27.005263,-81.929974,2026-02-07,09:07 AM,eBird - Traveling Count,83,1,4.837,,2
S226336345,Fish Crow,Corvus ossifragus,21570,2,US-FL,Charlotte,L617642,Ollie's Pond Park,26.9860616,-82.1496961,2025-04-17,09:25 AM,eBird - Traveling Count,86,1,2.382,,3
S217090868,Fish Crow,Corvus ossifragus,21570,6,US-DC,District of Columbia,L40002483,Lincoln Memorial,38.8892792,-77.0501876,2025-03-07,12:55 PM,eBird - Traveling Count,206,1,3.058,,1
S173683759,Fish Crow,Corvus ossifragus,21570,3,US-DC,District of Columbia,L5658941,TJM a District of Columbia,38.8818381,-77.0346951,2017-04-05,10:30 AM,eBird - Traveling Count,60,1,1.609,,3,,,With Paul Charron And Chris Marcum
S220188015,Fish Crow,Corvus ossifragus,21570,X,US-VA,Fairfax,L718485,Great Falls Park,38.9937,-77.2553,2025-03-22,03:58 PM,eBird - Traveling Count,66,1,1.044,,3,,At least a dozen
S292145747,Fish Crow,Corvus ossifragus,21570,6,US-VA,Fairfax,L718485,Great Falls Park,38.9937,-77.2553,2026-01-03,10:48 AM,eBird - Traveling Count,75,1,1.28,,1
S184336723,Fish Crow,Corvus ossifragus,21570,2,US-MD,Frederick,L281578,Sugarloaf Mt.,39.2626685,-77.3972133,2018-04-01,10:45 AM,eBird - Traveling Count,130,1,4.828,,1
S225882649,Fish Crow,Corvus ossifragus,21570,2,US-FL,Lee,L1084111,Gasparilla Island SP,26.7174771,-82.2609043,2025-04-15,11:20 AM,eBird - Traveling Count,126,1,10.992,,2
S311503812,Fish Crow,Corvus ossifragus,21570,3,US-MD,Montgomery,L33038592,"270 North (39.239, -77.291)",39.2393341,-77.291275,2026-03-21,12:22 PM,eBird - Traveling Count,15,1,18.926,,1,,,Just observing on a quick drive.
S302222394,Fish Crow,Corvus ossifragus,21570,3,US-MD,Montgomery,L57047379,"A Fields Road Elementary, Gaithersburg, Maryland, US (39.119, -77.215)",39.1188882,-77.2150482,2026-02-19,08:34 AM,eBird - Traveling Count,78,1,.82,,1
S302434906,Fish Crow,Corvus ossifragus,21570,2,US-MD,Montgomery,L57047379,"A Fields Road Elementary, Gaithersburg, Maryland, US (39.119, -77.215)",39.1188882,-77.2150482,2026-02-20,09:10 AM,eBird - Traveling Count,91,1,1.206,,1
S303974969,Fish Crow,Corvus ossifragus,21570,1,US-MD,Montgomery,L57047379,"A Fields Road Elementary, Gaithersburg, Maryland, US (39.119, -77.215)",39.1188882,-77.2150482,2026-02-26,08:24 AM,eBird - Traveling Count,24,1,.427,,1
S304364531,Fish Crow,Corvus ossifragus,21570,2,US-MD,Montgomery,L57047379,"A Fields Road Elementary, Gaithersburg, Maryland, US (39.119, -77.215)",39.1188882,-77.2150482,2026-02-27,08:46 AM,eBird - Traveling Count,19,1,.435,,1
S305582448,Fish Crow,Corvus ossifragus,21570,2,US-MD,Montgomery,L57047379,"A Fields Road Elementary, Gaithersburg, Maryland, US (39.119, -77.215)",39.1188882,-77.2150482,2026-03-03,08:42 AM,eBird - Traveling Count,29,1,.426,,1
S218916728,Fish Crow,Corvus ossifragus,21570,1,US-MD,Montgomery,L459907,"Black Hill RP--Little Seneca Lake, Rte.121",39.189427,-77.309455,2025-03-16,01:31 PM,eBird - Traveling Count,39,1,15.224,,1
S316508959,Fish Crow,Corvus ossifragus,21570,2,US-MD,Montgomery,L230151,Blue Mash Nature Trail,39.1939588,-77.1060175,2026-04-03,05:54 PM,eBird - Traveling Count,70,1,2.147,,1
S252450521,Fish Crow,Corvus ossifragus,21570,2,US-MD,Montgomery,L7383392,Bohrer Park,39.1329353,-77.1933532,2025-06-20,08:18 AM,eBird - Traveling Count,20,1,.52,,1
S220359138,Fish Crow,Corvus ossifragus,21570,1,US-MD,Montgomery,L34819685,Brighton Dam Azalea Garden,39.1917702,-77.0070275,2025-03-23,05:06 PM,eBird - Traveling Count,43,1,7.419,,1
S210247451,Fish Crow,Corvus ossifragus,21570,1,US-MD,Montgomery,L214293,C&O Canal--Great Falls,38.9994802,-77.2450634,2022-01-08,09:00 AM,Historical,60,0,3.219
S209075439,Fish Crow,Corvus ossifragus,21570,2,US-MD,Montgomery,L214293,C&O Canal--Great Falls,38.9994802,-77.2450634,2025-01-12,03:40 PM,eBird - Traveling Count,62,1,.966,,1,,,The app stopped working repeatedly. It only recorded the first 6 minutes of our track. It should have recorded an entire 2/3 of a mile hike out and back to Olmsted Island.
S173683785,Fish Crow,Corvus ossifragus,21570,2,US-MD,Montgomery,L360157,C&O Canal--Riley's Lock,39.0682467,-77.3431492,2023-11-23,11:24 AM,eBird - Traveling Count,65,1,.668,,2
S173683775,Fish Crow,Corvus ossifragus,21570,1,US-MD,Montgomery,L192824,C&O Canal--Violette's Lock,39.066803,-77.32951,2023-11-23,12:55 PM,eBird - Traveling Count,20,1,.547,,2
S305086064,Fish Crow,Corvus ossifragus,21570,3,US-MD,Montgomery,L282688,C&O Canal--White's Ferry,39.155215,-77.517221,2026-03-01,01:46 PM,eBird - Traveling Count,25,1,.46,,1
S215914147,Fish Crow,Corvus ossifragus,21570,3,US-MD,Montgomery,L33913928,"Camden Retention Pond, Gaithersburg, Maryland, US (39.12, -77.206)",39.1197497,-77.2064087,2025-02-28,05:47 PM,eBird - Stationary Count,5,1,,,1
S276159786,Fish Crow,Corvus ossifragus,21570,2,US-MD,Montgomery,L33913928,"Camden Retention Pond, Gaithersburg, Maryland, US (39.12, -77.206)",39.1197497,-77.2064087,2025-09-27,11:00 AM,eBird - Traveling Count,37,1,1.082,,1
S314269634,Fish Crow,Corvus ossifragus,21570,2,US-MD,Montgomery,L33913928,"Camden Retention Pond, Gaithersburg, Maryland, US (39.12, -77.206)",39.1197497,-77.2064087,2026-03-29,07:51 AM,eBird - Traveling Count,19,1,.649,,1,,,Very chilly morning. Some frost on the grass. Lots of bird activity though.
S316385681,Fish Crow,Corvus ossifragus,21570,3,US-MD,Montgomery,L33913928,"Camden Retention Pond, Gaithersburg, Maryland, US (39.12, -77.206)",39.1197497,-77.2064087,2026-04-03,01:09 PM,eBird - Traveling Count,39,1,1.061,,1
S176723839,Fish Crow,Corvus ossifragus,21570,1,US-MD,Montgomery,L9055068,Hibiscus court Maryland,39.1187154,-77.2108193,2024-05-24,08:49 AM,eBird - Traveling Count,19,1,.733,,1
S177681042,Fish Crow,Corvus ossifragus,21570,3,US-MD,Montgomery,L9055068,Hibiscus court Maryland,39.1187154,-77.2108193,2024-05-27,04:45 PM,eBird - Traveling Count,89,1,1.979,,1
S178096709,Fish Crow,Corvus ossifragus,21570,2,US-MD,Montgomery,L9055068,Hibiscus court Maryland,39.1187154,-77.2108193,2024-05-29,07:32 PM,eBird - Traveling Count,20,1,.563,,1
S184569567,Fish Crow,Corvus ossifragus,21570,X,US-MD,Montgomery,L9055068,Hibiscus court Maryland,39.1187154,-77.2108193,2024-06-30,10:16 AM,eBird - Traveling Count,22,1,.531,,1
S229607559,Fish Crow,Corvus ossifragus,21570,1,US-MD,Montgomery,L9055068,Hibiscus court Maryland,39.1187154,-77.2108193,2025-04-26,11:07 AM,eBird - Traveling Count,5,1,.272,,1
S232633334,Fish Crow,Corvus ossifragus,21570,1,US-MD,Montgomery,L9055068,Hibiscus court Maryland,39.1187154,-77.2108193,2025-05-03,03:08 PM,eBird - Traveling Count,10,1,.354,,1
S239703804,Fish Crow,Corvus ossifragus,21570,2,US-MD,Montgomery,L9055068,Hibiscus court Maryland,39.1187154,-77.2108193,2025-05-18,10:01 AM,eBird - Stationary Count,30,1,,,1
S253101356,Fish Crow,Corvus ossifragus,21570,1,US-MD,Montgomery,L9055068,Hibiscus court Maryland,39.1187154,-77.2108193,2025-06-22,10:19 AM,eBird - Stationary Count,2,1,,,1
S253652061,Fish Crow,Corvus ossifragus,21570,2,US-MD,Montgomery,L9055068,Hibiscus court Maryland,39.1187154,-77.2108193,2025-06-24,07:41 AM,eBird - Traveling Count,13,1,.508,,1
S254502123,Fish Crow,Corvus ossifragus,21570,2,US-MD,Montgomery,L9055068,Hibiscus court Maryland,39.1187154,-77.2108193,2025-06-27,08:24 AM,eBird - Traveling Count,14,1,.633,,1
S264217115,Fish Crow,Corvus ossifragus,21570,2,US-MD,Montgomery,L9055068,Hibiscus court Maryland,39.1187154,-77.2108193,2025-08-01,11:16 AM,eBird - Stationary Count,12,1,,,1
S292771563,Fish Crow,Corvus ossifragus,21570,1,US-MD,Montgomery,L9055068,Hibiscus court Maryland,39.1187154,-77.2108193,2026-01-06,08:31 AM,eBird - Stationary Count,84,1,,,1
S293088711,Fish Crow,Corvus ossifragus,21570,5,US-MD,Montgomery,L9055068,Hibiscus court Maryland,39.1187154,-77.2108193,2026-01-08,08:04 AM,eBird - Traveling Count,32,1,1.292,,2
S294011741,Fish Crow,Corvus ossifragus,21570,3,US-MD,Montgomery,L9055068,Hibiscus court Maryland,39.1187154,-77.2108193,2026-01-13,08:48 AM,eBird - Traveling Count,16,1,.827,,1
S296397089,Fish Crow,Corvus ossifragus,21570,2,US-MD,Montgomery,L9055068,Hibiscus court Maryland,39.1187154,-77.2108193,2026-01-26,07:26 AM,eBird - Stationary Count,68,1,,,1
S296793655,Fish Crow,Corvus ossifragus,21570,2,US-MD,Montgomery,L9055068,Hibiscus court Maryland,39.1187154,-77.2108193,2026-01-28,07:40 AM,eBird - Stationary Count,10,1,,,1
S297843285,Fish Crow,Corvus ossifragus,21570,2,US-MD,Montgomery,L9055068,Hibiscus court Maryland,39.1187154,-77.2108193,2026-02-03,07:52 AM,eBird - Stationary Count,25,1,,,1
S299526270,Fish Crow,Corvus ossifragus,21570,2,US-MD,Montgomery,L9055068,Hibiscus court Maryland,39.1187154,-77.2108193,2026-02-11,08:47 AM,eBird - Traveling Count,21,1,.585,,1
S299961545,Fish Crow,Corvus ossifragus,21570,7,US-MD,Montgomery,L9055068,Hibiscus court Maryland,39.1187154,-77.2108193,2026-02-13,08:44 AM,eBird - Traveling Count,9,1,.24,,1
S300432928,Fish Crow,Corvus ossifragus,21570,10,US-MD,Montgomery,L9055068,Hibiscus court Maryland,39.1187154,-77.2108193,2026-02-14,10:38 AM,eBird - Traveling Count,9,1,.447,,1
S307587013,Fish Crow,Corvus ossifragus,21570,3,US-MD,Montgomery,L9055068,Hibiscus court Maryland,39.1187154,-77.2108193,2026-03-09,09:15 AM,eBird - Traveling Count,18,1,.498,,1,,,Gorgeous morning. So many resident birds chirping and building nests.
S308298400,Fish Crow,Corvus ossifragus,21570,5,US-MD,Montgomery,L9055068,Hibiscus court Maryland,39.1187154,-77.2108193,2026-03-11,08:44 AM,eBird - Traveling Count,11,1,.415,,1,,,Another beautiful spring morning. It's trash day in my neighborhood so the crows were pretty excited.
S309775448,Fish Crow,Corvus ossifragus,21570,3,US-MD,Montgomery,L9055068,Hibiscus court Maryland,39.1187154,-77.2108193,2026-03-16,10:09 AM,eBird - Traveling Count,37,1,.068,,1
S316727021,Fish Crow,Corvus ossifragus,21570,3,US-MD,Montgomery,L9055068,Hibiscus court Maryland,39.1187154,-77.2108193,2026-04-04,08:41 AM,eBird - Traveling Count,15,1,.656,,1,,,Nice warm morning. Lots of bird activity and a gentle warm rain.
S317291213,Fish Crow,Corvus ossifragus,21570,2,US-MD,Montgomery,L9055068,Hibiscus court Maryland,39.1187154,-77.2108193,2026-04-05,09:26 AM,eBird - Traveling Count,19,1,.322,,2,,,Stormy morning
S177901809,Fish Crow,Corvus ossifragus,21570,2,US-MD,Montgomery,L32512991,"Lake Halcyon, Gaithersburg, Maryland, US (39.12, -77.219)",39.120175,-77.2190739,2024-05-28,07:44 PM,eBird - Traveling Count,60,1,2.044,,1
S303064806,Fish Crow,Corvus ossifragus,21570,33,US-MD,Montgomery,L11978481,"Lakeforest Mall stormwater ponds, Gaithersburg",39.1529726,-77.2085064,2026-02-22,11:21 AM,eBird - Traveling Count,62,1,8.579,,1
S246582636,Fish Crow,Corvus ossifragus,21570,1,US-MD,Montgomery,L31569197,"Malcolm King Park (39.121, -77.212)",39.1205865,-77.212024,2025-06-04,08:20 AM,eBird - Traveling Count,9,1,.554,,1
S250837526,Fish Crow,Corvus ossifragus,21570,2,US-MD,Montgomery,L31569197,"Malcolm King Park (39.121, -77.212)",39.1205865,-77.212024,2025-06-15,05:46 PM,eBird - Traveling Count,36,1,2.063,,1
S252450226,Fish Crow,Corvus ossifragus,21570,9,US-MD,Montgomery,L31569197,"Malcolm King Park (39.121, -77.212)",39.1205865,-77.212024,2025-06-19,07:07 PM,eBird - Traveling Count,39,1,1.35,,1
S290182812,Fish Crow,Corvus ossifragus,21570,1,US-MD,Montgomery,L31569197,"Malcolm King Park (39.121, -77.212)",39.1205865,-77.212024,2025-12-25,12:06 PM,eBird - Traveling Count,27,1,1.078,,1
S302680251,Fish Crow,Corvus ossifragus,21570,3,US-MD,Montgomery,L31569197,"Malcolm King Park (39.121, -77.212)",39.1205865,-77.212024,2026-02-21,08:56 AM,eBird - Traveling Count,15,1,.76,,1
S306793326,Fish Crow,Corvus ossifragus,21570,6,US-MD,Montgomery,L31569197,"Malcolm King Park (39.121, -77.212)",39.1205865,-77.212024,2026-03-07,09:48 AM,eBird - Traveling Count,17,1,.749,,1,,,"Very humid day. Most of the birds are pretty angry about the two red shoulder hawks flying around, filling a nest near the park bench at the shady Grove Park entrance."
S307216901,Fish Crow,Corvus ossifragus,21570,5,US-MD,Montgomery,L31569197,"Malcolm King Park (39.121, -77.212)",39.1205865,-77.212024,2026-03-08,09:51 AM,eBird - Traveling Count,76,1,1.346,,1,,,70f this morning on the walk. Watched a few crows try to take The nest that one of our pairs of red shouldered Hawks are building. The Hawks were not amused.
S315548994,Fish Crow,Corvus ossifragus,21570,1,US-MD,Montgomery,L31569197,"Malcolm King Park (39.121, -77.212)",39.1205865,-77.212024,2026-04-01,09:42 AM,eBird - Traveling Count,28,1,.749,,1
S317554838,Fish Crow,Corvus ossifragus,21570,3,US-MD,Montgomery,L31569197,"Malcolm King Park (39.121, -77.212)",39.1205865,-77.212024,2026-04-05,05:33 PM,eBird - Traveling Count,29,1,.728,,1,,,Beautiful cool but quiet evening after a daytime storm.
S296608543,Fish Crow,Corvus ossifragus,21570,6,US-MD,Montgomery,L57724492,"McKee-Beshers Turnoff, Poolesville, Maryland, US (39.085, -77.422)",39.0847532,-77.4220001,2026-01-27,04:31 PM,eBird - Stationary Count,20,1,,,1
S296602619,Fish Crow,Corvus ossifragus,21570,1,US-MD,Montgomery,L53737414,Royce Hanson Conservation Park at Broad Run,39.1324176,-77.4573434,2026-01-27,03:24 PM,eBird - Traveling Count,36,1,2.222,,1
S241509048,Fish Crow,Corvus ossifragus,21570,1,US-MD,Montgomery,L32507644,"Shady Grove Metro Station, Rockville, Maryland, US (39.121, -77.163)",39.1212152,-77.1634004,2025-05-23,09:18 AM,eBird - Traveling Count,2,1,.173,,1
S304654981,Fish Crow,Corvus ossifragus,21570,3,US-MD,Montgomery,L54114773,"Washington Woods Park, Gaithersburg, Maryland, US (39.113, -77.224)",39.11282,-77.2236712,2026-02-28,11:12 AM,eBird - Traveling Count,82,1,.627,,1
S239253914,Fish Crow,Corvus ossifragus,21570,1,US-MD,Prince George's,L42706061,Patuxent Research Refuge--Central Tract (Restricted Access),39.0491905,-76.7986274,2025-05-17,11:28 AM,eBird - Traveling Count,35,1,3.206,,1
S239213799,Fish Crow,Corvus ossifragus,21570,2,US-MD,Prince George's,L305078,Patuxent Research Refuge--South Tract (National Wildlife Visitor Center),39.0270605,-76.7991731,2025-05-17,08:28 AM,eBird - Traveling Count,149,1,6.502,,1
S179436241,Fish Crow,Corvus ossifragus,21570,2,US-VA,Richmond City,L3542266,James River Park--Pony Pasture,37.550872,-77.5204861,2024-06-04,05:59 PM,eBird - Traveling Count,25,1,.097,,2
S226442082,Fish Crow,Corvus ossifragus,21570,3,US-FL,Sarasota,L444742,Blind Pass Beach Park,26.9634069,-82.3849297,2025-04-17,04:34 PM,eBird - Traveling Count,21,1,.156,,1
S252687295,Fish Crow,Corvus ossifragus,21570,2,US-MD,Washington,L31950817,"3716 Harpers Ferry Road, Sharpsburg, Maryland, US (39.415, -77.737)",39.4153833,-77.7371018,2025-06-21,08:44 AM,eBird - Stationary Count,31,1,,,1
S177414288,Fish Crow,Corvus ossifragus,21570,2,US-MD,Washington,L512641,C&O Canal--Antietam Creek,39.417434,-77.745801,2024-05-26,05:13 PM,eBird - Traveling Count,48,1,1.609,,3
S180295745,Fish Crow,Corvus ossifragus,21570,X,US-MD,Washington,L33056912,"Rohrbach Campground, Sharpsburg, Maryland, US (39.454, -77.731)",39.4543401,-77.7314234,2024-06-09,05:48 AM,eBird - Stationary Count,4,0,,,1
S313854830,Carrion Crow,Corvus corone,21575,2,DE-HE,Frankfurt am Main (Kreisfreie Stadt),L1928180,FRA Flughafen Frankfurt,50.0402362,8.5657399,2026-03-28,11:34 AM,eBird - Traveling Count,45,1,4.836,,1,,,Just a view from the runway.
S192336954,Carrion Crow,Corvus corone,21575,X,FR-IDF,Paris,L35971489,"Montparnasse, Paris, Île-de-France, FR (48.838, 2.326)",48.8382362,2.3260925,2024-01-26,07:32 AM,eBird - Casual Observation,,0,,,1
S273283091,Carrion Crow,Corvus corone,21575,2,CH-VD,,L2545642,Bois de Chênes,46.4377534,6.2347841,2025-09-14,11:21 AM,eBird - Stationary Count,47,1,,,1
S274490359,Carrion Crow,Corvus corone,21575,2,CH-GE,,L9307354,CERN (restricted access),46.2324564,6.0521808,2025-09-16,02:34 PM,eBird - Traveling Count,205,1,5.692,,1
S273320633,Carrion Crow,Corvus corone,21575,3,CH-VD,,L52825255,Domaine La Capitaine,46.4356944,6.2608663,2025-09-14,01:52 PM,eBird - Traveling Count,54,1,1.063,,1
S273926912,Carrion Crow,Corvus corone,21575,6,CH-GE,,L926699,Jetée et Port des Pâquis,46.2102417,6.1546,2025-09-17,07:04 PM,eBird - Traveling Count,124,1,1.278,,1
S273267681,Carrion Crow,Corvus corone,21575,28,CH-VD,,L4446346,Port de Founex,46.3340545,6.2030804,2025-09-14,09:43 AM,eBird - Traveling Count,14,1,19.304,,1
S313599446,Hooded Crow,Corvus cornix,21578,15,DE-BE,Berlin (Kreisfreie Stadt),L24881624,Köllnischer Park,52.5128862,13.4144725,2026-03-27,02:18 PM,eBird - Traveling Count,59,1,2.978,,1
S312470602,Hooded Crow,Corvus cornix,21578,1,DE-BE,Berlin (Kreisfreie Stadt),L13796433,Monbijoupark,52.5230958,13.3960127,2026-03-23,06:57 PM,eBird - Traveling Count,3,1,.145,,1
S312735829,Hooded Crow,Corvus cornix,21578,2,DE-BE,Berlin (Kreisfreie Stadt),L13796487,Museumsinsel--Lustgarten,52.5187318,13.3995658,2026-03-24,03:36 PM,eBird - Traveling Count,119,1,.929,,1
S313499236,Hooded Crow,Corvus cornix,21578,5,DE-BE,Berlin (Kreisfreie Stadt),L13796487,Museumsinsel--Lustgarten,52.5187318,13.3995658,2026-03-26,05:35 PM,eBird - Casual Observation,,0,,,1,,,Very few birds after the storm..
S313007777,Hooded Crow,Corvus cornix,21578,33,DE-BE,Berlin (Kreisfreie Stadt),L29026686,Pariser Platz,52.5162796,13.3776999,2026-03-25,04:30 PM,eBird - Traveling Count,24,1,1.097,,1,,,Very chilly day
S312439613,Hooded Crow,Corvus cornix,21578,17,DE-BE,Berlin (Kreisfreie Stadt),L1478491,Viktoriapark,52.4880789,13.3815891,2026-03-23,04:10 PM,eBird - Traveling Count,38,1,8.571,,1
S313834645,Hooded Crow,Corvus cornix,21578,7,DE-BB,Dahme-Spreewald,L14839150,Flughafen Berlin Brandenburg,52.3648622,13.5122737,2026-03-28,10:02 AM,eBird - Stationary Count,33,1,,,1
S173166674,Hooded Crow,Corvus cornix,21578,1,IS-8,,L31503669,"Vik, IS (63.414, -19.011)",63.4143057,-19.0106412,2023-06-24,07:04 AM,eBird - Casual Observation,,0,,,1,,Just a single hooded Crow in the parking lot of a retail clothing store.
S190756985,Common Raven,Corvus corax,21624,3,US-OR,Clatsop,L2977912,Seaside (town),45.9930925,-123.9230647,2024-08-05,10:58 PM,eBird - Stationary Count,90,0,,,1
S268294117,Common Raven,Corvus corax,21624,1,US-ME,Cumberland,L6199827,Maine Wildlife Park,43.9293181,-70.35254,2025-08-19,01:45 PM,eBird - Traveling Count,103,1,1.256,,4
S195126034,Common Raven,Corvus corax,21624,3,US-UT,Davis,L190743,Antelope Island SP,41.0465405,-112.2383881,2024-09-14,09:32 AM,eBird - Traveling Count,359,0,80.129,,1
S217261941,Common Raven,Corvus corax,21624,1,US-MD,Frederick,L1739857,Catoctin Creek Park,39.392925,-77.5639615,2025-03-08,11:54 AM,eBird - Traveling Count,32,0,43.418,,1
S285631919,Common Raven,Corvus corax,21624,2,US-MD,Frederick,L473415,New Design Road,39.2903356,-77.4676037,2025-11-02,12:56 PM,eBird - Traveling Count,207,1,7.02,,1
S206655156,Common Raven,Corvus corax,21624,2,US-MD,Frederick,L38875040,"Washington National Pike, Frederick, Maryland, US (39.358, -77.396)",39.3577117,-77.3958282,2024-12-26,01:37 PM,eBird - Traveling Count,18,1,30.209,,1
S192063566,Common Raven,Corvus corax,21624,1,US-NH,Grafton,L926014,"Cannon Mt., Franconia",44.1566853,-71.6987032,2024-08-19,09:41 AM,eBird - Stationary Count,183,1,,,1,,,"This was a very quick trip specifically to see the thrush at the top of the mountain. There was a raven there as well. And there was a chickadee calling on the way up, which I did not see but I could hear very distinctly."
S314856678,Common Raven,Corvus corax,21624,1,US-MD,Howard,L716095,Patapsco Valley SP--Hollofield Section,39.2954172,-76.7864513,2026-03-30,01:49 PM,eBird - Traveling Count,78,1,.61,,1,,,Gorgeous day but no birds..
S180197187,Common Raven,Corvus corax,21624,2,US-MD,Montgomery,L33038592,"270 North (39.239, -77.291)",39.2393341,-77.291275,2024-06-08,10:32 AM,eBird - Traveling Count,57,0,68.459,,1
S206651820,Common Raven,Corvus corax,21624,1,US-MD,Montgomery,L33038592,"270 North (39.239, -77.291)",39.2393341,-77.291275,2024-12-26,01:09 PM,eBird - Traveling Count,23,0,21.457,,1
S175192347,Common Raven,Corvus corax,21624,2,US-MD,Montgomery,L31909282,"9679 Lost Knife Road, Montgomery Village, Maryland, US (39.153, -77.199)",39.1532211,-77.1989898,2024-05-17,07:19 PM,eBird - Traveling Count,29,1,30.204,,1
S302222394,Common Raven,Corvus corax,21624,1,US-MD,Montgomery,L57047379,"A Fields Road Elementary, Gaithersburg, Maryland, US (39.119, -77.215)",39.1188882,-77.2150482,2026-02-19,08:34 AM,eBird - Traveling Count,78,1,.82,,1
S278435561,Common Raven,Corvus corax,21624,2,US-MD,Montgomery,L285049,Agricultural History Farm Park,39.1610805,-77.1322894,2025-10-10,05:49 PM,eBird - Traveling Count,36,1,1.343,,1
S228011793,Common Raven,Corvus corax,21624,1,US-MD,Montgomery,L3043543,Crabbs Branch Pond,39.122276,-77.1587741,2025-04-21,07:07 PM,eBird - Traveling Count,19,1,.917,,1
S173332427,Common Raven,Corvus corax,21624,1,US-MD,Montgomery,L9055068,Hibiscus court Maryland,39.1187154,-77.2108193,2023-11-22,10:10 AM,eBird - Stationary Count,30,1,,,2
S212334920,Common Raven,Corvus corax,21624,2,US-MD,Montgomery,L9055068,Hibiscus court Maryland,39.1187154,-77.2108193,2025-02-07,02:23 PM,eBird - Traveling Count,70,1,1.77,,1,,There were two Ravens mixed in with a few crows that were mobbing our resident red shoulder hawk. The contrast in size between the crows and the Raven was dramatic and very clearly distinguished them apart.
S297843285,Common Raven,Corvus corax,21624,1,US-MD,Montgomery,L9055068,Hibiscus court Maryland,39.1187154,-77.2108193,2026-02-03,07:52 AM,eBird - Stationary Count,25,1,,,1
S285631806,Common Raven,Corvus corax,21624,2,US-MD,Montgomery,L22161519,Hughes Hollow - McKee Beshers WMA--sunflower area and eastern fields,39.076893,-77.3812916,2025-11-22,12:53 PM,eBird - Traveling Count,53,1,3.085,,2
S245099547,Common Raven,Corvus corax,21624,1,US-MD,Montgomery,L32512991,"Lake Halcyon, Gaithersburg, Maryland, US (39.12, -77.219)",39.120175,-77.2190739,2025-05-31,01:29 PM,eBird - Traveling Count,19,1,.495,,1
S177345442,Common Raven,Corvus corax,21624,1,US-MD,Montgomery,L32384015,"Montgomery County Landfill, Gaithersburg, Maryland, US (39.123, -77.173)",39.1229591,-77.1734085,2024-05-26,01:30 PM,eBird - Traveling Count,14,1,1.384,,1
S214103631,Common Raven,Corvus corax,21624,1,US-MD,Montgomery,L40356991,"River Road, Poolesville, Maryland, US",39.0850753,-77.4193878,2025-02-17,01:15 PM,eBird - Traveling Count,26,1,2.434,,1
S192185217,Common Raven,Corvus corax,21624,4,US-ME,Oxford,L35938426,"8 Bear River Road, Newry, Maine, US (44.488, -70.788)",44.487575,-70.7881486,2024-08-20,03:36 PM,eBird - Traveling Count,34,1,31.777,,2
S175887634,Common Raven,Corvus corax,21624,X,US-AZ,Pima,L211809,Madera Canyon--Proctor Rd.,31.739938,-110.886147,2008-05-01,09:01 AM,Historical,150,1,,,2,,,Corrected checklist to be accurate as historical.
S310405370,Common Raven,Corvus corax,21624,1,US-CA,San Francisco,L60484350,"Internet Archive, San Francisco, California, US (37.782, -122.472)",37.782363,-122.4717618,2026-03-18,11:16 AM,eBird - Traveling Count,110,1,1.828,,1
S311102949,Common Raven,Corvus corax,21624,1,US-CA,San Francisco,L60484350,"Internet Archive, San Francisco, California, US (37.782, -122.472)",37.782363,-122.4717618,2026-03-20,12:42 PM,eBird - Traveling Count,11,1,.193,,1,,,Very hot during the lunch break walk around the internet archive.
S235749233,Common Raven,Corvus corax,21624,1,US-DE,Sussex,L1265319,Cape Henlopen SP--The Point,38.8000272,-75.092376,2025-05-10,02:06 PM,eBird - Traveling Count,42,1,5.472,,1
S183379922,Common Raven,Corvus corax,21624,1,US-MD,Washington,L31950817,"3716 Harpers Ferry Road, Sharpsburg, Maryland, US (39.415, -77.737)",39.4153833,-77.7371018,2024-06-23,05:41 PM,eBird - Casual Observation,,0,,,1
S250341411,Carolina Chickadee,Poecile carolinensis,22060,1,US-MD,Baltimore,L126626,Fort Howard Park,39.199,-76.44,2025-06-14,03:50 PM,eBird - Traveling Count,51,1,1.658,,1
S277297961,Carolina Chickadee,Poecile carolinensis,22060,2,US-MD,Calvert,L285147,Calvert Cliffs State Park,38.3966118,-76.423091,2025-10-04,04:09 PM,eBird - Traveling Count,166,1,3.191,,1
S173683770,Carolina Chickadee,Poecile carolinensis,22060,7,US-DC,District of Columbia,L490336,C&O Canal--Fletcher's Cove (Fletcher's Boathouse),38.9188853,-77.1022224,2017-04-05,01:25 PM,eBird - Traveling Count,75,1,2.414,,3,,,With Paul Charron and Chris Marcum
S220188015,Carolina Chickadee,Poecile carolinensis,22060,X,US-VA,Fairfax,L718485,Great Falls Park,38.9937,-77.2553,2025-03-22,03:58 PM,eBird - Traveling Count,66,1,1.044,,3,,Too many to count in the trees
S292145747,Carolina Chickadee,Poecile carolinensis,22060,5,US-VA,Fairfax,L718485,Great Falls Park,38.9937,-77.2553,2026-01-03,10:48 AM,eBird - Traveling Count,75,1,1.28,,1
S292147729,Carolina Chickadee,Poecile carolinensis,22060,2,US-VA,Fairfax,L718485,Great Falls Park,38.9937,-77.2553,2026-01-03,12:19 PM,eBird - Traveling Count,8,1,.1,,1
S294986972,Carolina Chickadee,Poecile carolinensis,22060,3,US-VA,Fairfax,L718485,Great Falls Park,38.9937,-77.2553,2026-01-18,12:14 PM,eBird - Traveling Count,51,1,.724,,1
S285631919,Carolina Chickadee,Poecile carolinensis,22060,4,US-MD,Frederick,L473415,New Design Road,39.2903356,-77.4676037,2025-11-02,12:56 PM,eBird - Traveling Count,207,1,7.02,,1
S219838300,Carolina Chickadee,Poecile carolinensis,22060,4,US-MD,Montgomery,L41478272,"18303 Muncaster Road, Rockville, Maryland, US (39.152, -77.129)",39.1521235,-77.1293639,2025-03-21,04:45 PM,eBird - Traveling Count,15,1,.676,,1
S245500420,Carolina Chickadee,Poecile carolinensis,22060,1,US-MD,Montgomery,L285049,Agricultural History Farm Park,39.1610805,-77.1322894,2025-06-01,10:11 AM,eBird - Traveling Count,66,1,3.46,,1
S307433161,Carolina Chickadee,Poecile carolinensis,22060,1,US-MD,Montgomery,L1316706,Black Hill Hiker/Biker Trail,39.1941644,-77.2873378,2026-03-08,06:34 PM,eBird - Traveling Count,17,1,.825,,1
S296044910,Carolina Chickadee,Poecile carolinensis,22060,4,US-MD,Montgomery,L595310,Black Hill RP--Boat Ramp area,39.2009491,-77.2941077,2026-01-24,02:29 PM,eBird - Traveling Count,35,1,2.7,,1
S281536379,Carolina Chickadee,Poecile carolinensis,22060,1,US-MD,Montgomery,L459907,"Black Hill RP--Little Seneca Lake, Rte.121",39.189427,-77.309455,2025-10-26,03:54 PM,eBird - Traveling Count,58,1,1.349,,1
S182634611,Carolina Chickadee,Poecile carolinensis,22060,1,US-MD,Montgomery,L7383392,Bohrer Park,39.1329353,-77.1933532,2024-06-20,08:42 AM,eBird - Traveling Count,28,1,1.094,,1
S189398872,Carolina Chickadee,Poecile carolinensis,22060,1,US-MD,Montgomery,L7383392,Bohrer Park,39.1329353,-77.1933532,2024-07-29,08:46 AM,eBird - Traveling Count,15,1,.933,,1
S261740933,Carolina Chickadee,Poecile carolinensis,22060,1,US-MD,Montgomery,L479449,Brewer House Rd. Pond,39.0313193,-77.1145391,2025-07-20,12:03 PM,eBird - Traveling Count,401,1,31.233,,1
S216306884,Carolina Chickadee,Poecile carolinensis,22060,3,US-MD,Montgomery,L34819685,Brighton Dam Azalea Garden,39.1917702,-77.0070275,2025-03-02,01:06 PM,eBird - Traveling Count,66,0,5.263,,1
S220359138,Carolina Chickadee,Poecile carolinensis,22060,1,US-MD,Montgomery,L34819685,Brighton Dam Azalea Garden,39.1917702,-77.0070275,2025-03-23,05:06 PM,eBird - Traveling Count,43,1,7.419,,1
S305134693,Carolina Chickadee,Poecile carolinensis,22060,1,US-MD,Montgomery,L584300,C&O Canal--Edwards Ferry,39.1030006,-77.4737057,2026-03-01,04:03 PM,eBird - Traveling Count,7,1,.224,,1,,,This app is messed up. We were here for 40 minutes. It's saying 7:00.
S209075439,Carolina Chickadee,Poecile carolinensis,22060,5,US-MD,Montgomery,L214293,C&O Canal--Great Falls,38.9994802,-77.2450634,2025-01-12,03:40 PM,eBird - Traveling Count,62,1,.966,,1,,,The app stopped working repeatedly. It only recorded the first 6 minutes of our track. It should have recorded an entire 2/3 of a mile hike out and back to Olmsted Island.
S245692718,Carolina Chickadee,Poecile carolinensis,22060,1,US-MD,Montgomery,L515805,C&O Canal--Mouth of the Monocacy (Mont. Co.),39.221687,-77.451432,2025-06-01,05:35 PM,eBird - Traveling Count,35,1,.52,,1
S289393221,Carolina Chickadee,Poecile carolinensis,22060,1,US-MD,Montgomery,L515805,C&O Canal--Mouth of the Monocacy (Mont. Co.),39.221687,-77.451432,2025-12-20,01:56 PM,eBird - Traveling Count,93,1,3.015,,1
S173683785,Carolina Chickadee,Poecile carolinensis,22060,8,US-MD,Montgomery,L360157,C&O Canal--Riley's Lock,39.0682467,-77.3431492,2023-11-23,11:24 AM,eBird - Traveling Count,65,1,.668,,2
S249924330,Carolina Chickadee,Poecile carolinensis,22060,1,US-MD,Montgomery,L360157,C&O Canal--Riley's Lock,39.0682467,-77.3431492,2025-06-12,07:45 PM,eBird - Traveling Count,61,1,.287,,1
S173683775,Carolina Chickadee,Poecile carolinensis,22060,3,US-MD,Montgomery,L192824,C&O Canal--Violette's Lock,39.066803,-77.32951,2023-11-23,12:55 PM,eBird - Traveling Count,20,1,.547,,2
S217581672,Carolina Chickadee,Poecile carolinensis,22060,3,US-MD,Montgomery,L192824,C&O Canal--Violette's Lock,39.066803,-77.32951,2025-03-09,05:06 PM,eBird - Traveling Count,77,1,.493,,1
S243074956,Carolina Chickadee,Poecile carolinensis,22060,1,US-MD,Montgomery,L192824,C&O Canal--Violette's Lock,39.066803,-77.32951,2025-05-26,11:56 AM,eBird - Traveling Count,55,1,.8,,2
S292971443,Carolina Chickadee,Poecile carolinensis,22060,1,US-MD,Montgomery,L33913928,"Camden Retention Pond, Gaithersburg, Maryland, US (39.12, -77.206)",39.1197497,-77.2064087,2026-01-07,12:17 PM,eBird - Traveling Count,22,1,.58,,1
S314269634,Carolina Chickadee,Poecile carolinensis,22060,2,US-MD,Montgomery,L33913928,"Camden Retention Pond, Gaithersburg, Maryland, US (39.12, -77.206)",39.1197497,-77.2064087,2026-03-29,07:51 AM,eBird - Traveling Count,19,1,.649,,1,,,Very chilly morning. Some frost on the grass. Lots of bird activity though.
S316385681,Carolina Chickadee,Poecile carolinensis,22060,2,US-MD,Montgomery,L33913928,"Camden Retention Pond, Gaithersburg, Maryland, US (39.12, -77.206)",39.1197497,-77.2064087,2026-04-03,01:09 PM,eBird - Traveling Count,39,1,1.061,,1
S223512042,Carolina Chickadee,Poecile carolinensis,22060,2,US-MD,Montgomery,L42214720,"Camp Seneca, Maryland, US (39.177, -77.302)",39.1772081,-77.3018305,2025-04-06,02:51 PM,eBird - Traveling Count,57,1,1.207,,1
S230164377,Carolina Chickadee,Poecile carolinensis,22060,2,US-MD,Montgomery,L42214720,"Camp Seneca, Maryland, US (39.177, -77.302)",39.1772081,-77.3018305,2025-04-27,01:45 PM,eBird - Traveling Count,50,1,.49,,1
S278982875,Carolina Chickadee,Poecile carolinensis,22060,3,US-MD,Montgomery,L29852635,Conservation Lane,39.121784,-77.2222379,2025-10-11,10:58 AM,eBird - Traveling Count,28,0,11.821,,1
S311533358,Carolina Chickadee,Poecile carolinensis,22060,1,US-MD,Montgomery,L56914155,"Crown Woods, Gaithersburg, Maryland, US (39.117, -77.211)",39.1166315,-77.2109226,2026-03-21,01:16 PM,eBird - Traveling Count,8,1,.434,,1,,,Gorgeous walk through crownwoods
S315223385,Carolina Chickadee,Poecile carolinensis,22060,1,US-MD,Montgomery,L42096446,"Dufief Muddy Branch Park, North Potomac, Maryland, US (39.105, -77.236)",39.1045983,-77.2364397,2026-03-31,01:10 PM,eBird - Traveling Count,41,1,.693,,1
S174850650,Carolina Chickadee,Poecile carolinensis,22060,X,US-MD,Montgomery,L9055068,Hibiscus court Maryland,39.1187154,-77.2108193,2024-05-16,08:44 AM,eBird - Traveling Count,18,1,.853,,1
S176115246,Carolina Chickadee,Poecile carolinensis,22060,2,US-MD,Montgomery,L9055068,Hibiscus court Maryland,39.1187154,-77.2108193,2024-05-21,07:09 AM,eBird - Traveling Count,14,1,.694,,1
S176529751,Carolina Chickadee,Poecile carolinensis,22060,X,US-MD,Montgomery,L9055068,Hibiscus court Maryland,39.1187154,-77.2108193,2024-05-23,08:49 AM,eBird - Traveling Count,46,1,1.706,,1
S176723839,Carolina Chickadee,Poecile carolinensis,22060,1,US-MD,Montgomery,L9055068,Hibiscus court Maryland,39.1187154,-77.2108193,2024-05-24,08:49 AM,eBird - Traveling Count,19,1,.733,,1
S181716209,Carolina Chickadee,Poecile carolinensis,22060,1,US-MD,Montgomery,L9055068,Hibiscus court Maryland,39.1187154,-77.2108193,2024-06-15,06:55 PM,eBird - Traveling Count,29,1,.354,,1
S212334920,Carolina Chickadee,Poecile carolinensis,22060,2,US-MD,Montgomery,L9055068,Hibiscus court Maryland,39.1187154,-77.2108193,2025-02-07,02:23 PM,eBird - Traveling Count,70,1,1.77,,1
S232633334,Carolina Chickadee,Poecile carolinensis,22060,1,US-MD,Montgomery,L9055068,Hibiscus court Maryland,39.1187154,-77.2108193,2025-05-03,03:08 PM,eBird - Traveling Count,10,1,.354,,1
S239703804,Carolina Chickadee,Poecile carolinensis,22060,1,US-MD,Montgomery,L9055068,Hibiscus court Maryland,39.1187154,-77.2108193,2025-05-18,10:01 AM,eBird - Stationary Count,30,1,,,1
S240755396,Carolina Chickadee,Poecile carolinensis,22060,2,US-MD,Montgomery,L9055068,Hibiscus court Maryland,39.1187154,-77.2108193,2025-05-20,07:29 PM,eBird - Traveling Count,22,1,.981,,1
S245892700,Carolina Chickadee,Poecile carolinensis,22060,1,US-MD,Montgomery,L9055068,Hibiscus court Maryland,39.1187154,-77.2108193,2025-06-02,09:09 AM,eBird - Traveling Count,9,1,.177,,1
S251339864,Carolina Chickadee,Poecile carolinensis,22060,1,US-MD,Montgomery,L9055068,Hibiscus court Maryland,39.1187154,-77.2108193,2025-06-17,08:28 AM,eBird - Traveling Count,6,1,.278,,1
S293088711,Carolina Chickadee,Poecile carolinensis,22060,2,US-MD,Montgomery,L9055068,Hibiscus court Maryland,39.1187154,-77.2108193,2026-01-08,08:04 AM,eBird - Traveling Count,32,1,1.292,,2
S316727021,Carolina Chickadee,Poecile carolinensis,22060,1,US-MD,Montgomery,L9055068,Hibiscus court Maryland,39.1187154,-77.2108193,2026-04-04,08:41 AM,eBird - Traveling Count,15,1,.656,,1,,,Nice warm morning. Lots of bird activity and a gentle warm rain.
S194193514,Carolina Chickadee,Poecile carolinensis,22060,4,US-MD,Montgomery,L126620,Hughes Hollow - McKee Beshers WMA,39.0803767,-77.4035096,2024-09-06,05:47 PM,eBird - Traveling Count,56,1,3.219,,4
S253053193,Carolina Chickadee,Poecile carolinensis,22060,2,US-MD,Montgomery,L126620,Hughes Hollow - McKee Beshers WMA,39.0803767,-77.4035096,2025-06-22,06:50 AM,eBird - Traveling Count,99,1,1.237,,1
S259644861,Carolina Chickadee,Poecile carolinensis,22060,1,US-MD,Montgomery,L126620,Hughes Hollow - McKee Beshers WMA,39.0803767,-77.4035096,2025-07-13,03:26 PM,eBird - Traveling Count,15,1,.342,,2
S312069147,Carolina Chickadee,Poecile carolinensis,22060,1,US-MD,Montgomery,L126620,Hughes Hollow - McKee Beshers WMA,39.0803767,-77.4035096,2026-03-22,12:35 PM,eBird - Traveling Count,36,1,.657,,2
S285631806,Carolina Chickadee,Poecile carolinensis,22060,1,US-MD,Montgomery,L22161519,Hughes Hollow - McKee Beshers WMA--sunflower area and eastern fields,39.076893,-77.3812916,2025-11-22,12:53 PM,eBird - Traveling Count,53,1,3.085,,2
S249988814,Carolina Chickadee,Poecile carolinensis,22060,1,US-MD,Montgomery,L32512991,"Lake Halcyon, Gaithersburg, Maryland, US (39.12, -77.219)",39.120175,-77.2190739,2025-06-13,06:13 PM,eBird - Traveling Count,12,1,.584,,1
S276176191,Carolina Chickadee,Poecile carolinensis,22060,1,US-MD,Montgomery,L53412458,"Little Bennett Park Day Use Area, Clarksburg, Maryland, US (39.26, -77.302)",39.2601836,-77.3018111,2025-09-28,06:19 PM,eBird - Traveling Count,51,1,1.785,,1
S290043654,Carolina Chickadee,Poecile carolinensis,22060,5,US-MD,Montgomery,L2769057,Little Bennett RP--Western Piedmont Trail,39.27653,-77.3071432,2025-12-24,03:04 PM,eBird - Traveling Count,57,1,1.525,,2
S315322313,Carolina Chickadee,Poecile carolinensis,22060,6,US-MD,Montgomery,L2769057,Little Bennett RP--Western Piedmont Trail,39.27653,-77.3071432,2026-03-31,06:10 PM,eBird - Traveling Count,67,1,.97,,1
S174220089,Carolina Chickadee,Poecile carolinensis,22060,X,US-MD,Montgomery,L31569197,"Malcolm King Park (39.121, -77.212)",39.1205865,-77.212024,2024-05-13,08:59 AM,eBird - Traveling Count,13,1,.803,,1,,,Another day another Cardinal LOL.
S183763373,Carolina Chickadee,Poecile carolinensis,22060,1,US-MD,Montgomery,L31569197,"Malcolm King Park (39.121, -77.212)",39.1205865,-77.212024,2024-06-25,07:00 PM,eBird - Traveling Count,23,1,.837,,1
S225232220,Carolina Chickadee,Poecile carolinensis,22060,1,US-MD,Montgomery,L31569197,"Malcolm King Park (39.121, -77.212)",39.1205865,-77.212024,2025-04-13,10:38 AM,eBird - Traveling Count,35,1,.805,,2
S246582636,Carolina Chickadee,Poecile carolinensis,22060,1,US-MD,Montgomery,L31569197,"Malcolm King Park (39.121, -77.212)",39.1205865,-77.212024,2025-06-04,08:20 AM,eBird - Traveling Count,9,1,.554,,1
S250837526,Carolina Chickadee,Poecile carolinensis,22060,1,US-MD,Montgomery,L31569197,"Malcolm King Park (39.121, -77.212)",39.1205865,-77.212024,2025-06-15,05:46 PM,eBird - Traveling Count,36,1,2.063,,1
S252450226,Carolina Chickadee,Poecile carolinensis,22060,1,US-MD,Montgomery,L31569197,"Malcolm King Park (39.121, -77.212)",39.1205865,-77.212024,2025-06-19,07:07 PM,eBird - Traveling Count,39,1,1.35,,1
S253943888,Carolina Chickadee,Poecile carolinensis,22060,1,US-MD,Montgomery,L31569197,"Malcolm King Park (39.121, -77.212)",39.1205865,-77.212024,2025-06-25,08:14 AM,eBird - Traveling Count,12,1,.602,,1
S255759518,Carolina Chickadee,Poecile carolinensis,22060,1,US-MD,Montgomery,L31569197,"Malcolm King Park (39.121, -77.212)",39.1205865,-77.212024,2025-06-30,08:01 PM,eBird - Traveling Count,20,1,1.035,,1
S290182812,Carolina Chickadee,Poecile carolinensis,22060,4,US-MD,Montgomery,L31569197,"Malcolm King Park (39.121, -77.212)",39.1205865,-77.212024,2025-12-25,12:06 PM,eBird - Traveling Count,27,1,1.078,,1
S302680251,Carolina Chickadee,Poecile carolinensis,22060,1,US-MD,Montgomery,L31569197,"Malcolm King Park (39.121, -77.212)",39.1205865,-77.212024,2026-02-21,08:56 AM,eBird - Traveling Count,15,1,.76,,1
S306793326,Carolina Chickadee,Poecile carolinensis,22060,2,US-MD,Montgomery,L31569197,"Malcolm King Park (39.121, -77.212)",39.1205865,-77.212024,2026-03-07,09:48 AM,eBird - Traveling Count,17,1,.749,,1,,,"Very humid day. Most of the birds are pretty angry about the two red shoulder hawks flying around, filling a nest near the park bench at the shady Grove Park entrance."
S296608543,Carolina Chickadee,Poecile carolinensis,22060,1,US-MD,Montgomery,L57724492,"McKee-Beshers Turnoff, Poolesville, Maryland, US (39.085, -77.422)",39.0847532,-77.4220001,2026-01-27,04:31 PM,eBird - Stationary Count,20,1,,,1
S219612076,Carolina Chickadee,Poecile carolinensis,22060,3,US-MD,Montgomery,L11101726,Muddy Branch Park,39.113044,-77.226531,2025-03-20,11:04 AM,eBird - Traveling Count,26,1,.547,,1
S216321009,Carolina Chickadee,Poecile carolinensis,22060,1,US-MD,Montgomery,L453705,Patuxent River SP--Rte. 97 (Montgomery Co.),39.2380827,-77.0571345,2025-03-02,02:47 PM,eBird - Traveling Count,43,1,1.497,,1
S214121244,Carolina Chickadee,Poecile carolinensis,22060,1,US-MD,Montgomery,L40358682,"River Road, Poolesville, Maryland, US (39.113, -77.476)",39.1133163,-77.4764549,2025-02-17,02:13 PM,eBird - Traveling Count,42,1,8.047,,1
S296602619,Carolina Chickadee,Poecile carolinensis,22060,2,US-MD,Montgomery,L53737414,Royce Hanson Conservation Park at Broad Run,39.1324176,-77.4573434,2026-01-27,03:24 PM,eBird - Traveling Count,36,1,2.222,,1
S283561628,Carolina Chickadee,Poecile carolinensis,22060,4,US-MD,Montgomery,L505316,Seneca Creek SP--Clopper Lake,39.142381,-77.252465,2025-11-08,03:09 PM,eBird - Traveling Count,18,1,.151,,1
S230664462,Carolina Chickadee,Poecile carolinensis,22060,1,US-MD,Montgomery,L41905651,"Seneca Greenway Trail, Gaithersburg, Maryland, US (39.167, -77.229)",39.1672893,-77.2288242,2025-04-28,06:28 PM,eBird - Traveling Count,80,1,2.317,,1
S203796738,Carolina Chickadee,Poecile carolinensis,22060,12,US-MD,Montgomery,L2055457,Sycamore Landing Rd. fields,39.0839717,-77.4146461,2024-11-27,02:08 PM,eBird - Traveling Count,89,1,4.361,,2
S314372032,Carolina Chickadee,Poecile carolinensis,22060,2,US-MD,Montgomery,L48823610,Washington Grove Conservation Park,39.136651,-77.171927,2026-03-29,10:35 AM,eBird - Traveling Count,47,1,1.727,,1
S304654981,Carolina Chickadee,Poecile carolinensis,22060,1,US-MD,Montgomery,L54114773,"Washington Woods Park, Gaithersburg, Maryland, US (39.113, -77.224)",39.11282,-77.2236712,2026-02-28,11:12 AM,eBird - Traveling Count,82,1,.627,,1
S239213799,Carolina Chickadee,Poecile carolinensis,22060,2,US-MD,Prince George's,L305078,Patuxent Research Refuge--South Tract (National Wildlife Visitor Center),39.0270605,-76.7991731,2025-05-17,08:28 AM,eBird - Traveling Count,149,1,6.502,,1
S235898093,Carolina Chickadee,Poecile carolinensis,22060,1,US-DE,Sussex,L2390607,Cape Henlopen SP--Gordon's Pond Beach,38.7424051,-75.0801587,2025-05-10,05:41 PM,eBird - Traveling Count,56,1,.719,,2
S295252172,Carolina Chickadee,Poecile carolinensis,22060,4,US-MD,Washington,L57442056,"3106 Chestnut Grove Road, Keedysville, Maryland, US (39.4, -77.703)",39.3995503,-77.7026681,2026-01-17,02:05 PM,eBird - Stationary Count,15,1,,,1
S175564443,Carolina Chickadee,Poecile carolinensis,22060,1,US-MD,Washington,L31950817,"3716 Harpers Ferry Road, Sharpsburg, Maryland, US (39.415, -77.737)",39.4153833,-77.7371018,2024-05-19,07:57 AM,eBird - Stationary Count,90,1,,,1
S177419574,Carolina Chickadee,Poecile carolinensis,22060,X,US-MD,Washington,L31950817,"3716 Harpers Ferry Road, Sharpsburg, Maryland, US (39.415, -77.737)",39.4153833,-77.7371018,2024-05-26,06:06 PM,eBird - Traveling Count,15,0,12.975,,1
S183379922,Carolina Chickadee,Poecile carolinensis,22060,X,US-MD,Washington,L31950817,"3716 Harpers Ferry Road, Sharpsburg, Maryland, US (39.415, -77.737)",39.4153833,-77.7371018,2024-06-23,05:41 PM,eBird - Casual Observation,,0,,,1
S221934041,Carolina Chickadee,Poecile carolinensis,22060,2,US-MD,Washington,L31950817,"3716 Harpers Ferry Road, Sharpsburg, Maryland, US (39.415, -77.737)",39.4153833,-77.7371018,2025-03-30,03:58 PM,eBird - Traveling Count,76,1,.07,,1
S252687295,Carolina Chickadee,Poecile carolinensis,22060,1,US-MD,Washington,L31950817,"3716 Harpers Ferry Road, Sharpsburg, Maryland, US (39.415, -77.737)",39.4153833,-77.7371018,2025-06-21,08:44 AM,eBird - Stationary Count,31,1,,,1
S297574933,Carolina Chickadee,Poecile carolinensis,22060,3,US-MD,Washington,L31950817,"3716 Harpers Ferry Road, Sharpsburg, Maryland, US (39.415, -77.737)",39.4153833,-77.7371018,2026-02-01,02:22 PM,eBird - Traveling Count,134,1,.16,,1
S199682839,Carolina Chickadee,Poecile carolinensis,22060,5,US-MD,Washington,L3108412,Antietam National Battlefield--Burnside Bridge,39.4505101,-77.7318442,2024-10-20,03:00 PM,eBird - Traveling Count,160,1,32.895,,3
S290209793,Carolina Chickadee,Poecile carolinensis,22060,3,US-MD,Washington,L9230656,Antietam National Battlefield--Cornfield Trail,39.4871863,-77.749304,2025-12-25,02:59 PM,eBird - Traveling Count,51,1,39.817,,2
S257633796,Carolina Chickadee,Poecile carolinensis,22060,1,US-MD,Washington,L5825627,Antietam National Battlefield--Snavely Ford Trail,39.449291,-77.7314029,2025-07-06,04:30 PM,eBird - Traveling Count,39,1,1.113,,1
S197672933,Carolina Chickadee,Poecile carolinensis,22060,1,US-MD,Washington,L512641,C&O Canal--Antietam Creek,39.417434,-77.745801,2024-10-05,05:15 PM,eBird - Traveling Count,60,1,6.26,,3
S203796974,Carolina Chickadee,Poecile carolinensis,22060,3,US-MD,Washington,L512641,C&O Canal--Antietam Creek,39.417434,-77.745801,2024-11-02,04:11 PM,eBird - Traveling Count,111,1,2.35,,1
S270449595,Carolina Chickadee,Poecile carolinensis,22060,1,US-MD,Washington,L1135534,C&O Canal--Dargan's Bend,39.3650609,-77.7403951,2025-08-30,02:58 PM,eBird - Traveling Count,28,1,.269,,1
S306960721,Carolina Chickadee,Poecile carolinensis,22060,2,US-MD,Washington,L59209237,"Private Yard, Sharpsburg, Maryland, US (39.416, -77.737)",39.4157499,-77.7373156,2026-03-07,04:48 PM,eBird - Traveling Count,41,1,.048,,2
S180559345,Carolina Chickadee,Poecile carolinensis,22060,1,US-MD,Washington,L33056912,"Rohrbach Campground, Sharpsburg, Maryland, US (39.454, -77.731)",39.4543401,-77.7314234,2024-06-09,09:12 AM,eBird - Traveling Count,60,1,.298,,1
S255372516,Carolina Chickadee,Poecile carolinensis,22060,1,US-MD,Washington,L33056912,"Rohrbach Campground, Sharpsburg, Maryland, US (39.454, -77.731)",39.4543401,-77.7314234,2025-06-29,02:50 PM,eBird - Traveling Count,58,1,2.214,,1
S278707186,Carolina Chickadee,Poecile carolinensis,22060,2,US-MD,Washington,L456008,Weverton,39.327924,-77.6820087,2025-10-11,04:10 PM,eBird - Stationary Count,8,1,,,1
S272049115,Black-capped Chickadee,Poecile atricapillus,22065,1,US-MD,Allegany,L2462463,Rocky Gap SP--camping loop,39.7113795,-78.6453509,2025-09-06,02:44 PM,eBird - Traveling Count,433,1,2.497,,2
S192398436,Black-capped Chickadee,Poecile atricapillus,22065,X,US-NH,Coos,L35984729,"Dam Road, Errol, New Hampshire, US (44.822, -71.081)",44.8217351,-71.0806811,2024-08-22,04:41 PM,eBird - Stationary Count,63,0,,,2,,Too many fast moving chickadees to count.
S268827654,Black-capped Chickadee,Poecile atricapillus,22065,1,US-NH,Coos,L748384,Dixville Notch--Wildlife Viewing Area,44.8537126,-71.2833416,2025-08-22,03:15 PM,eBird - Traveling Count,52,1,.761,,1
S206613560,Black-capped Chickadee,Poecile atricapillus,22065,2,US-NH,Coos,L12723083,Errol Downtown,44.7801749,-71.1354232,2024-12-20,05:17 PM,eBird - Casual Observation,,0,,,2
S192337224,Black-capped Chickadee,Poecile atricapillus,22065,3,US-NH,Coos,L3547211,"Errol, private yards",44.7891067,-71.1536837,2024-08-19,05:00 PM,eBird - Stationary Count,15,1,,,3
S206174934,Black-capped Chickadee,Poecile atricapillus,22065,9,US-NH,Coos,L3547211,"Errol, private yards",44.7891067,-71.1536837,2024-12-21,09:55 AM,eBird - Stationary Count,70,1,,,4
S268111225,Black-capped Chickadee,Poecile atricapillus,22065,5,US-NH,Coos,L1209933,"Umbagog NWR--Magalloway River Trail, Wentworths Location",44.8424719,-71.0572958,2025-08-18,02:08 PM,eBird - Traveling Count,70,1,1.903,,1
S192063566,Black-capped Chickadee,Poecile atricapillus,22065,1,US-NH,Grafton,L926014,"Cannon Mt., Franconia",44.1566853,-71.6987032,2024-08-19,09:41 AM,eBird - Stationary Count,183,1,,,1,,,"This was a very quick trip specifically to see the thrush at the top of the mountain. There was a raven there as well. And there was a chickadee calling on the way up, which I did not see but I could hear very distinctly."
S221466591,Black-capped Chickadee,Poecile atricapillus,22065,2,US-NY,New York,L1007196,Battery Park City--Nelson A. Rockefeller Jr Park,40.7172332,-74.0166778,2025-03-29,06:49 AM,eBird - Traveling Count,37,0,1.99,,1
S192498775,Black-capped Chickadee,Poecile atricapillus,22065,4,US-ME,Oxford,L486982,Baldpate Mountain (Grafton Township),44.6063572,-70.8978653,2024-08-23,01:10 PM,eBird - Casual Observation,,0,,,2
S195043301,Black-capped Chickadee,Poecile atricapillus,22065,1,US-UT,Salt Lake,L1095190,Red Butte Canyon,40.7740256,-111.8180537,2024-09-13,06:22 PM,eBird - Traveling Count,190,1,10.767,,2
S270449595,Carolina/Black-capped Chickadee,Poecile carolinensis/atricapillus,22076,1,US-MD,Washington,L1135534,C&O Canal--Dargan's Bend,39.3650609,-77.7403951,2025-08-30,02:58 PM,eBird - Traveling Count,28,1,.269,,1
S195043301,Mountain Chickadee,Poecile gambeli,22077,1,US-UT,Salt Lake,L1095190,Red Butte Canyon,40.7740256,-111.8180537,2024-09-13,06:22 PM,eBird - Traveling Count,190,1,10.767,,2
S190802974,Chestnut-backed Chickadee,Poecile rufescens,22094,1,US-OR,Clatsop,L35617970,"268 Beaver Street, Cannon Beach, Oregon, US (45.902, -123.958)",45.9019701,-123.9581253,2024-08-06,01:53 PM,eBird - Casual Observation,,0,,,1
S313599446,Eurasian Blue Tit,Cyanistes caeruleus,22114,2,DE-BE,Berlin (Kreisfreie Stadt),L24881624,Köllnischer Park,52.5128862,13.4144725,2026-03-27,02:18 PM,eBird - Traveling Count,59,1,2.978,,1
S313007777,Eurasian Blue Tit,Cyanistes caeruleus,22114,3,DE-BE,Berlin (Kreisfreie Stadt),L29026686,Pariser Platz,52.5162796,13.3776999,2026-03-25,04:30 PM,eBird - Traveling Count,24,1,1.097,,1,,,Very chilly day
S273320633,Eurasian Blue Tit,Cyanistes caeruleus,22114,1,CH-VD,,L52825255,Domaine La Capitaine,46.4356944,6.2608663,2025-09-14,01:52 PM,eBird - Traveling Count,54,1,1.063,,1
S192416363,Oak Titmouse,Baeolophus inornatus,22150,1,US-CA,Santa Barbara,L7719373,Russack vineyards CA.,34.6390164,-120.1394141,2011-06-01,,Historical,,0,,,4
S272049115,Tufted Titmouse,Baeolophus bicolor,22160,1,US-MD,Allegany,L2462463,Rocky Gap SP--camping loop,39.7113795,-78.6453509,2025-09-06,02:44 PM,eBird - Traveling Count,433,1,2.497,,2
S226336345,Tufted Titmouse,Baeolophus bicolor,22160,1,US-FL,Charlotte,L617642,Ollie's Pond Park,26.9860616,-82.1496961,2025-04-17,09:25 AM,eBird - Traveling Count,86,1,2.382,,3
S292145747,Tufted Titmouse,Baeolophus bicolor,22160,1,US-VA,Fairfax,L718485,Great Falls Park,38.9937,-77.2553,2026-01-03,10:48 AM,eBird - Traveling Count,75,1,1.28,,1
S294986972,Tufted Titmouse,Baeolophus bicolor,22160,1,US-VA,Fairfax,L718485,Great Falls Park,38.9937,-77.2553,2026-01-18,12:14 PM,eBird - Traveling Count,51,1,.724,,1
S304714269,Tufted Titmouse,Baeolophus bicolor,22160,1,US-MD,Frederick,L1739857,Catoctin Creek Park,39.392925,-77.5639615,2026-02-28,02:18 PM,eBird - Traveling Count,54,1,3.215,,1,,,Really nice day about 65° very few birds though at catoctin Park
S250749828,Tufted Titmouse,Baeolophus bicolor,22160,1,US-MD,Frederick,L2756806,Monocacy National Battlefield--Gambrill Mill Trail,39.3688266,-77.3877865,2025-06-15,01:10 PM,eBird - Traveling Count,80,1,1.175,,1
S285631919,Tufted Titmouse,Baeolophus bicolor,22160,2,US-MD,Frederick,L473415,New Design Road,39.2903356,-77.4676037,2025-11-02,12:56 PM,eBird - Traveling Count,207,1,7.02,,1
S184336723,Tufted Titmouse,Baeolophus bicolor,22160,1,US-MD,Frederick,L281578,Sugarloaf Mt.,39.2626685,-77.3972133,2018-04-01,10:45 AM,eBird - Traveling Count,130,1,4.828,,1
S290168731,Tufted Titmouse,Baeolophus bicolor,22160,2,US-MD,Montgomery,L56319480,"17505 Beauvoir Boulevard, Rockville, Maryland, US (39.144, -77.147)",39.14352,-77.1468984,2025-12-25,10:19 AM,eBird - Stationary Count,78,1,,,1
S219838300,Tufted Titmouse,Baeolophus bicolor,22160,1,US-MD,Montgomery,L41478272,"18303 Muncaster Road, Rockville, Maryland, US (39.152, -77.129)",39.1521235,-77.1293639,2025-03-21,04:45 PM,eBird - Traveling Count,15,1,.676,,1
S305295338,Tufted Titmouse,Baeolophus bicolor,22160,2,US-MD,Montgomery,L57047379,"A Fields Road Elementary, Gaithersburg, Maryland, US (39.119, -77.215)",39.1188882,-77.2150482,2026-03-02,08:47 AM,eBird - Traveling Count,13,1,.458,,1
S173968054,Tufted Titmouse,Baeolophus bicolor,22160,X,US-MD,Montgomery,L285049,Agricultural History Farm Park,39.1610805,-77.1322894,2024-05-12,10:26 AM,eBird - Traveling Count,104,1,2.414,,1
S307433161,Tufted Titmouse,Baeolophus bicolor,22160,1,US-MD,Montgomery,L1316706,Black Hill Hiker/Biker Trail,39.1941644,-77.2873378,2026-03-08,06:34 PM,eBird - Traveling Count,17,1,.825,,1
S233083528,Tufted Titmouse,Baeolophus bicolor,22160,X,US-MD,Montgomery,L196528,Black Hill Regional Park,39.192365,-77.295757,2025-05-04,12:18 PM,eBird - Traveling Count,64,1,3.541,,1
S261740933,Tufted Titmouse,Baeolophus bicolor,22160,2,US-MD,Montgomery,L479449,Brewer House Rd. Pond,39.0313193,-77.1145391,2025-07-20,12:03 PM,eBird - Traveling Count,401,1,31.233,,1
S216306884,Tufted Titmouse,Baeolophus bicolor,22160,6,US-MD,Montgomery,L34819685,Brighton Dam Azalea Garden,39.1917702,-77.0070275,2025-03-02,01:06 PM,eBird - Traveling Count,66,0,5.263,,1
S220359138,Tufted Titmouse,Baeolophus bicolor,22160,1,US-MD,Montgomery,L34819685,Brighton Dam Azalea Garden,39.1917702,-77.0070275,2025-03-23,05:06 PM,eBird - Traveling Count,43,1,7.419,,1
S233615339,Tufted Titmouse,Baeolophus bicolor,22160,2,US-MD,Montgomery,L584300,C&O Canal--Edwards Ferry,39.1030006,-77.4737057,2025-05-05,06:00 PM,eBird - Traveling Count,42,1,1.493,,1
S305134693,Tufted Titmouse,Baeolophus bicolor,22160,2,US-MD,Montgomery,L584300,C&O Canal--Edwards Ferry,39.1030006,-77.4737057,2026-03-01,04:03 PM,eBird - Traveling Count,7,1,.224,,1,,,This app is messed up. We were here for 40 minutes. It's saying 7:00.
S210247451,Tufted Titmouse,Baeolophus bicolor,22160,1,US-MD,Montgomery,L214293,C&O Canal--Great Falls,38.9994802,-77.2450634,2022-01-08,09:00 AM,Historical,60,0,3.219
S209075439,Tufted Titmouse,Baeolophus bicolor,22160,1,US-MD,Montgomery,L214293,C&O Canal--Great Falls,38.9994802,-77.2450634,2025-01-12,03:40 PM,eBird - Traveling Count,62,1,.966,,1,,,The app stopped working repeatedly. It only recorded the first 6 minutes of our track. It should have recorded an entire 2/3 of a mile hike out and back to Olmsted Island.
S245692718,Tufted Titmouse,Baeolophus bicolor,22160,5,US-MD,Montgomery,L515805,C&O Canal--Mouth of the Monocacy (Mont. Co.),39.221687,-77.451432,2025-06-01,05:35 PM,eBird - Traveling Count,35,1,.52,,1
S173683785,Tufted Titmouse,Baeolophus bicolor,22160,1,US-MD,Montgomery,L360157,C&O Canal--Riley's Lock,39.0682467,-77.3431492,2023-11-23,11:24 AM,eBird - Traveling Count,65,1,.668,,2
S173683775,Tufted Titmouse,Baeolophus bicolor,22160,2,US-MD,Montgomery,L192824,C&O Canal--Violette's Lock,39.066803,-77.32951,2023-11-23,12:55 PM,eBird - Traveling Count,20,1,.547,,2
S217581672,Tufted Titmouse,Baeolophus bicolor,22160,1,US-MD,Montgomery,L192824,C&O Canal--Violette's Lock,39.066803,-77.32951,2025-03-09,05:06 PM,eBird - Traveling Count,77,1,.493,,1
S243074956,Tufted Titmouse,Baeolophus bicolor,22160,2,US-MD,Montgomery,L192824,C&O Canal--Violette's Lock,39.066803,-77.32951,2025-05-26,11:56 AM,eBird - Traveling Count,55,1,.8,,2
S305086064,Tufted Titmouse,Baeolophus bicolor,22160,1,US-MD,Montgomery,L282688,C&O Canal--White's Ferry,39.155215,-77.517221,2026-03-01,01:46 PM,eBird - Traveling Count,25,1,.46,,1
S232647749,Tufted Titmouse,Baeolophus bicolor,22160,1,US-MD,Montgomery,L33913928,"Camden Retention Pond, Gaithersburg, Maryland, US (39.12, -77.206)",39.1197497,-77.2064087,2025-05-03,03:19 PM,eBird - Traveling Count,32,1,1.03,,1
S223512042,Tufted Titmouse,Baeolophus bicolor,22160,3,US-MD,Montgomery,L42214720,"Camp Seneca, Maryland, US (39.177, -77.302)",39.1772081,-77.3018305,2025-04-06,02:51 PM,eBird - Traveling Count,57,1,1.207,,1
S230164377,Tufted Titmouse,Baeolophus bicolor,22160,3,US-MD,Montgomery,L42214720,"Camp Seneca, Maryland, US (39.177, -77.302)",39.1772081,-77.3018305,2025-04-27,01:45 PM,eBird - Traveling Count,50,1,.49,,1
S278982875,Tufted Titmouse,Baeolophus bicolor,22160,1,US-MD,Montgomery,L29852635,Conservation Lane,39.121784,-77.2222379,2025-10-11,10:58 AM,eBird - Traveling Count,28,0,11.821,,1
S293148654,Tufted Titmouse,Baeolophus bicolor,22160,1,US-MD,Montgomery,L56914155,"Crown Woods, Gaithersburg, Maryland, US (39.117, -77.211)",39.1166315,-77.2109226,2026-01-08,02:03 PM,eBird - Traveling Count,7,1,.074,,1
S308724484,Tufted Titmouse,Baeolophus bicolor,22160,2,US-MD,Montgomery,L56914155,"Crown Woods, Gaithersburg, Maryland, US (39.117, -77.211)",39.1166315,-77.2109226,2026-03-13,08:51 AM,eBird - Traveling Count,21,1,.606,,1,,,Looks like the crown woods red shouldered Hawks have lost their first nest and are building a second one in a different tree. Very brisk morning. Lots of alerts from the Hawks neighbors.
S222948122,Tufted Titmouse,Baeolophus bicolor,22160,2,US-MD,Montgomery,L42096446,"Dufief Muddy Branch Park, North Potomac, Maryland, US (39.105, -77.236)",39.1045983,-77.2364397,2025-04-04,03:51 PM,eBird - Traveling Count,26,1,.885,,2
S308124285,Tufted Titmouse,Baeolophus bicolor,22160,1,US-MD,Montgomery,L42096446,"Dufief Muddy Branch Park, North Potomac, Maryland, US (39.105, -77.236)",39.1045983,-77.2364397,2026-03-10,06:10 PM,eBird - Traveling Count,35,1,.668,,1
S199449237,Tufted Titmouse,Baeolophus bicolor,22160,2,US-MD,Montgomery,L9055068,Hibiscus court Maryland,39.1187154,-77.2108193,2024-10-16,08:36 AM,eBird - Casual Observation,,0,,,1
S212334920,Tufted Titmouse,Baeolophus bicolor,22160,1,US-MD,Montgomery,L9055068,Hibiscus court Maryland,39.1187154,-77.2108193,2025-02-07,02:23 PM,eBird - Traveling Count,70,1,1.77,,1
S213498174,Tufted Titmouse,Baeolophus bicolor,22160,2,US-MD,Montgomery,L9055068,Hibiscus court Maryland,39.1187154,-77.2108193,2025-02-15,10:57 AM,eBird - Stationary Count,38,1,,,1
S215913487,Tufted Titmouse,Baeolophus bicolor,22160,1,US-MD,Montgomery,L9055068,Hibiscus court Maryland,39.1187154,-77.2108193,2025-02-28,05:36 PM,eBird - Traveling Count,8,1,.457,,1
S239703804,Tufted Titmouse,Baeolophus bicolor,22160,1,US-MD,Montgomery,L9055068,Hibiscus court Maryland,39.1187154,-77.2108193,2025-05-18,10:01 AM,eBird - Stationary Count,30,1,,,1
S240755396,Tufted Titmouse,Baeolophus bicolor,22160,1,US-MD,Montgomery,L9055068,Hibiscus court Maryland,39.1187154,-77.2108193,2025-05-20,07:29 PM,eBird - Traveling Count,22,1,.981,,1
S245892700,Tufted Titmouse,Baeolophus bicolor,22160,1,US-MD,Montgomery,L9055068,Hibiscus court Maryland,39.1187154,-77.2108193,2025-06-02,09:09 AM,eBird - Traveling Count,9,1,.177,,1
S251339864,Tufted Titmouse,Baeolophus bicolor,22160,1,US-MD,Montgomery,L9055068,Hibiscus court Maryland,39.1187154,-77.2108193,2025-06-17,08:28 AM,eBird - Traveling Count,6,1,.278,,1
S264217115,Tufted Titmouse,Baeolophus bicolor,22160,1,US-MD,Montgomery,L9055068,Hibiscus court Maryland,39.1187154,-77.2108193,2025-08-01,11:16 AM,eBird - Stationary Count,12,1,,,1
S293088711,Tufted Titmouse,Baeolophus bicolor,22160,1,US-MD,Montgomery,L9055068,Hibiscus court Maryland,39.1187154,-77.2108193,2026-01-08,08:04 AM,eBird - Traveling Count,32,1,1.292,,2
S301327375,Tufted Titmouse,Baeolophus bicolor,22160,1,US-MD,Montgomery,L9055068,Hibiscus court Maryland,39.1187154,-77.2108193,2026-02-16,08:38 AM,eBird - Stationary Count,35,1,,,1
S316727021,Tufted Titmouse,Baeolophus bicolor,22160,1,US-MD,Montgomery,L9055068,Hibiscus court Maryland,39.1187154,-77.2108193,2026-04-04,08:41 AM,eBird - Traveling Count,15,1,.656,,1,,,Nice warm morning. Lots of bird activity and a gentle warm rain.
S230178063,Tufted Titmouse,Baeolophus bicolor,22160,2,US-MD,Montgomery,L1404741,Hoyles Mill Conservation Park,39.1771462,-77.319694,2025-04-27,02:46 PM,eBird - Traveling Count,20,1,.418,,1
S227622469,Tufted Titmouse,Baeolophus bicolor,22160,2,US-MD,Montgomery,L126620,Hughes Hollow - McKee Beshers WMA,39.0803767,-77.4035096,2025-04-20,05:15 PM,eBird - Traveling Count,87,1,2.301,,1
S253053193,Tufted Titmouse,Baeolophus bicolor,22160,2,US-MD,Montgomery,L126620,Hughes Hollow - McKee Beshers WMA,39.0803767,-77.4035096,2025-06-22,06:50 AM,eBird - Traveling Count,99,1,1.237,,1
S230262565,Tufted Titmouse,Baeolophus bicolor,22160,3,US-MD,Montgomery,L22161519,Hughes Hollow - McKee Beshers WMA--sunflower area and eastern fields,39.076893,-77.3812916,2025-04-27,03:44 PM,eBird - Traveling Count,78,1,3.75,,3
S285631806,Tufted Titmouse,Baeolophus bicolor,22160,3,US-MD,Montgomery,L22161519,Hughes Hollow - McKee Beshers WMA--sunflower area and eastern fields,39.076893,-77.3812916,2025-11-22,12:53 PM,eBird - Traveling Count,53,1,3.085,,2
S245099547,Tufted Titmouse,Baeolophus bicolor,22160,2,US-MD,Montgomery,L32512991,"Lake Halcyon, Gaithersburg, Maryland, US (39.12, -77.219)",39.120175,-77.2190739,2025-05-31,01:29 PM,eBird - Traveling Count,19,1,.495,,1
S303064806,Tufted Titmouse,Baeolophus bicolor,22160,1,US-MD,Montgomery,L11978481,"Lakeforest Mall stormwater ponds, Gaithersburg",39.1529726,-77.2085064,2026-02-22,11:21 AM,eBird - Traveling Count,62,1,8.579,,1
S290043654,Tufted Titmouse,Baeolophus bicolor,22160,1,US-MD,Montgomery,L2769057,Little Bennett RP--Western Piedmont Trail,39.27653,-77.3071432,2025-12-24,03:04 PM,eBird - Traveling Count,57,1,1.525,,2
S315322313,Tufted Titmouse,Baeolophus bicolor,22160,5,US-MD,Montgomery,L2769057,Little Bennett RP--Western Piedmont Trail,39.27653,-77.3071432,2026-03-31,06:10 PM,eBird - Traveling Count,67,1,.97,,1
S173483643,Tufted Titmouse,Baeolophus bicolor,22160,X,US-MD,Montgomery,L31569197,"Malcolm King Park (39.121, -77.212)",39.1205865,-77.212024,2024-05-11,09:34 AM,eBird - Traveling Count,37,1,1.189,,2,,,Just our daily morning dog walk!
S174427926,Tufted Titmouse,Baeolophus bicolor,22160,X,US-MD,Montgomery,L31569197,"Malcolm King Park (39.121, -77.212)",39.1205865,-77.212024,2024-05-14,07:33 AM,eBird - Traveling Count,16,1,.805,,1
S184845781,Tufted Titmouse,Baeolophus bicolor,22160,1,US-MD,Montgomery,L31569197,"Malcolm King Park (39.121, -77.212)",39.1205865,-77.212024,2024-07-01,06:57 PM,eBird - Traveling Count,60,1,.06,,1
S212659650,Tufted Titmouse,Baeolophus bicolor,22160,1,US-MD,Montgomery,L31569197,"Malcolm King Park (39.121, -77.212)",39.1205865,-77.212024,2025-02-09,02:21 PM,eBird - Traveling Count,39,1,2.06,,1
S246582636,Tufted Titmouse,Baeolophus bicolor,22160,2,US-MD,Montgomery,L31569197,"Malcolm King Park (39.121, -77.212)",39.1205865,-77.212024,2025-06-04,08:20 AM,eBird - Traveling Count,9,1,.554,,1
S249019190,Tufted Titmouse,Baeolophus bicolor,22160,1,US-MD,Montgomery,L31569197,"Malcolm King Park (39.121, -77.212)",39.1205865,-77.212024,2025-06-10,07:24 PM,eBird - Traveling Count,34,1,1.754,,1
S252450226,Tufted Titmouse,Baeolophus bicolor,22160,3,US-MD,Montgomery,L31569197,"Malcolm King Park (39.121, -77.212)",39.1205865,-77.212024,2025-06-19,07:07 PM,eBird - Traveling Count,39,1,1.35,,1
S255759518,Tufted Titmouse,Baeolophus bicolor,22160,2,US-MD,Montgomery,L31569197,"Malcolm King Park (39.121, -77.212)",39.1205865,-77.212024,2025-06-30,08:01 PM,eBird - Traveling Count,20,1,1.035,,1
S282549377,Tufted Titmouse,Baeolophus bicolor,22160,1,US-MD,Montgomery,L31569197,"Malcolm King Park (39.121, -77.212)",39.1205865,-77.212024,2025-11-02,10:30 AM,eBird - Traveling Count,24,1,.873,,1
S290182812,Tufted Titmouse,Baeolophus bicolor,22160,2,US-MD,Montgomery,L31569197,"Malcolm King Park (39.121, -77.212)",39.1205865,-77.212024,2025-12-25,12:06 PM,eBird - Traveling Count,27,1,1.078,,1
S307216901,Tufted Titmouse,Baeolophus bicolor,22160,1,US-MD,Montgomery,L31569197,"Malcolm King Park (39.121, -77.212)",39.1205865,-77.212024,2026-03-08,09:51 AM,eBird - Traveling Count,76,1,1.346,,1,,,70f this morning on the walk. Watched a few crows try to take The nest that one of our pairs of red shouldered Hawks are building. The Hawks were not amused.
S219612076,Tufted Titmouse,Baeolophus bicolor,22160,2,US-MD,Montgomery,L11101726,Muddy Branch Park,39.113044,-77.226531,2025-03-20,11:04 AM,eBird - Traveling Count,26,1,.547,,1
S216321009,Tufted Titmouse,Baeolophus bicolor,22160,1,US-MD,Montgomery,L453705,Patuxent River SP--Rte. 97 (Montgomery Co.),39.2380827,-77.0571345,2025-03-02,02:47 PM,eBird - Traveling Count,43,1,1.497,,1
S283561628,Tufted Titmouse,Baeolophus bicolor,22160,1,US-MD,Montgomery,L505316,Seneca Creek SP--Clopper Lake,39.142381,-77.252465,2025-11-08,03:09 PM,eBird - Traveling Count,18,1,.151,,1
S230664462,Tufted Titmouse,Baeolophus bicolor,22160,2,US-MD,Montgomery,L41905651,"Seneca Greenway Trail, Gaithersburg, Maryland, US (39.167, -77.229)",39.1672893,-77.2288242,2025-04-28,06:28 PM,eBird - Traveling Count,80,1,2.317,,1
S247455766,Tufted Titmouse,Baeolophus bicolor,22160,1,US-MD,Montgomery,L41905651,"Seneca Greenway Trail, Gaithersburg, Maryland, US (39.167, -77.229)",39.1672893,-77.2288242,2025-06-06,05:55 PM,eBird - Traveling Count,51,1,.37,,1
S203796738,Tufted Titmouse,Baeolophus bicolor,22160,2,US-MD,Montgomery,L2055457,Sycamore Landing Rd. fields,39.0839717,-77.4146461,2024-11-27,02:08 PM,eBird - Traveling Count,89,1,4.361,,2
S315714190,Tufted Titmouse,Baeolophus bicolor,22160,1,US-MD,Montgomery,L2055457,Sycamore Landing Rd. fields,39.0839717,-77.4146461,2026-04-01,06:15 PM,eBird - Traveling Count,26,1,11.681,,1
S314372032,Tufted Titmouse,Baeolophus bicolor,22160,3,US-MD,Montgomery,L48823610,Washington Grove Conservation Park,39.136651,-77.171927,2026-03-29,10:35 AM,eBird - Traveling Count,47,1,1.727,,1
S177579473,Tufted Titmouse,Baeolophus bicolor,22160,1,US-MD,Prince George's,L305078,Patuxent Research Refuge--South Tract (National Wildlife Visitor Center),39.0270605,-76.7991731,2024-05-27,09:22 AM,eBird - Traveling Count,131,0,8.433,,2
S239213799,Tufted Titmouse,Baeolophus bicolor,22160,1,US-MD,Prince George's,L305078,Patuxent Research Refuge--South Tract (National Wildlife Visitor Center),39.0270605,-76.7991731,2025-05-17,08:28 AM,eBird - Traveling Count,149,1,6.502,,1
S175564443,Tufted Titmouse,Baeolophus bicolor,22160,1,US-MD,Washington,L31950817,"3716 Harpers Ferry Road, Sharpsburg, Maryland, US (39.415, -77.737)",39.4153833,-77.7371018,2024-05-19,07:57 AM,eBird - Stationary Count,90,1,,,1
S175728697,Tufted Titmouse,Baeolophus bicolor,22160,4,US-MD,Washington,L31950817,"3716 Harpers Ferry Road, Sharpsburg, Maryland, US (39.415, -77.737)",39.4153833,-77.7371018,2024-05-19,01:18 PM,eBird - Traveling Count,172,1,6.436,,3
S217439085,Tufted Titmouse,Baeolophus bicolor,22160,2,US-MD,Washington,L31950817,"3716 Harpers Ferry Road, Sharpsburg, Maryland, US (39.415, -77.737)",39.4153833,-77.7371018,2025-03-09,09:25 AM,eBird - Stationary Count,8,1,,,1
S221934041,Tufted Titmouse,Baeolophus bicolor,22160,5,US-MD,Washington,L31950817,"3716 Harpers Ferry Road, Sharpsburg, Maryland, US (39.415, -77.737)",39.4153833,-77.7371018,2025-03-30,03:58 PM,eBird - Traveling Count,76,1,.07,,1
S252687295,Tufted Titmouse,Baeolophus bicolor,22160,1,US-MD,Washington,L31950817,"3716 Harpers Ferry Road, Sharpsburg, Maryland, US (39.415, -77.737)",39.4153833,-77.7371018,2025-06-21,08:44 AM,eBird - Stationary Count,31,1,,,1
S275759758,Tufted Titmouse,Baeolophus bicolor,22160,2,US-MD,Washington,L31950817,"3716 Harpers Ferry Road, Sharpsburg, Maryland, US (39.415, -77.737)",39.4153833,-77.7371018,2025-09-27,09:16 AM,eBird - Stationary Count,14,1,,,1
S297574933,Tufted Titmouse,Baeolophus bicolor,22160,2,US-MD,Washington,L31950817,"3716 Harpers Ferry Road, Sharpsburg, Maryland, US (39.415, -77.737)",39.4153833,-77.7371018,2026-02-01,02:22 PM,eBird - Traveling Count,134,1,.16,,1
S199682839,Tufted Titmouse,Baeolophus bicolor,22160,3,US-MD,Washington,L3108412,Antietam National Battlefield--Burnside Bridge,39.4505101,-77.7318442,2024-10-20,03:00 PM,eBird - Traveling Count,160,1,32.895,,3
S257633796,Tufted Titmouse,Baeolophus bicolor,22160,2,US-MD,Washington,L5825627,Antietam National Battlefield--Snavely Ford Trail,39.449291,-77.7314029,2025-07-06,04:30 PM,eBird - Traveling Count,39,1,1.113,,1
S306960721,Tufted Titmouse,Baeolophus bicolor,22160,2,US-MD,Washington,L59209237,"Private Yard, Sharpsburg, Maryland, US (39.416, -77.737)",39.4157499,-77.7373156,2026-03-07,04:48 PM,eBird - Traveling Count,41,1,.048,,2
S180559345,Tufted Titmouse,Baeolophus bicolor,22160,4,US-MD,Washington,L33056912,"Rohrbach Campground, Sharpsburg, Maryland, US (39.454, -77.731)",39.4543401,-77.7314234,2024-06-09,09:12 AM,eBird - Traveling Count,60,1,.298,,1
S259302581,Tufted Titmouse,Baeolophus bicolor,22160,1,US-MD,Washington,L33056912,"Rohrbach Campground, Sharpsburg, Maryland, US (39.454, -77.731)",39.4543401,-77.7314234,2025-07-12,03:12 PM,eBird - Traveling Count,99,1,2.404,,1
S278707186,Tufted Titmouse,Baeolophus bicolor,22160,2,US-MD,Washington,L456008,Weverton,39.327924,-77.6820087,2025-10-11,04:10 PM,eBird - Stationary Count,8,1,,,1
S313007777,Great Tit,Parus major,22175,10,DE-BE,Berlin (Kreisfreie Stadt),L29026686,Pariser Platz,52.5162796,13.3776999,2026-03-25,04:30 PM,eBird - Traveling Count,24,1,1.097,,1,,,Very chilly day
S273283091,Great Tit,Parus major,22175,3,CH-VD,,L2545642,Bois de Chênes,46.4377534,6.2347841,2025-09-14,11:21 AM,eBird - Stationary Count,47,1,,,1
S195126034,Horned Lark,Eremophila alpestris,22710,X,US-UT,Davis,L190743,Antelope Island SP,41.0465405,-112.2383881,2024-09-14,09:32 AM,eBird - Traveling Count,359,0,80.129,,1
S296602619,Horned Lark,Eremophila alpestris,22710,1,US-MD,Montgomery,L53737414,Royce Hanson Conservation Park at Broad Run,39.1324176,-77.4573434,2026-01-27,03:24 PM,eBird - Traveling Count,36,1,2.222,,1,,Continuing
S195126034,Bank Swallow,Riparia riparia,24051,10,US-UT,Davis,L190743,Antelope Island SP,41.0465405,-112.2383881,2024-09-14,09:32 AM,eBird - Traveling Count,359,0,80.129,,1,,This is an estimate of just what I saw flying across the road
S189294100,Tree Swallow,Tachycineta bicolor,24064,1,US-DC,District of Columbia,L247770,Kenilworth Park and Aquatic Gardens,38.9133204,-76.9443433,2024-07-28,12:32 PM,eBird - Traveling Count,71,1,2.366,,2
S176244827,Tree Swallow,Tachycineta bicolor,24064,X,US-DC,District of Columbia,L1088366,Lafayette Park,38.8994874,-77.036562,2024-05-21,06:22 PM,eBird - Traveling Count,6,1,.51,,1
S217090868,Tree Swallow,Tachycineta bicolor,24064,3,US-DC,District of Columbia,L40002483,Lincoln Memorial,38.8892792,-77.0501876,2025-03-07,12:55 PM,eBird - Traveling Count,206,1,3.058,,1
S187599424,Tree Swallow,Tachycineta bicolor,24064,6,US-DC,District of Columbia,L1013541,The White House,38.8975294,-77.0364976,2024-07-18,06:29 PM,eBird - Traveling Count,10,1,.29,,1
S256585579,Tree Swallow,Tachycineta bicolor,24064,2,US-MD,Frederick,L12242883,Othello Regional Park,39.346886,-77.601207,2025-07-03,03:50 PM,eBird - Traveling Count,18,1,1.195,,1
S175192347,Tree Swallow,Tachycineta bicolor,24064,5,US-MD,Montgomery,L31909282,"9679 Lost Knife Road, Montgomery Village, Maryland, US (39.153, -77.199)",39.1532211,-77.1989898,2024-05-17,07:19 PM,eBird - Traveling Count,29,1,30.204,,1
S173968054,Tree Swallow,Tachycineta bicolor,24064,4,US-MD,Montgomery,L285049,Agricultural History Farm Park,39.1610805,-77.1322894,2024-05-12,10:26 AM,eBird - Traveling Count,104,1,2.414,,1,,Box 12B -and 12a nesting. Several more flying around the field.
S316508959,Tree Swallow,Tachycineta bicolor,24064,4,US-MD,Montgomery,L230151,Blue Mash Nature Trail,39.1939588,-77.1060175,2026-04-03,05:54 PM,eBird - Traveling Count,70,1,2.147,,1
S173642100,Tree Swallow,Tachycineta bicolor,24064,X,US-MD,Montgomery,L515805,C&O Canal--Mouth of the Monocacy (Mont. Co.),39.221687,-77.451432,2024-05-11,03:00 PM,eBird - Stationary Count,60,1,,,1
S183770250,Tree Swallow,Tachycineta bicolor,24064,1,US-MD,Montgomery,L33913928,"Camden Retention Pond, Gaithersburg, Maryland, US (39.12, -77.206)",39.1197497,-77.2064087,2024-06-25,07:46 PM,eBird - Stationary Count,24,1,,,1
S231014378,Tree Swallow,Tachycineta bicolor,24064,X,US-MD,Montgomery,L33913928,"Camden Retention Pond, Gaithersburg, Maryland, US (39.12, -77.206)",39.1197497,-77.2064087,2025-04-29,07:54 PM,eBird - Traveling Count,7,1,.082,,1
S232647749,Tree Swallow,Tachycineta bicolor,24064,X,US-MD,Montgomery,L33913928,"Camden Retention Pond, Gaithersburg, Maryland, US (39.12, -77.206)",39.1197497,-77.2064087,2025-05-03,03:19 PM,eBird - Traveling Count,32,1,1.03,,1
S240410804,Tree Swallow,Tachycineta bicolor,24064,X,US-MD,Montgomery,L33913928,"Camden Retention Pond, Gaithersburg, Maryland, US (39.12, -77.206)",39.1197497,-77.2064087,2025-05-19,08:13 PM,eBird - Stationary Count,4,1,,,1
S223512042,Tree Swallow,Tachycineta bicolor,24064,2,US-MD,Montgomery,L42214720,"Camp Seneca, Maryland, US (39.177, -77.302)",39.1772081,-77.3018305,2025-04-06,02:51 PM,eBird - Traveling Count,57,1,1.207,,1
S228011793,Tree Swallow,Tachycineta bicolor,24064,1,US-MD,Montgomery,L3043543,Crabbs Branch Pond,39.122276,-77.1587741,2025-04-21,07:07 PM,eBird - Traveling Count,19,1,.917,,1
S176723839,Tree Swallow,Tachycineta bicolor,24064,1,US-MD,Montgomery,L9055068,Hibiscus court Maryland,39.1187154,-77.2108193,2024-05-24,08:49 AM,eBird - Traveling Count,19,1,.733,,1
S181716209,Tree Swallow,Tachycineta bicolor,24064,4,US-MD,Montgomery,L9055068,Hibiscus court Maryland,39.1187154,-77.2108193,2024-06-15,06:55 PM,eBird - Traveling Count,29,1,.354,,1
S227622469,Tree Swallow,Tachycineta bicolor,24064,2,US-MD,Montgomery,L126620,Hughes Hollow - McKee Beshers WMA,39.0803767,-77.4035096,2025-04-20,05:15 PM,eBird - Traveling Count,87,1,2.301,,1
S248712994,Tree Swallow,Tachycineta bicolor,24064,3,US-MD,Montgomery,L126620,Hughes Hollow - McKee Beshers WMA,39.0803767,-77.4035096,2025-06-09,08:09 PM,eBird - Traveling Count,35,1,1.352,,1
S253053193,Tree Swallow,Tachycineta bicolor,24064,5,US-MD,Montgomery,L126620,Hughes Hollow - McKee Beshers WMA,39.0803767,-77.4035096,2025-06-22,06:50 AM,eBird - Traveling Count,99,1,1.237,,1
S259644861,Tree Swallow,Tachycineta bicolor,24064,3,US-MD,Montgomery,L126620,Hughes Hollow - McKee Beshers WMA,39.0803767,-77.4035096,2025-07-13,03:26 PM,eBird - Traveling Count,15,1,.342,,2
S312069147,Tree Swallow,Tachycineta bicolor,24064,2,US-MD,Montgomery,L126620,Hughes Hollow - McKee Beshers WMA,39.0803767,-77.4035096,2026-03-22,12:35 PM,eBird - Traveling Count,36,1,.657,,2
S314489044,Tree Swallow,Tachycineta bicolor,24064,6,US-MD,Montgomery,L126620,Hughes Hollow - McKee Beshers WMA,39.0803767,-77.4035096,2026-03-29,02:54 PM,eBird - Traveling Count,36,1,2.047,,2
S315703473,Tree Swallow,Tachycineta bicolor,24064,11,US-MD,Montgomery,L126620,Hughes Hollow - McKee Beshers WMA,39.0803767,-77.4035096,2026-04-01,05:00 PM,eBird - Traveling Count,58,1,.544,,1,,,This was an absolutely stunning evening. Lots of birds. Couple of unexpected visitors like the blue winged teal and a nice show from the red-headed woodpeckers.
S187792544,Tree Swallow,Tachycineta bicolor,24064,1,US-MD,Montgomery,L22161519,Hughes Hollow - McKee Beshers WMA--sunflower area and eastern fields,39.076893,-77.3812916,2024-07-19,06:29 PM,eBird - Traveling Count,119,1,5.601,,1
S230262565,Tree Swallow,Tachycineta bicolor,24064,X,US-MD,Montgomery,L22161519,Hughes Hollow - McKee Beshers WMA--sunflower area and eastern fields,39.076893,-77.3812916,2025-04-27,03:44 PM,eBird - Traveling Count,78,1,3.75,,3
S176627258,Tree Swallow,Tachycineta bicolor,24064,1,US-MD,Montgomery,L32216879,"Kaiser Permanente, Gaithersburg, Maryland, US (39.156, -77.222)",39.1558353,-77.2220648,2024-05-23,06:34 PM,eBird - Stationary Count,4,1,,,2
S245062525,Tree Swallow,Tachycineta bicolor,24064,X,US-MD,Montgomery,L224286,Lake Frank,39.1028755,-77.1198104,2025-05-31,11:53 AM,eBird - Traveling Count,38,1,.75,,1
S177901809,Tree Swallow,Tachycineta bicolor,24064,9,US-MD,Montgomery,L32512991,"Lake Halcyon, Gaithersburg, Maryland, US (39.12, -77.219)",39.120175,-77.2190739,2024-05-28,07:44 PM,eBird - Traveling Count,60,1,2.044,,1
S240002346,Tree Swallow,Tachycineta bicolor,24064,X,US-MD,Montgomery,L2769057,Little Bennett RP--Western Piedmont Trail,39.27653,-77.3071432,2025-05-18,06:20 PM,eBird - Traveling Count,44,1,1.223,,1,,Too many to count
S232178059,Tree Swallow,Tachycineta bicolor,24064,5,US-MD,Montgomery,L31569197,"Malcolm King Park (39.121, -77.212)",39.1205865,-77.212024,2025-05-02,05:38 PM,eBird - Traveling Count,19,1,1.014,,1
S249019190,Tree Swallow,Tachycineta bicolor,24064,X,US-MD,Montgomery,L31569197,"Malcolm King Park (39.121, -77.212)",39.1205865,-77.212024,2025-06-10,07:24 PM,eBird - Traveling Count,34,1,1.754,,1
S230664462,Tree Swallow,Tachycineta bicolor,24064,X,US-MD,Montgomery,L41905651,"Seneca Greenway Trail, Gaithersburg, Maryland, US (39.167, -77.229)",39.1672893,-77.2288242,2025-04-28,06:28 PM,eBird - Traveling Count,80,1,2.317,,1
S314372032,Tree Swallow,Tachycineta bicolor,24064,2,US-MD,Montgomery,L48823610,Washington Grove Conservation Park,39.136651,-77.171927,2026-03-29,10:35 AM,eBird - Traveling Count,47,1,1.727,,1
S177235263,Tree Swallow,Tachycineta bicolor,24064,2,US-MD,Prince George's,L32358887,"6914 Trowbridge Place, Fort Washington, Maryland, US (38.795, -76.965)",38.7953122,-76.9652352,2024-05-25,01:34 PM,eBird - Stationary Count,1,1,,,1
S183870068,Tree Swallow,Tachycineta bicolor,24064,1,US-MD,Prince George's,L33936221,"NASA Goddard Space Flight Center, Greenbelt, Maryland, US (38.993, -76.848)",38.9929483,-76.8476183,2024-06-26,08:30 AM,eBird - Casual Observation,,0,,,1
S239253914,Tree Swallow,Tachycineta bicolor,24064,X,US-MD,Prince George's,L42706061,Patuxent Research Refuge--Central Tract (Restricted Access),39.0491905,-76.7986274,2025-05-17,11:28 AM,eBird - Traveling Count,35,1,3.206,,1,,Dozens
S239213799,Tree Swallow,Tachycineta bicolor,24064,3,US-MD,Prince George's,L305078,Patuxent Research Refuge--South Tract (National Wildlife Visitor Center),39.0270605,-76.7991731,2025-05-17,08:28 AM,eBird - Traveling Count,149,1,6.502,,1
S177419574,Tree Swallow,Tachycineta bicolor,24064,1,US-MD,Washington,L31950817,"3716 Harpers Ferry Road, Sharpsburg, Maryland, US (39.415, -77.737)",39.4153833,-77.7371018,2024-05-26,06:06 PM,eBird - Traveling Count,15,0,12.975,,1
S221934041,Tree Swallow,Tachycineta bicolor,24064,1,US-MD,Washington,L31950817,"3716 Harpers Ferry Road, Sharpsburg, Maryland, US (39.415, -77.737)",39.4153833,-77.7371018,2025-03-30,03:58 PM,eBird - Traveling Count,76,1,.07,,1
S257633796,Tree Swallow,Tachycineta bicolor,24064,5,US-MD,Washington,L5825627,Antietam National Battlefield--Snavely Ford Trail,39.449291,-77.7314029,2025-07-06,04:30 PM,eBird - Traveling Count,39,1,1.113,,1
S255372516,Tree Swallow,Tachycineta bicolor,24064,3,US-MD,Washington,L33056912,"Rohrbach Campground, Sharpsburg, Maryland, US (39.454, -77.731)",39.4543401,-77.7314234,2025-06-29,02:50 PM,eBird - Traveling Count,58,1,2.214,,1
S259302581,Tree Swallow,Tachycineta bicolor,24064,7,US-MD,Washington,L33056912,"Rohrbach Campground, Sharpsburg, Maryland, US (39.454, -77.731)",39.4543401,-77.7314234,2025-07-12,03:12 PM,eBird - Traveling Count,99,1,2.404,,1
S226075152,Purple Martin,Progne subis,24081,4,US-FL,Charlotte,L618537,Amberjack Environmental Park--Lemon Lake,26.8725833,-82.3001289,2025-04-16,08:52 AM,eBird - Traveling Count,100,1,1.018,,4
S226075158,Purple Martin,Progne subis,24081,4,US-FL,Charlotte,L618537,Amberjack Environmental Park--Lemon Lake,26.8725833,-82.3001289,2025-04-16,08:52 AM,eBird - Traveling Count,100,1,1.018,,4
S250749828,Purple Martin,Progne subis,24081,2,US-MD,Frederick,L2756806,Monocacy National Battlefield--Gambrill Mill Trail,39.3688266,-77.3877865,2025-06-15,01:10 PM,eBird - Traveling Count,80,1,1.175,,1
S173679398,Purple Martin,Progne subis,24081,X,US-FL,Sarasota,L607892,Venice Rookery,27.04598,-82.39989,2024-03-25,09:40 AM,eBird - Stationary Count,90,1,,,3,,Too many to count. At least 100.,My kiddo got to participate in the nest egg count with the Audubon society for the purple martins.
S173113419,Purple Martin,Progne subis,24081,1,US-MD,Washington,L4053312,Devil's Backbone County Park,39.538741,-77.7100086,2024-05-08,01:00 PM,eBird - Traveling Count,120,1,8.047,,2,,A single purple Martin flying from the battlefield towards the creek.
S250749828,Northern Rough-winged Swallow,Stelgidopteryx serripennis,24106,4,US-MD,Frederick,L2756806,Monocacy National Battlefield--Gambrill Mill Trail,39.3688266,-77.3877865,2025-06-15,01:10 PM,eBird - Traveling Count,80,1,1.175,,1
S245500420,Northern Rough-winged Swallow,Stelgidopteryx serripennis,24106,1,US-MD,Montgomery,L285049,Agricultural History Farm Park,39.1610805,-77.1322894,2025-06-01,10:11 AM,eBird - Traveling Count,66,1,3.46,,1
S252450521,Northern Rough-winged Swallow,Stelgidopteryx serripennis,24106,2,US-MD,Montgomery,L7383392,Bohrer Park,39.1329353,-77.1933532,2025-06-20,08:18 AM,eBird - Traveling Count,20,1,.52,,1
S231014378,Northern Rough-winged Swallow,Stelgidopteryx serripennis,24106,1,US-MD,Montgomery,L33913928,"Camden Retention Pond, Gaithersburg, Maryland, US (39.12, -77.206)",39.1197497,-77.2064087,2025-04-29,07:54 PM,eBird - Traveling Count,7,1,.082,,1
S232647749,Northern Rough-winged Swallow,Stelgidopteryx serripennis,24106,3,US-MD,Montgomery,L33913928,"Camden Retention Pond, Gaithersburg, Maryland, US (39.12, -77.206)",39.1197497,-77.2064087,2025-05-03,03:19 PM,eBird - Traveling Count,32,1,1.03,,1
S253053193,Northern Rough-winged Swallow,Stelgidopteryx serripennis,24106,2,US-MD,Montgomery,L126620,Hughes Hollow - McKee Beshers WMA,39.0803767,-77.4035096,2025-06-22,06:50 AM,eBird - Traveling Count,99,1,1.237,,1
S315703473,Northern Rough-winged Swallow,Stelgidopteryx serripennis,24106,2,US-MD,Montgomery,L126620,Hughes Hollow - McKee Beshers WMA,39.0803767,-77.4035096,2026-04-01,05:00 PM,eBird - Traveling Count,58,1,.544,,1,,,This was an absolutely stunning evening. Lots of birds. Couple of unexpected visitors like the blue winged teal and a nice show from the red-headed woodpeckers.
S230262565,Northern Rough-winged Swallow,Stelgidopteryx serripennis,24106,X,US-MD,Montgomery,L22161519,Hughes Hollow - McKee Beshers WMA--sunflower area and eastern fields,39.076893,-77.3812916,2025-04-27,03:44 PM,eBird - Traveling Count,78,1,3.75,,3
S245062525,Northern Rough-winged Swallow,Stelgidopteryx serripennis,24106,X,US-MD,Montgomery,L224286,Lake Frank,39.1028755,-77.1198104,2025-05-31,11:53 AM,eBird - Traveling Count,38,1,.75,,1
S249019190,Northern Rough-winged Swallow,Stelgidopteryx serripennis,24106,X,US-MD,Montgomery,L31569197,"Malcolm King Park (39.121, -77.212)",39.1205865,-77.212024,2025-06-10,07:24 PM,eBird - Traveling Count,34,1,1.754,,1
S250837526,Northern Rough-winged Swallow,Stelgidopteryx serripennis,24106,1,US-MD,Montgomery,L31569197,"Malcolm King Park (39.121, -77.212)",39.1205865,-77.212024,2025-06-15,05:46 PM,eBird - Traveling Count,36,1,2.063,,1
S252450226,Northern Rough-winged Swallow,Stelgidopteryx serripennis,24106,2,US-MD,Montgomery,L31569197,"Malcolm King Park (39.121, -77.212)",39.1205865,-77.212024,2025-06-19,07:07 PM,eBird - Traveling Count,39,1,1.35,,1
S255372516,Northern Rough-winged Swallow,Stelgidopteryx serripennis,24106,10,US-MD,Washington,L33056912,"Rohrbach Campground, Sharpsburg, Maryland, US (39.454, -77.731)",39.4543401,-77.7314234,2025-06-29,02:50 PM,eBird - Traveling Count,58,1,2.214,,1
S195126034,Barn Swallow,Hirundo rustica,24187,4,US-UT,Davis,L190743,Antelope Island SP,41.0465405,-112.2383881,2024-09-14,09:32 AM,eBird - Traveling Count,359,0,80.129,,1,,There are four barn owls in the hayloft near the bison corral. There's also a great horned there
S250749828,Barn Swallow,Hirundo rustica,24187,2,US-MD,Frederick,L2756806,Monocacy National Battlefield--Gambrill Mill Trail,39.3688266,-77.3877865,2025-06-15,01:10 PM,eBird - Traveling Count,80,1,1.175,,1
S180197187,Barn Swallow,Hirundo rustica,24187,5,US-MD,Montgomery,L33038592,"270 North (39.239, -77.291)",39.2393341,-77.291275,2024-06-08,10:32 AM,eBird - Traveling Count,57,0,68.459,,1
S245500420,Barn Swallow,Hirundo rustica,24187,X,US-MD,Montgomery,L285049,Agricultural History Farm Park,39.1610805,-77.1322894,2025-06-01,10:11 AM,eBird - Traveling Count,66,1,3.46,,1
S233083528,Barn Swallow,Hirundo rustica,24187,X,US-MD,Montgomery,L196528,Black Hill Regional Park,39.192365,-77.295757,2025-05-04,12:18 PM,eBird - Traveling Count,64,1,3.541,,1
S182634611,Barn Swallow,Hirundo rustica,24187,4,US-MD,Montgomery,L7383392,Bohrer Park,39.1329353,-77.1933532,2024-06-20,08:42 AM,eBird - Traveling Count,28,1,1.094,,1
S183556228,Barn Swallow,Hirundo rustica,24187,1,US-MD,Montgomery,L7383392,Bohrer Park,39.1329353,-77.1933532,2024-06-24,03:35 PM,eBird - Traveling Count,39,1,.174,,1
S186447746,Barn Swallow,Hirundo rustica,24187,3,US-MD,Montgomery,L7383392,Bohrer Park,39.1329353,-77.1933532,2024-07-11,08:29 AM,eBird - Traveling Count,12,0,.467,,1,,,Quite a few birds flying around at the top of trees. I couldn't identify cuz I didn't have binocs
S189398872,Barn Swallow,Hirundo rustica,24187,4,US-MD,Montgomery,L7383392,Bohrer Park,39.1329353,-77.1933532,2024-07-29,08:46 AM,eBird - Traveling Count,15,1,.933,,1
S252450521,Barn Swallow,Hirundo rustica,24187,4,US-MD,Montgomery,L7383392,Bohrer Park,39.1329353,-77.1933532,2025-06-20,08:18 AM,eBird - Traveling Count,20,1,.52,,1
S264217194,Barn Swallow,Hirundo rustica,24187,5,US-MD,Montgomery,L7383392,Bohrer Park,39.1329353,-77.1933532,2025-07-17,08:41 AM,eBird - Traveling Count,15,1,.744,,1
S233615339,Barn Swallow,Hirundo rustica,24187,X,US-MD,Montgomery,L584300,C&O Canal--Edwards Ferry,39.1030006,-77.4737057,2025-05-05,06:00 PM,eBird - Traveling Count,42,1,1.493,,1
S186245620,Barn Swallow,Hirundo rustica,24187,1,US-MD,Montgomery,L32216879,"Kaiser Permanente, Gaithersburg, Maryland, US (39.156, -77.222)",39.1558353,-77.2220648,2024-07-09,05:42 PM,eBird - Traveling Count,13,0,.274,,1,,,I think I saw a yellow billed cuckoo but only from the back and it flew off before I could catch up.
S177345442,Barn Swallow,Hirundo rustica,24187,4,US-MD,Montgomery,L32384015,"Montgomery County Landfill, Gaithersburg, Maryland, US (39.123, -77.173)",39.1229591,-77.1734085,2024-05-26,01:30 PM,eBird - Traveling Count,14,1,1.384,,1
S239253914,Barn Swallow,Hirundo rustica,24187,X,US-MD,Prince George's,L42706061,Patuxent Research Refuge--Central Tract (Restricted Access),39.0491905,-76.7986274,2025-05-17,11:28 AM,eBird - Traveling Count,35,1,3.206,,1
S177579473,Barn Swallow,Hirundo rustica,24187,7,US-MD,Prince George's,L305078,Patuxent Research Refuge--South Tract (National Wildlife Visitor Center),39.0270605,-76.7991731,2024-05-27,09:22 AM,eBird - Traveling Count,131,0,8.433,,2
S195043301,Barn Swallow,Hirundo rustica,24187,12,US-UT,Salt Lake,L1095190,Red Butte Canyon,40.7740256,-111.8180537,2024-09-13,06:22 PM,eBird - Traveling Count,190,1,10.767,,2
S235898093,Barn Swallow,Hirundo rustica,24187,X,US-DE,Sussex,L2390607,Cape Henlopen SP--Gordon's Pond Beach,38.7424051,-75.0801587,2025-05-10,05:41 PM,eBird - Traveling Count,56,1,.719,,2
S235749233,Barn Swallow,Hirundo rustica,24187,2,US-DE,Sussex,L1265319,Cape Henlopen SP--The Point,38.8000272,-75.092376,2025-05-10,02:06 PM,eBird - Traveling Count,42,1,5.472,,1
S235862177,Barn Swallow,Hirundo rustica,24187,X,US-DE,Sussex,L1760833,Rehoboth  Beach,38.7160411,-75.0768757,2025-05-10,04:41 PM,eBird - Traveling Count,58,1,4.168,,1
S175564443,Barn Swallow,Hirundo rustica,24187,X,US-MD,Washington,L31950817,"3716 Harpers Ferry Road, Sharpsburg, Maryland, US (39.415, -77.737)",39.4153833,-77.7371018,2024-05-19,07:57 AM,eBird - Stationary Count,90,1,,,1
S177419574,Barn Swallow,Hirundo rustica,24187,2,US-MD,Washington,L31950817,"3716 Harpers Ferry Road, Sharpsburg, Maryland, US (39.415, -77.737)",39.4153833,-77.7371018,2024-05-26,06:06 PM,eBird - Traveling Count,15,0,12.975,,1
S183379922,Barn Swallow,Hirundo rustica,24187,1,US-MD,Washington,L31950817,"3716 Harpers Ferry Road, Sharpsburg, Maryland, US (39.415, -77.737)",39.4153833,-77.7371018,2024-06-23,05:41 PM,eBird - Casual Observation,,0,,,1
S245692718,Cliff Swallow,Petrochelidon pyrrhonota,24281,X,US-MD,Montgomery,L515805,C&O Canal--Mouth of the Monocacy (Mont. Co.),39.221687,-77.451432,2025-06-01,05:35 PM,eBird - Traveling Count,35,1,.52,,1
S177414288,Cliff Swallow,Petrochelidon pyrrhonota,24281,25,US-MD,Washington,L512641,C&O Canal--Antietam Creek,39.417434,-77.745801,2024-05-26,05:13 PM,eBird - Traveling Count,48,1,1.609,,3
S180559422,Cliff Swallow,Petrochelidon pyrrhonota,24281,X,US-MD,Washington,L33056912,"Rohrbach Campground, Sharpsburg, Maryland, US (39.454, -77.731)",39.4543401,-77.7314234,2024-06-08,02:29 PM,eBird - Traveling Count,113,1,.402,,1
S180559345,Cliff Swallow,Petrochelidon pyrrhonota,24281,3,US-MD,Washington,L33056912,"Rohrbach Campground, Sharpsburg, Maryland, US (39.454, -77.731)",39.4543401,-77.7314234,2024-06-09,09:12 AM,eBird - Traveling Count,60,1,.298,,1
S259302581,Cliff Swallow,Petrochelidon pyrrhonota,24281,30,US-MD,Washington,L33056912,"Rohrbach Campground, Sharpsburg, Maryland, US (39.454, -77.731)",39.4543401,-77.7314234,2025-07-12,03:12 PM,eBird - Traveling Count,99,1,2.404,,1,,"Under both bridges, to estimate"
S195043301,swallow sp.,Hirundinidae sp.,24305,1,US-UT,Salt Lake,L1095190,Red Butte Canyon,40.7740256,-111.8180537,2024-09-13,06:22 PM,eBird - Traveling Count,190,1,10.767,,2
S184336717,Bushtit,Psaltriparus minimus,25253,1,US-CA,Los Angeles,L7530990,Long Beach Convention Center California,33.764151,-118.1883135,2011-06-03,,Historical,,1,,,4
S195043301,Bushtit,Psaltriparus minimus,25253,1,US-UT,Salt Lake,L1095190,Red Butte Canyon,40.7740256,-111.8180537,2024-09-13,06:22 PM,eBird - Traveling Count,190,1,10.767,,2
S173683770,Ruby-crowned Kinglet,Corthylio calendula,26844,1,US-DC,District of Columbia,L490336,C&O Canal--Fletcher's Cove (Fletcher's Boathouse),38.9188853,-77.1022224,2017-04-05,01:25 PM,eBird - Traveling Count,75,1,2.414,,3,,Heard,With Paul Charron and Chris Marcum
S292145747,Ruby-crowned Kinglet,Corthylio calendula,26844,2,US-VA,Fairfax,L718485,Great Falls Park,38.9937,-77.2553,2026-01-03,10:48 AM,eBird - Traveling Count,75,1,1.28,,1,,,,648202948
S294986972,Ruby-crowned Kinglet,Corthylio calendula,26844,1,US-VA,Fairfax,L718485,Great Falls Park,38.9937,-77.2553,2026-01-18,12:14 PM,eBird - Traveling Count,51,1,.724,,1
S316385681,Ruby-crowned Kinglet,Corthylio calendula,26844,2,US-MD,Montgomery,L33913928,"Camden Retention Pond, Gaithersburg, Maryland, US (39.12, -77.206)",39.1197497,-77.2064087,2026-04-03,01:09 PM,eBird - Traveling Count,39,1,1.061,,1
S223512042,Ruby-crowned Kinglet,Corthylio calendula,26844,1,US-MD,Montgomery,L42214720,"Camp Seneca, Maryland, US (39.177, -77.302)",39.1772081,-77.3018305,2025-04-06,02:51 PM,eBird - Traveling Count,57,1,1.207,,1
S293148654,Ruby-crowned Kinglet,Corthylio calendula,26844,1,US-MD,Montgomery,L56914155,"Crown Woods, Gaithersburg, Maryland, US (39.117, -77.211)",39.1166315,-77.2109226,2026-01-08,02:03 PM,eBird - Traveling Count,7,1,.074,,1
S288199927,Ruby-crowned Kinglet,Corthylio calendula,26844,1,US-MD,Montgomery,L3028209,ICC Bikepath--Rt.97 to Layhill Rd.,39.114851,-77.062614,2025-12-10,01:05 PM,eBird - Traveling Count,69,1,38.832,,1
S289206931,Ruby-crowned Kinglet,Corthylio calendula,26844,1,US-MD,Montgomery,L31569197,"Malcolm King Park (39.121, -77.212)",39.1205865,-77.212024,2025-12-19,12:37 PM,eBird - Traveling Count,13,1,.484,,1
S290845555,Ruby-crowned Kinglet,Corthylio calendula,26844,1,US-MD,Queen Anne's,L5194688,Kent Point Marina,38.8382982,-76.3732617,2025-12-28,02:14 PM,eBird - Traveling Count,17,1,4.058,,1
S192398436,Golden-crowned Kinglet,Regulus satrapa,26848,1,US-NH,Coos,L35984729,"Dam Road, Errol, New Hampshire, US (44.822, -71.081)",44.8217351,-71.0806811,2024-08-22,04:41 PM,eBird - Stationary Count,63,0,,,2
S268111225,Golden-crowned Kinglet,Regulus satrapa,26848,3,US-NH,Coos,L1209933,"Umbagog NWR--Magalloway River Trail, Wentworths Location",44.8424719,-71.0572958,2025-08-18,02:08 PM,eBird - Traveling Count,70,1,1.903,,1
S304714269,Golden-crowned Kinglet,Regulus satrapa,26848,2,US-MD,Frederick,L1739857,Catoctin Creek Park,39.392925,-77.5639615,2026-02-28,02:18 PM,eBird - Traveling Count,54,1,3.215,,1,,,Really nice day about 65° very few birds though at catoctin Park
S293148654,Golden-crowned Kinglet,Regulus satrapa,26848,2,US-MD,Montgomery,L56914155,"Crown Woods, Gaithersburg, Maryland, US (39.117, -77.211)",39.1166315,-77.2109226,2026-01-08,02:03 PM,eBird - Traveling Count,7,1,.074,,1
S294699461,Golden-crowned Kinglet,Regulus satrapa,26848,1,US-MD,Montgomery,L56914155,"Crown Woods, Gaithersburg, Maryland, US (39.117, -77.211)",39.1166315,-77.2109226,2026-01-17,10:01 AM,eBird - Traveling Count,41,1,.81,,1
S295165095,Golden-crowned Kinglet,Regulus satrapa,26848,1,US-MD,Montgomery,L56914155,"Crown Woods, Gaithersburg, Maryland, US (39.117, -77.211)",39.1166315,-77.2109226,2026-01-19,10:10 AM,eBird - Traveling Count,39,1,1.508,,1
S203971701,Golden-crowned Kinglet,Regulus satrapa,26848,1,US-MD,Montgomery,L9055068,Hibiscus court Maryland,39.1187154,-77.2108193,2024-11-29,12:14 PM,eBird - Casual Observation,,0,,,2
S295476283,Golden-crowned Kinglet,Regulus satrapa,26848,1,US-MD,Montgomery,L9055068,Hibiscus court Maryland,39.1187154,-77.2108193,2026-01-21,07:53 AM,eBird - Stationary Count,33,1,,,1
S296904367,Golden-crowned Kinglet,Regulus satrapa,26848,1,US-MD,Montgomery,L9055068,Hibiscus court Maryland,39.1187154,-77.2108193,2026-01-29,09:30 AM,eBird - Stationary Count,240,1,,,1
S297204985,Golden-crowned Kinglet,Regulus satrapa,26848,1,US-MD,Montgomery,L9055068,Hibiscus court Maryland,39.1187154,-77.2108193,2026-01-31,07:54 AM,eBird - Stationary Count,100,1,,,1
S285631806,Golden-crowned Kinglet,Regulus satrapa,26848,1,US-MD,Montgomery,L22161519,Hughes Hollow - McKee Beshers WMA--sunflower area and eastern fields,39.076893,-77.3812916,2025-11-22,12:53 PM,eBird - Traveling Count,53,1,3.085,,2
S282549377,Golden-crowned Kinglet,Regulus satrapa,26848,2,US-MD,Montgomery,L31569197,"Malcolm King Park (39.121, -77.212)",39.1205865,-77.212024,2025-11-02,10:30 AM,eBird - Traveling Count,24,1,.873,,1
S216321009,Golden-crowned Kinglet,Regulus satrapa,26848,3,US-MD,Montgomery,L453705,Patuxent River SP--Rte. 97 (Montgomery Co.),39.2380827,-77.0571345,2025-03-02,02:47 PM,eBird - Traveling Count,43,1,1.497,,1
S273283091,Common Firecrest,Regulus ignicapilla,26875,1,CH-VD,,L2545642,Bois de Chênes,46.4377534,6.2347841,2025-09-14,11:21 AM,eBird - Stationary Count,47,1,,,1
S192288648,White-breasted Nuthatch,Sitta carolinensis,26889,1,US-NH,Carroll,L2573426,"Story Land, Rt. 16, Glen",44.117161,-71.184298,2024-08-21,10:28 AM,eBird - Traveling Count,372,0,.791,,2,,,Storyland!
S173683770,White-breasted Nuthatch,Sitta carolinensis,26889,1,US-DC,District of Columbia,L490336,C&O Canal--Fletcher's Cove (Fletcher's Boathouse),38.9188853,-77.1022224,2017-04-05,01:25 PM,eBird - Traveling Count,75,1,2.414,,3,,,With Paul Charron and Chris Marcum
S173683759,White-breasted Nuthatch,Sitta carolinensis,26889,1,US-DC,District of Columbia,L5658941,TJM a District of Columbia,38.8818381,-77.0346951,2017-04-05,10:30 AM,eBird - Traveling Count,60,1,1.609,,3,,,With Paul Charron And Chris Marcum
S294986972,White-breasted Nuthatch,Sitta carolinensis,26889,2,US-VA,Fairfax,L718485,Great Falls Park,38.9937,-77.2553,2026-01-18,12:14 PM,eBird - Traveling Count,51,1,.724,,1
S270705952,White-breasted Nuthatch,Sitta carolinensis,26889,1,US-MD,Frederick,L909320,Gambrill SP--North Frederick Overlook,39.4697856,-77.494297,2025-08-31,02:17 PM,eBird - Traveling Count,78,1,.525,,1
S285631919,White-breasted Nuthatch,Sitta carolinensis,26889,1,US-MD,Frederick,L473415,New Design Road,39.2903356,-77.4676037,2025-11-02,12:56 PM,eBird - Traveling Count,207,1,7.02,,1
S173968054,White-breasted Nuthatch,Sitta carolinensis,26889,1,US-MD,Montgomery,L285049,Agricultural History Farm Park,39.1610805,-77.1322894,2024-05-12,10:26 AM,eBird - Traveling Count,104,1,2.414,,1
S278435561,White-breasted Nuthatch,Sitta carolinensis,26889,1,US-MD,Montgomery,L285049,Agricultural History Farm Park,39.1610805,-77.1322894,2025-10-10,05:49 PM,eBird - Traveling Count,36,1,1.343,,1
S307433161,White-breasted Nuthatch,Sitta carolinensis,26889,1,US-MD,Montgomery,L1316706,Black Hill Hiker/Biker Trail,39.1941644,-77.2873378,2026-03-08,06:34 PM,eBird - Traveling Count,17,1,.825,,1
S296044910,White-breasted Nuthatch,Sitta carolinensis,26889,1,US-MD,Montgomery,L595310,Black Hill RP--Boat Ramp area,39.2009491,-77.2941077,2026-01-24,02:29 PM,eBird - Traveling Count,35,1,2.7,,1
S281536379,White-breasted Nuthatch,Sitta carolinensis,26889,2,US-MD,Montgomery,L459907,"Black Hill RP--Little Seneca Lake, Rte.121",39.189427,-77.309455,2025-10-26,03:54 PM,eBird - Traveling Count,58,1,1.349,,1
S289393221,White-breasted Nuthatch,Sitta carolinensis,26889,2,US-MD,Montgomery,L515805,C&O Canal--Mouth of the Monocacy (Mont. Co.),39.221687,-77.451432,2025-12-20,01:56 PM,eBird - Traveling Count,93,1,3.015,,1
S173683785,White-breasted Nuthatch,Sitta carolinensis,26889,1,US-MD,Montgomery,L360157,C&O Canal--Riley's Lock,39.0682467,-77.3431492,2023-11-23,11:24 AM,eBird - Traveling Count,65,1,.668,,2
S305086064,White-breasted Nuthatch,Sitta carolinensis,26889,3,US-MD,Montgomery,L282688,C&O Canal--White's Ferry,39.155215,-77.517221,2026-03-01,01:46 PM,eBird - Traveling Count,25,1,.46,,1
S232647749,White-breasted Nuthatch,Sitta carolinensis,26889,1,US-MD,Montgomery,L33913928,"Camden Retention Pond, Gaithersburg, Maryland, US (39.12, -77.206)",39.1197497,-77.2064087,2025-05-03,03:19 PM,eBird - Traveling Count,32,1,1.03,,1
S292971443,White-breasted Nuthatch,Sitta carolinensis,26889,1,US-MD,Montgomery,L33913928,"Camden Retention Pond, Gaithersburg, Maryland, US (39.12, -77.206)",39.1197497,-77.2064087,2026-01-07,12:17 PM,eBird - Traveling Count,22,1,.58,,1
S294242612,White-breasted Nuthatch,Sitta carolinensis,26889,3,US-MD,Montgomery,L33913928,"Camden Retention Pond, Gaithersburg, Maryland, US (39.12, -77.206)",39.1197497,-77.2064087,2026-01-14,03:41 PM,eBird - Traveling Count,18,1,.518,,1
S314269634,White-breasted Nuthatch,Sitta carolinensis,26889,1,US-MD,Montgomery,L33913928,"Camden Retention Pond, Gaithersburg, Maryland, US (39.12, -77.206)",39.1197497,-77.2064087,2026-03-29,07:51 AM,eBird - Traveling Count,19,1,.649,,1,,,Very chilly morning. Some frost on the grass. Lots of bird activity though.
S316385681,White-breasted Nuthatch,Sitta carolinensis,26889,2,US-MD,Montgomery,L33913928,"Camden Retention Pond, Gaithersburg, Maryland, US (39.12, -77.206)",39.1197497,-77.2064087,2026-04-03,01:09 PM,eBird - Traveling Count,39,1,1.061,,1
S278982875,White-breasted Nuthatch,Sitta carolinensis,26889,1,US-MD,Montgomery,L29852635,Conservation Lane,39.121784,-77.2222379,2025-10-11,10:58 AM,eBird - Traveling Count,28,0,11.821,,1
S292776205,White-breasted Nuthatch,Sitta carolinensis,26889,2,US-MD,Montgomery,L56914155,"Crown Woods, Gaithersburg, Maryland, US (39.117, -77.211)",39.1166315,-77.2109226,2026-01-06,10:14 AM,eBird - Stationary Count,2,1,,,1
S307416067,White-breasted Nuthatch,Sitta carolinensis,26889,1,US-MD,Montgomery,L56914155,"Crown Woods, Gaithersburg, Maryland, US (39.117, -77.211)",39.1166315,-77.2109226,2026-03-08,06:00 PM,eBird - Traveling Count,5,1,.101,,1,,,74°. Nice big gang of cedar wax wings
S308724484,White-breasted Nuthatch,Sitta carolinensis,26889,1,US-MD,Montgomery,L56914155,"Crown Woods, Gaithersburg, Maryland, US (39.117, -77.211)",39.1166315,-77.2109226,2026-03-13,08:51 AM,eBird - Traveling Count,21,1,.606,,1,,,Looks like the crown woods red shouldered Hawks have lost their first nest and are building a second one in a different tree. Very brisk morning. Lots of alerts from the Hawks neighbors.
S311533358,White-breasted Nuthatch,Sitta carolinensis,26889,1,US-MD,Montgomery,L56914155,"Crown Woods, Gaithersburg, Maryland, US (39.117, -77.211)",39.1166315,-77.2109226,2026-03-21,01:16 PM,eBird - Traveling Count,8,1,.434,,1,,,Gorgeous walk through crownwoods
S285632076,White-breasted Nuthatch,Sitta carolinensis,26889,3,US-MD,Montgomery,L4395404,Evans Parkway Park,39.0277688,-77.0430824,2025-11-15,10:49 AM,eBird - Traveling Count,366,1,59.383,,1
S175882870,White-breasted Nuthatch,Sitta carolinensis,26889,X,US-MD,Montgomery,L9055068,Hibiscus court Maryland,39.1187154,-77.2108193,2024-05-20,08:45 AM,eBird - Stationary Count,4,1,,,1
S176723839,White-breasted Nuthatch,Sitta carolinensis,26889,1,US-MD,Montgomery,L9055068,Hibiscus court Maryland,39.1187154,-77.2108193,2024-05-24,08:49 AM,eBird - Traveling Count,19,1,.733,,1
S177681042,White-breasted Nuthatch,Sitta carolinensis,26889,1,US-MD,Montgomery,L9055068,Hibiscus court Maryland,39.1187154,-77.2108193,2024-05-27,04:45 PM,eBird - Traveling Count,89,1,1.979,,1
S207069439,White-breasted Nuthatch,Sitta carolinensis,26889,1,US-MD,Montgomery,L9055068,Hibiscus court Maryland,39.1187154,-77.2108193,2024-12-28,01:24 PM,eBird - Stationary Count,133,1,,,1
S212334920,White-breasted Nuthatch,Sitta carolinensis,26889,1,US-MD,Montgomery,L9055068,Hibiscus court Maryland,39.1187154,-77.2108193,2025-02-07,02:23 PM,eBird - Traveling Count,70,1,1.77,,1
S213498174,White-breasted Nuthatch,Sitta carolinensis,26889,1,US-MD,Montgomery,L9055068,Hibiscus court Maryland,39.1187154,-77.2108193,2025-02-15,10:57 AM,eBird - Stationary Count,38,1,,,1
S239703804,White-breasted Nuthatch,Sitta carolinensis,26889,1,US-MD,Montgomery,L9055068,Hibiscus court Maryland,39.1187154,-77.2108193,2025-05-18,10:01 AM,eBird - Stationary Count,30,1,,,1
S245892700,White-breasted Nuthatch,Sitta carolinensis,26889,1,US-MD,Montgomery,L9055068,Hibiscus court Maryland,39.1187154,-77.2108193,2025-06-02,09:09 AM,eBird - Traveling Count,9,1,.177,,1
S252174780,White-breasted Nuthatch,Sitta carolinensis,26889,1,US-MD,Montgomery,L9055068,Hibiscus court Maryland,39.1187154,-77.2108193,2025-06-19,07:52 PM,eBird - Casual Observation,,0,,,1
S264217115,White-breasted Nuthatch,Sitta carolinensis,26889,1,US-MD,Montgomery,L9055068,Hibiscus court Maryland,39.1187154,-77.2108193,2025-08-01,11:16 AM,eBird - Stationary Count,12,1,,,1
S294011741,White-breasted Nuthatch,Sitta carolinensis,26889,1,US-MD,Montgomery,L9055068,Hibiscus court Maryland,39.1187154,-77.2108193,2026-01-13,08:48 AM,eBird - Traveling Count,16,1,.827,,1
S299526270,White-breasted Nuthatch,Sitta carolinensis,26889,1,US-MD,Montgomery,L9055068,Hibiscus court Maryland,39.1187154,-77.2108193,2026-02-11,08:47 AM,eBird - Traveling Count,21,1,.585,,1
S316727021,White-breasted Nuthatch,Sitta carolinensis,26889,2,US-MD,Montgomery,L9055068,Hibiscus court Maryland,39.1187154,-77.2108193,2026-04-04,08:41 AM,eBird - Traveling Count,15,1,.656,,1,,,Nice warm morning. Lots of bird activity and a gentle warm rain.
S288199927,White-breasted Nuthatch,Sitta carolinensis,26889,1,US-MD,Montgomery,L3028209,ICC Bikepath--Rt.97 to Layhill Rd.,39.114851,-77.062614,2025-12-10,01:05 PM,eBird - Traveling Count,69,1,38.832,,1
S240002346,White-breasted Nuthatch,Sitta carolinensis,26889,1,US-MD,Montgomery,L2769057,Little Bennett RP--Western Piedmont Trail,39.27653,-77.3071432,2025-05-18,06:20 PM,eBird - Traveling Count,44,1,1.223,,1
S290043654,White-breasted Nuthatch,Sitta carolinensis,26889,1,US-MD,Montgomery,L2769057,Little Bennett RP--Western Piedmont Trail,39.27653,-77.3071432,2025-12-24,03:04 PM,eBird - Traveling Count,57,1,1.525,,2
S173483643,White-breasted Nuthatch,Sitta carolinensis,26889,2,US-MD,Montgomery,L31569197,"Malcolm King Park (39.121, -77.212)",39.1205865,-77.212024,2024-05-11,09:34 AM,eBird - Traveling Count,37,1,1.189,,2,,,Just our daily morning dog walk!
S174220089,White-breasted Nuthatch,Sitta carolinensis,26889,1,US-MD,Montgomery,L31569197,"Malcolm King Park (39.121, -77.212)",39.1205865,-77.212024,2024-05-13,08:59 AM,eBird - Traveling Count,13,1,.803,,1,,,Another day another Cardinal LOL.
S252450226,White-breasted Nuthatch,Sitta carolinensis,26889,1,US-MD,Montgomery,L31569197,"Malcolm King Park (39.121, -77.212)",39.1205865,-77.212024,2025-06-19,07:07 PM,eBird - Traveling Count,39,1,1.35,,1
S282549377,White-breasted Nuthatch,Sitta carolinensis,26889,1,US-MD,Montgomery,L31569197,"Malcolm King Park (39.121, -77.212)",39.1205865,-77.212024,2025-11-02,10:30 AM,eBird - Traveling Count,24,1,.873,,1
S290182812,White-breasted Nuthatch,Sitta carolinensis,26889,1,US-MD,Montgomery,L31569197,"Malcolm King Park (39.121, -77.212)",39.1205865,-77.212024,2025-12-25,12:06 PM,eBird - Traveling Count,27,1,1.078,,1
S292410625,White-breasted Nuthatch,Sitta carolinensis,26889,1,US-MD,Montgomery,L31569197,"Malcolm King Park (39.121, -77.212)",39.1205865,-77.212024,2026-01-04,11:17 AM,eBird - Traveling Count,77,1,1.98,,2
S302680251,White-breasted Nuthatch,Sitta carolinensis,26889,1,US-MD,Montgomery,L31569197,"Malcolm King Park (39.121, -77.212)",39.1205865,-77.212024,2026-02-21,08:56 AM,eBird - Traveling Count,15,1,.76,,1
S306793326,White-breasted Nuthatch,Sitta carolinensis,26889,1,US-MD,Montgomery,L31569197,"Malcolm King Park (39.121, -77.212)",39.1205865,-77.212024,2026-03-07,09:48 AM,eBird - Traveling Count,17,1,.749,,1,,,"Very humid day. Most of the birds are pretty angry about the two red shoulder hawks flying around, filling a nest near the park bench at the shady Grove Park entrance."
S219612076,White-breasted Nuthatch,Sitta carolinensis,26889,1,US-MD,Montgomery,L11101726,Muddy Branch Park,39.113044,-77.226531,2025-03-20,11:04 AM,eBird - Traveling Count,26,1,.547,,1
S283561628,White-breasted Nuthatch,Sitta carolinensis,26889,2,US-MD,Montgomery,L505316,Seneca Creek SP--Clopper Lake,39.142381,-77.252465,2025-11-08,03:09 PM,eBird - Traveling Count,18,1,.151,,1
S221956322,White-breasted Nuthatch,Sitta carolinensis,26889,1,US-MD,Montgomery,L41905651,"Seneca Greenway Trail, Gaithersburg, Maryland, US (39.167, -77.229)",39.1672893,-77.2288242,2025-03-30,06:33 PM,eBird - Traveling Count,28,1,.35,,1
S227641632,White-breasted Nuthatch,Sitta carolinensis,26889,2,US-MD,Montgomery,L2055457,Sycamore Landing Rd. fields,39.0839717,-77.4146461,2025-04-20,06:54 PM,eBird - Traveling Count,41,1,2.494,,1
S314372032,White-breasted Nuthatch,Sitta carolinensis,26889,1,US-MD,Montgomery,L48823610,Washington Grove Conservation Park,39.136651,-77.171927,2026-03-29,10:35 AM,eBird - Traveling Count,47,1,1.727,,1
S239213799,White-breasted Nuthatch,Sitta carolinensis,26889,1,US-MD,Prince George's,L305078,Patuxent Research Refuge--South Tract (National Wildlife Visitor Center),39.0270605,-76.7991731,2025-05-17,08:28 AM,eBird - Traveling Count,149,1,6.502,,1
S221934041,White-breasted Nuthatch,Sitta carolinensis,26889,2,US-MD,Washington,L31950817,"3716 Harpers Ferry Road, Sharpsburg, Maryland, US (39.415, -77.737)",39.4153833,-77.7371018,2025-03-30,03:58 PM,eBird - Traveling Count,76,1,.07,,1
S275759758,White-breasted Nuthatch,Sitta carolinensis,26889,1,US-MD,Washington,L31950817,"3716 Harpers Ferry Road, Sharpsburg, Maryland, US (39.415, -77.737)",39.4153833,-77.7371018,2025-09-27,09:16 AM,eBird - Stationary Count,14,1,,,1
S288632117,White-breasted Nuthatch,Sitta carolinensis,26889,1,US-MD,Washington,L31950817,"3716 Harpers Ferry Road, Sharpsburg, Maryland, US (39.415, -77.737)",39.4153833,-77.7371018,2025-12-14,03:54 PM,eBird - Stationary Count,67,1,,,1
S199682839,White-breasted Nuthatch,Sitta carolinensis,26889,2,US-MD,Washington,L3108412,Antietam National Battlefield--Burnside Bridge,39.4505101,-77.7318442,2024-10-20,03:00 PM,eBird - Traveling Count,160,1,32.895,,3
S257633796,White-breasted Nuthatch,Sitta carolinensis,26889,1,US-MD,Washington,L5825627,Antietam National Battlefield--Snavely Ford Trail,39.449291,-77.7314029,2025-07-06,04:30 PM,eBird - Traveling Count,39,1,1.113,,1
S270449595,White-breasted Nuthatch,Sitta carolinensis,26889,1,US-MD,Washington,L1135534,C&O Canal--Dargan's Bend,39.3650609,-77.7403951,2025-08-30,02:58 PM,eBird - Traveling Count,28,1,.269,,1
S303943677,White-breasted Nuthatch,Sitta carolinensis,26889,2,US-MD,Washington,L59209237,"Private Yard, Sharpsburg, Maryland, US (39.416, -77.737)",39.4157499,-77.7373156,2026-02-24,03:16 PM,eBird - Traveling Count,210,1,85.948,,1
S306960721,White-breasted Nuthatch,Sitta carolinensis,26889,2,US-MD,Washington,L59209237,"Private Yard, Sharpsburg, Maryland, US (39.416, -77.737)",39.4157499,-77.7373156,2026-03-07,04:48 PM,eBird - Traveling Count,41,1,.048,,2
S192337224,Red-breasted Nuthatch,Sitta canadensis,26937,3,US-NH,Coos,L3547211,"Errol, private yards",44.7891067,-71.1536837,2024-08-19,05:00 PM,eBird - Stationary Count,15,1,,,3
S206174934,Red-breasted Nuthatch,Sitta canadensis,26937,6,US-NH,Coos,L3547211,"Errol, private yards",44.7891067,-71.1536837,2024-12-21,09:55 AM,eBird - Stationary Count,70,1,,,4
S268111225,Red-breasted Nuthatch,Sitta canadensis,26937,1,US-NH,Coos,L1209933,"Umbagog NWR--Magalloway River Trail, Wentworths Location",44.8424719,-71.0572958,2025-08-18,02:08 PM,eBird - Traveling Count,70,1,1.903,,1
S173683770,Red-breasted Nuthatch,Sitta canadensis,26937,1,US-DC,District of Columbia,L490336,C&O Canal--Fletcher's Cove (Fletcher's Boathouse),38.9188853,-77.1022224,2017-04-05,01:25 PM,eBird - Traveling Count,75,1,2.414,,3,,,With Paul Charron and Chris Marcum
S201163113,Red-breasted Nuthatch,Sitta canadensis,26937,1,US-MD,Montgomery,L37779595,"18953 Abbotsford Circle, Germantown, Maryland, US (39.164, -77.239)",39.1644592,-77.238655,2024-11-02,01:37 PM,eBird - Traveling Count,30,0,45.575,,1
S300432928,Red-breasted Nuthatch,Sitta canadensis,26937,1,US-MD,Montgomery,L9055068,Hibiscus court Maryland,39.1187154,-77.2108193,2026-02-14,10:38 AM,eBird - Traveling Count,9,1,.447,,1
S275759758,Red-breasted Nuthatch,Sitta canadensis,26937,1,US-MD,Washington,L31950817,"3716 Harpers Ferry Road, Sharpsburg, Maryland, US (39.415, -77.737)",39.4153833,-77.7371018,2025-09-27,09:16 AM,eBird - Stationary Count,14,1,,,1
S313007777,Eurasian Nuthatch,Sitta europaea,26966,2,DE-BE,Berlin (Kreisfreie Stadt),L29026686,Pariser Platz,52.5162796,13.3776999,2026-03-25,04:30 PM,eBird - Traveling Count,24,1,1.097,,1,,,Very chilly day
S210247451,Brown Creeper,Certhia americana,27026,2,US-MD,Montgomery,L214293,C&O Canal--Great Falls,38.9994802,-77.2450634,2022-01-08,09:00 AM,Historical,60,0,3.219
S209075439,Brown Creeper,Certhia americana,27026,2,US-MD,Montgomery,L214293,C&O Canal--Great Falls,38.9994802,-77.2450634,2025-01-12,03:40 PM,eBird - Traveling Count,62,1,.966,,1,,Two individuals on the same tree. There was also some Carolina chickadees and two white-threaded sparrows nearby.,The app stopped working repeatedly. It only recorded the first 6 minutes of our track. It should have recorded an entire 2/3 of a mile hike out and back to Olmsted Island.
S316727021,Brown Creeper,Certhia americana,27026,1,US-MD,Montgomery,L9055068,Hibiscus court Maryland,39.1187154,-77.2108193,2026-04-04,08:41 AM,eBird - Traveling Count,15,1,.656,,1,,"Another season first. Black brown white mottled back, white belly curved bill. Was on an oak tree near the muddy branch water.",Nice warm morning. Lots of bird activity and a gentle warm rain.
S283561628,Brown Creeper,Certhia americana,27026,2,US-MD,Montgomery,L505316,Seneca Creek SP--Clopper Lake,39.142381,-77.252465,2025-11-08,03:09 PM,eBird - Traveling Count,18,1,.151,,1
S203796738,Brown Creeper,Certhia americana,27026,3,US-MD,Montgomery,L2055457,Sycamore Landing Rd. fields,39.0839717,-77.4146461,2024-11-27,02:08 PM,eBird - Traveling Count,89,1,4.361,,2
S313007777,Short-toed Treecreeper,Certhia brachydactyla,27044,2,DE-BE,Berlin (Kreisfreie Stadt),L29026686,Pariser Platz,52.5162796,13.3776999,2026-03-25,04:30 PM,eBird - Traveling Count,24,1,1.097,,1,,,Very chilly day
S273283091,Short-toed Treecreeper,Certhia brachydactyla,27044,1,CH-VD,,L2545642,Bois de Chênes,46.4377534,6.2347841,2025-09-14,11:21 AM,eBird - Stationary Count,47,1,,,1
S225941637,Blue-gray Gnatcatcher,Polioptila caerulea,27123,1,US-FL,Charlotte,L618537,Amberjack Environmental Park--Lemon Lake,26.8725833,-82.3001289,2025-04-15,05:04 PM,eBird - Traveling Count,72,1,3.235,,1
S226075152,Blue-gray Gnatcatcher,Polioptila caerulea,27123,1,US-FL,Charlotte,L618537,Amberjack Environmental Park--Lemon Lake,26.8725833,-82.3001289,2025-04-16,08:52 AM,eBird - Traveling Count,100,1,1.018,,4
S226075158,Blue-gray Gnatcatcher,Polioptila caerulea,27123,1,US-FL,Charlotte,L618537,Amberjack Environmental Park--Lemon Lake,26.8725833,-82.3001289,2025-04-16,08:52 AM,eBird - Traveling Count,100,1,1.018,,4
S299019880,Blue-gray Gnatcatcher,Polioptila caerulea,27123,3,US-FL,Charlotte,L618537,Amberjack Environmental Park--Lemon Lake,26.8725833,-82.3001289,2026-02-08,05:00 PM,eBird - Traveling Count,34,1,.332,,2
S298683570,Blue-gray Gnatcatcher,Polioptila caerulea,27123,2,US-FL,Charlotte,L21750506,"Live Oak Blvd, Prairie Creek Preserve entrance road",27.005263,-81.929974,2026-02-07,09:07 AM,eBird - Traveling Count,83,1,4.837,,2
S298932326,Blue-gray Gnatcatcher,Polioptila caerulea,27123,1,US-FL,Charlotte,L617642,Ollie's Pond Park,26.9860616,-82.1496961,2026-02-08,09:32 AM,eBird - Traveling Count,154,1,1.556,,2
S256585579,Blue-gray Gnatcatcher,Polioptila caerulea,27123,1,US-MD,Frederick,L12242883,Othello Regional Park,39.346886,-77.601207,2025-07-03,03:50 PM,eBird - Traveling Count,18,1,1.195,,1
S242111995,Blue-gray Gnatcatcher,Polioptila caerulea,27123,1,US-MD,Montgomery,L45854782,"23425 Slidell Road, Ten Mile Creek, Maryland, US (39.241, -77.32)",39.2410277,-77.3204555,2025-05-24,02:32 PM,eBird - Traveling Count,73,1,1.191,,1
S245500420,Blue-gray Gnatcatcher,Polioptila caerulea,27123,1,US-MD,Montgomery,L285049,Agricultural History Farm Park,39.1610805,-77.1322894,2025-06-01,10:11 AM,eBird - Traveling Count,66,1,3.46,,1
S182634611,Blue-gray Gnatcatcher,Polioptila caerulea,27123,1,US-MD,Montgomery,L7383392,Bohrer Park,39.1329353,-77.1933532,2024-06-20,08:42 AM,eBird - Traveling Count,28,1,1.094,,1
S233615339,Blue-gray Gnatcatcher,Polioptila caerulea,27123,X,US-MD,Montgomery,L584300,C&O Canal--Edwards Ferry,39.1030006,-77.4737057,2025-05-05,06:00 PM,eBird - Traveling Count,42,1,1.493,,1
S249924330,Blue-gray Gnatcatcher,Polioptila caerulea,27123,2,US-MD,Montgomery,L360157,C&O Canal--Riley's Lock,39.0682467,-77.3431492,2025-06-12,07:45 PM,eBird - Traveling Count,61,1,.287,,1
S243074956,Blue-gray Gnatcatcher,Polioptila caerulea,27123,1,US-MD,Montgomery,L192824,C&O Canal--Violette's Lock,39.066803,-77.32951,2025-05-26,11:56 AM,eBird - Traveling Count,55,1,.8,,2
S223512042,Blue-gray Gnatcatcher,Polioptila caerulea,27123,2,US-MD,Montgomery,L42214720,"Camp Seneca, Maryland, US (39.177, -77.302)",39.1772081,-77.3018305,2025-04-06,02:51 PM,eBird - Traveling Count,57,1,1.207,,1
S230164377,Blue-gray Gnatcatcher,Polioptila caerulea,27123,1,US-MD,Montgomery,L42214720,"Camp Seneca, Maryland, US (39.177, -77.302)",39.1772081,-77.3018305,2025-04-27,01:45 PM,eBird - Traveling Count,50,1,.49,,1
S178096709,Blue-gray Gnatcatcher,Polioptila caerulea,27123,0,US-MD,Montgomery,L9055068,Hibiscus court Maryland,39.1187154,-77.2108193,2024-05-29,07:32 PM,eBird - Traveling Count,20,1,.563,,1
S264217115,Blue-gray Gnatcatcher,Polioptila caerulea,27123,1,US-MD,Montgomery,L9055068,Hibiscus court Maryland,39.1187154,-77.2108193,2025-08-01,11:16 AM,eBird - Stationary Count,12,1,,,1
S230178063,Blue-gray Gnatcatcher,Polioptila caerulea,27123,2,US-MD,Montgomery,L1404741,Hoyles Mill Conservation Park,39.1771462,-77.319694,2025-04-27,02:46 PM,eBird - Traveling Count,20,1,.418,,1
S194193514,Blue-gray Gnatcatcher,Polioptila caerulea,27123,2,US-MD,Montgomery,L126620,Hughes Hollow - McKee Beshers WMA,39.0803767,-77.4035096,2024-09-06,05:47 PM,eBird - Traveling Count,56,1,3.219,,4
S227622469,Blue-gray Gnatcatcher,Polioptila caerulea,27123,3,US-MD,Montgomery,L126620,Hughes Hollow - McKee Beshers WMA,39.0803767,-77.4035096,2025-04-20,05:15 PM,eBird - Traveling Count,87,1,2.301,,1
S253053193,Blue-gray Gnatcatcher,Polioptila caerulea,27123,3,US-MD,Montgomery,L126620,Hughes Hollow - McKee Beshers WMA,39.0803767,-77.4035096,2025-06-22,06:50 AM,eBird - Traveling Count,99,1,1.237,,1
S230262565,Blue-gray Gnatcatcher,Polioptila caerulea,27123,4,US-MD,Montgomery,L22161519,Hughes Hollow - McKee Beshers WMA--sunflower area and eastern fields,39.076893,-77.3812916,2025-04-27,03:44 PM,eBird - Traveling Count,78,1,3.75,,3
S259649565,Blue-gray Gnatcatcher,Polioptila caerulea,27123,1,US-MD,Montgomery,L22161519,Hughes Hollow - McKee Beshers WMA--sunflower area and eastern fields,39.076893,-77.3812916,2025-07-13,03:51 PM,eBird - Traveling Count,9,1,.612,,1
S240002346,Blue-gray Gnatcatcher,Polioptila caerulea,27123,1,US-MD,Montgomery,L2769057,Little Bennett RP--Western Piedmont Trail,39.27653,-77.3071432,2025-05-18,06:20 PM,eBird - Traveling Count,44,1,1.223,,1
S221956322,Blue-gray Gnatcatcher,Polioptila caerulea,27123,1,US-MD,Montgomery,L41905651,"Seneca Greenway Trail, Gaithersburg, Maryland, US (39.167, -77.229)",39.1672893,-77.2288242,2025-03-30,06:33 PM,eBird - Traveling Count,28,1,.35,,1
S230664462,Blue-gray Gnatcatcher,Polioptila caerulea,27123,2,US-MD,Montgomery,L41905651,"Seneca Greenway Trail, Gaithersburg, Maryland, US (39.167, -77.229)",39.1672893,-77.2288242,2025-04-28,06:28 PM,eBird - Traveling Count,80,1,2.317,,1
S227641632,Blue-gray Gnatcatcher,Polioptila caerulea,27123,5,US-MD,Montgomery,L2055457,Sycamore Landing Rd. fields,39.0839717,-77.4146461,2025-04-20,06:54 PM,eBird - Traveling Count,41,1,2.494,,1
S315714190,Blue-gray Gnatcatcher,Polioptila caerulea,27123,1,US-MD,Montgomery,L2055457,Sycamore Landing Rd. fields,39.0839717,-77.4146461,2026-04-01,06:15 PM,eBird - Traveling Count,26,1,11.681,,1
S239253914,Blue-gray Gnatcatcher,Polioptila caerulea,27123,1,US-MD,Prince George's,L42706061,Patuxent Research Refuge--Central Tract (Restricted Access),39.0491905,-76.7986274,2025-05-17,11:28 AM,eBird - Traveling Count,35,1,3.206,,1
S177579473,Blue-gray Gnatcatcher,Polioptila caerulea,27123,1,US-MD,Prince George's,L305078,Patuxent Research Refuge--South Tract (National Wildlife Visitor Center),39.0270605,-76.7991731,2024-05-27,09:22 AM,eBird - Traveling Count,131,0,8.433,,2
S239213799,Blue-gray Gnatcatcher,Polioptila caerulea,27123,3,US-MD,Prince George's,L305078,Patuxent Research Refuge--South Tract (National Wildlife Visitor Center),39.0270605,-76.7991731,2025-05-17,08:28 AM,eBird - Traveling Count,149,1,6.502,,1
S235749233,Blue-gray Gnatcatcher,Polioptila caerulea,27123,1,US-DE,Sussex,L1265319,Cape Henlopen SP--The Point,38.8000272,-75.092376,2025-05-10,02:06 PM,eBird - Traveling Count,42,1,5.472,,1
S257633796,Blue-gray Gnatcatcher,Polioptila caerulea,27123,3,US-MD,Washington,L5825627,Antietam National Battlefield--Snavely Ford Trail,39.449291,-77.7314029,2025-07-06,04:30 PM,eBird - Traveling Count,39,1,1.113,,1
S180295745,Blue-gray Gnatcatcher,Polioptila caerulea,27123,X,US-MD,Washington,L33056912,"Rohrbach Campground, Sharpsburg, Maryland, US (39.454, -77.731)",39.4543401,-77.7314234,2024-06-09,05:48 AM,eBird - Stationary Count,4,0,,,1
S180559345,Blue-gray Gnatcatcher,Polioptila caerulea,27123,1,US-MD,Washington,L33056912,"Rohrbach Campground, Sharpsburg, Maryland, US (39.454, -77.731)",39.4543401,-77.7314234,2024-06-09,09:12 AM,eBird - Traveling Count,60,1,.298,,1
S173207161,Black-tailed Gnatcatcher,Polioptila melanura,27133,X,US-AZ,Pima,L267156,Danny Lopez Park (formerly Columbus Park),32.2856814,-111.0346556,2013-12-20,10:00 AM,eBird - Stationary Count,60,1,,,4
S299224660,Northern House Wren,Troglodytes aedon,27191,1,US-FL,Charlotte,L17495505,Links Lane,26.8642861,-82.2841545,2026-02-09,03:08 PM,eBird - Traveling Count,127,1,.246,,2
S176244827,Northern House Wren,Troglodytes aedon,27191,X,US-DC,District of Columbia,L1088366,Lafayette Park,38.8994874,-77.036562,2024-05-21,06:22 PM,eBird - Traveling Count,6,1,.51,,1
S173968054,Northern House Wren,Troglodytes aedon,27191,2,US-MD,Montgomery,L285049,Agricultural History Farm Park,39.1610805,-77.1322894,2024-05-12,10:26 AM,eBird - Traveling Count,104,1,2.414,,1
S245500420,Northern House Wren,Troglodytes aedon,27191,2,US-MD,Montgomery,L285049,Agricultural History Farm Park,39.1610805,-77.1322894,2025-06-01,10:11 AM,eBird - Traveling Count,66,1,3.46,,1
S233083528,Northern House Wren,Troglodytes aedon,27191,X,US-MD,Montgomery,L196528,Black Hill Regional Park,39.192365,-77.295757,2025-05-04,12:18 PM,eBird - Traveling Count,64,1,3.541,,1
S182634611,Northern House Wren,Troglodytes aedon,27191,1,US-MD,Montgomery,L7383392,Bohrer Park,39.1329353,-77.1933532,2024-06-20,08:42 AM,eBird - Traveling Count,28,1,1.094,,1
S232647749,Northern House Wren,Troglodytes aedon,27191,2,US-MD,Montgomery,L33913928,"Camden Retention Pond, Gaithersburg, Maryland, US (39.12, -77.206)",39.1197497,-77.2064087,2025-05-03,03:19 PM,eBird - Traveling Count,32,1,1.03,,1
S230164377,Northern House Wren,Troglodytes aedon,27191,1,US-MD,Montgomery,L42214720,"Camp Seneca, Maryland, US (39.177, -77.302)",39.1772081,-77.3018305,2025-04-27,01:45 PM,eBird - Traveling Count,50,1,.49,,1
S176115246,Northern House Wren,Troglodytes aedon,27191,1,US-MD,Montgomery,L9055068,Hibiscus court Maryland,39.1187154,-77.2108193,2024-05-21,07:09 AM,eBird - Traveling Count,14,1,.694,,1
S177681042,Northern House Wren,Troglodytes aedon,27191,2,US-MD,Montgomery,L9055068,Hibiscus court Maryland,39.1187154,-77.2108193,2024-05-27,04:45 PM,eBird - Traveling Count,89,1,1.979,,1
S182239020,Northern House Wren,Troglodytes aedon,27191,1,US-MD,Montgomery,L9055068,Hibiscus court Maryland,39.1187154,-77.2108193,2024-06-18,07:32 AM,eBird - Traveling Count,23,1,1.094,,1
S229607559,Northern House Wren,Troglodytes aedon,27191,1,US-MD,Montgomery,L9055068,Hibiscus court Maryland,39.1187154,-77.2108193,2025-04-26,11:07 AM,eBird - Traveling Count,5,1,.272,,1
S253652061,Northern House Wren,Troglodytes aedon,27191,2,US-MD,Montgomery,L9055068,Hibiscus court Maryland,39.1187154,-77.2108193,2025-06-24,07:41 AM,eBird - Traveling Count,13,1,.508,,1
S230262565,Northern House Wren,Troglodytes aedon,27191,1,US-MD,Montgomery,L22161519,Hughes Hollow - McKee Beshers WMA--sunflower area and eastern fields,39.076893,-77.3812916,2025-04-27,03:44 PM,eBird - Traveling Count,78,1,3.75,,3
S232693931,Northern House Wren,Troglodytes aedon,27191,1,US-MD,Montgomery,L44046276,"Lake Varuna, Gaithersburg, Maryland, US (39.119, -77.228)",39.1190779,-77.227522,2025-05-03,05:46 PM,eBird - Stationary Count,3,1,,,1
S175564443,Northern House Wren,Troglodytes aedon,27191,X,US-MD,Washington,L31950817,"3716 Harpers Ferry Road, Sharpsburg, Maryland, US (39.415, -77.737)",39.4153833,-77.7371018,2024-05-19,07:57 AM,eBird - Stationary Count,90,1,,,1
S175728697,Northern House Wren,Troglodytes aedon,27191,2,US-MD,Washington,L31950817,"3716 Harpers Ferry Road, Sharpsburg, Maryland, US (39.415, -77.737)",39.4153833,-77.7371018,2024-05-19,01:18 PM,eBird - Traveling Count,172,1,6.436,,3
S252687295,Northern House Wren,Troglodytes aedon,27191,1,US-MD,Washington,L31950817,"3716 Harpers Ferry Road, Sharpsburg, Maryland, US (39.415, -77.737)",39.4153833,-77.7371018,2025-06-21,08:44 AM,eBird - Stationary Count,31,1,,,1
S180559345,Northern House Wren,Troglodytes aedon,27191,1,US-MD,Washington,L33056912,"Rohrbach Campground, Sharpsburg, Maryland, US (39.454, -77.731)",39.4543401,-77.7314234,2024-06-09,09:12 AM,eBird - Traveling Count,60,1,.298,,1
S259302581,Northern House Wren,Troglodytes aedon,27191,2,US-MD,Washington,L33056912,"Rohrbach Campground, Sharpsburg, Maryland, US (39.454, -77.731)",39.4543401,-77.7314234,2025-07-12,03:12 PM,eBird - Traveling Count,99,1,2.404,,1
S199451432,Eurasian Wren,Troglodytes troglodytes,27258,X,GB-ENG,East Sussex,L37440658,"Brighton Beach, England, GB (50.819, -0.133)",50.8191163,-.1328981,2015-06-25,10:14 AM,eBird - Casual Observation,,0,,,1
S267714441,Winter Wren,Troglodytes hiemalis,27295,2,US-NH,Coos,L51626476,"9 School Street, Whitefield, New Hampshire, US (44.374, -71.614)",44.3742577,-71.6135718,2025-08-16,06:00 PM,eBird - Traveling Count,90,1,.056,,1
S192398436,Winter Wren,Troglodytes hiemalis,27295,1,US-NH,Coos,L35984729,"Dam Road, Errol, New Hampshire, US (44.822, -71.081)",44.8217351,-71.0806811,2024-08-22,04:41 PM,eBird - Stationary Count,63,0,,,2
S309588450,Winter Wren,Troglodytes hiemalis,27295,1,US-DC,District of Columbia,L585694,Kingman Island South - Kingman Lake/Heritage Island,38.893872,-76.965301,2026-03-15,02:12 PM,eBird - Traveling Count,97,1,1.668,,1
S294986972,Winter Wren,Troglodytes hiemalis,27295,1,US-VA,Fairfax,L718485,Great Falls Park,38.9937,-77.2553,2026-01-18,12:14 PM,eBird - Traveling Count,51,1,.724,,1
S285631806,Winter Wren,Troglodytes hiemalis,27295,2,US-MD,Montgomery,L22161519,Hughes Hollow - McKee Beshers WMA--sunflower area and eastern fields,39.076893,-77.3812916,2025-11-22,12:53 PM,eBird - Traveling Count,53,1,3.085,,2
S296602619,Winter Wren,Troglodytes hiemalis,27295,1,US-MD,Montgomery,L53737414,Royce Hanson Conservation Park at Broad Run,39.1324176,-77.4573434,2026-01-27,03:24 PM,eBird - Traveling Count,36,1,2.222,,1
S190756985,Marsh Wren,Cistothorus palustris,27329,X,US-OR,Clatsop,L2977912,Seaside (town),45.9930925,-123.9230647,2024-08-05,10:58 PM,eBird - Stationary Count,90,0,,,1
S250341411,Carolina Wren,Thryothorus ludovicianus,27348,1,US-MD,Baltimore,L126626,Fort Howard Park,39.199,-76.44,2025-06-14,03:50 PM,eBird - Traveling Count,51,1,1.658,,1
S225941637,Carolina Wren,Thryothorus ludovicianus,27348,1,US-FL,Charlotte,L618537,Amberjack Environmental Park--Lemon Lake,26.8725833,-82.3001289,2025-04-15,05:04 PM,eBird - Traveling Count,72,1,3.235,,1
S226075152,Carolina Wren,Thryothorus ludovicianus,27348,1,US-FL,Charlotte,L618537,Amberjack Environmental Park--Lemon Lake,26.8725833,-82.3001289,2025-04-16,08:52 AM,eBird - Traveling Count,100,1,1.018,,4
S226075158,Carolina Wren,Thryothorus ludovicianus,27348,1,US-FL,Charlotte,L618537,Amberjack Environmental Park--Lemon Lake,26.8725833,-82.3001289,2025-04-16,08:52 AM,eBird - Traveling Count,100,1,1.018,,4
S299019880,Carolina Wren,Thryothorus ludovicianus,27348,1,US-FL,Charlotte,L618537,Amberjack Environmental Park--Lemon Lake,26.8725833,-82.3001289,2026-02-08,05:00 PM,eBird - Traveling Count,34,1,.332,,2
S226336345,Carolina Wren,Thryothorus ludovicianus,27348,1,US-FL,Charlotte,L617642,Ollie's Pond Park,26.9860616,-82.1496961,2025-04-17,09:25 AM,eBird - Traveling Count,86,1,2.382,,3
S173683770,Carolina Wren,Thryothorus ludovicianus,27348,1,US-DC,District of Columbia,L490336,C&O Canal--Fletcher's Cove (Fletcher's Boathouse),38.9188853,-77.1022224,2017-04-05,01:25 PM,eBird - Traveling Count,75,1,2.414,,3,,Heard,With Paul Charron and Chris Marcum
S309588450,Carolina Wren,Thryothorus ludovicianus,27348,1,US-DC,District of Columbia,L585694,Kingman Island South - Kingman Lake/Heritage Island,38.893872,-76.965301,2026-03-15,02:12 PM,eBird - Traveling Count,97,1,1.668,,1
S304714269,Carolina Wren,Thryothorus ludovicianus,27348,3,US-MD,Frederick,L1739857,Catoctin Creek Park,39.392925,-77.5639615,2026-02-28,02:18 PM,eBird - Traveling Count,54,1,3.215,,1,,,Really nice day about 65° very few birds though at catoctin Park
S250749828,Carolina Wren,Thryothorus ludovicianus,27348,1,US-MD,Frederick,L2756806,Monocacy National Battlefield--Gambrill Mill Trail,39.3688266,-77.3877865,2025-06-15,01:10 PM,eBird - Traveling Count,80,1,1.175,,1
S285631919,Carolina Wren,Thryothorus ludovicianus,27348,1,US-MD,Frederick,L473415,New Design Road,39.2903356,-77.4676037,2025-11-02,12:56 PM,eBird - Traveling Count,207,1,7.02,,1
S184336723,Carolina Wren,Thryothorus ludovicianus,27348,1,US-MD,Frederick,L281578,Sugarloaf Mt.,39.2626685,-77.3972133,2018-04-01,10:45 AM,eBird - Traveling Count,130,1,4.828,,1
S314856678,Carolina Wren,Thryothorus ludovicianus,27348,1,US-MD,Howard,L716095,Patapsco Valley SP--Hollofield Section,39.2954172,-76.7864513,2026-03-30,01:49 PM,eBird - Traveling Count,78,1,.61,,1,,,Gorgeous day but no birds..
S302222394,Carolina Wren,Thryothorus ludovicianus,27348,1,US-MD,Montgomery,L57047379,"A Fields Road Elementary, Gaithersburg, Maryland, US (39.119, -77.215)",39.1188882,-77.2150482,2026-02-19,08:34 AM,eBird - Traveling Count,78,1,.82,,1
S302434906,Carolina Wren,Thryothorus ludovicianus,27348,1,US-MD,Montgomery,L57047379,"A Fields Road Elementary, Gaithersburg, Maryland, US (39.119, -77.215)",39.1188882,-77.2150482,2026-02-20,09:10 AM,eBird - Traveling Count,91,1,1.206,,1
S303974969,Carolina Wren,Thryothorus ludovicianus,27348,1,US-MD,Montgomery,L57047379,"A Fields Road Elementary, Gaithersburg, Maryland, US (39.119, -77.215)",39.1188882,-77.2150482,2026-02-26,08:24 AM,eBird - Traveling Count,24,1,.427,,1
S304364531,Carolina Wren,Thryothorus ludovicianus,27348,1,US-MD,Montgomery,L57047379,"A Fields Road Elementary, Gaithersburg, Maryland, US (39.119, -77.215)",39.1188882,-77.2150482,2026-02-27,08:46 AM,eBird - Traveling Count,19,1,.435,,1
S305295338,Carolina Wren,Thryothorus ludovicianus,27348,1,US-MD,Montgomery,L57047379,"A Fields Road Elementary, Gaithersburg, Maryland, US (39.119, -77.215)",39.1188882,-77.2150482,2026-03-02,08:47 AM,eBird - Traveling Count,13,1,.458,,1
S173968054,Carolina Wren,Thryothorus ludovicianus,27348,X,US-MD,Montgomery,L285049,Agricultural History Farm Park,39.1610805,-77.1322894,2024-05-12,10:26 AM,eBird - Traveling Count,104,1,2.414,,1
S245500420,Carolina Wren,Thryothorus ludovicianus,27348,1,US-MD,Montgomery,L285049,Agricultural History Farm Park,39.1610805,-77.1322894,2025-06-01,10:11 AM,eBird - Traveling Count,66,1,3.46,,1
S307433161,Carolina Wren,Thryothorus ludovicianus,27348,2,US-MD,Montgomery,L1316706,Black Hill Hiker/Biker Trail,39.1941644,-77.2873378,2026-03-08,06:34 PM,eBird - Traveling Count,17,1,.825,,1
S206809614,Carolina Wren,Thryothorus ludovicianus,27348,5,US-MD,Montgomery,L196528,Black Hill Regional Park,39.192365,-77.295757,2024-12-27,04:17 PM,eBird - Traveling Count,80,1,13.164,,1
S182634611,Carolina Wren,Thryothorus ludovicianus,27348,1,US-MD,Montgomery,L7383392,Bohrer Park,39.1329353,-77.1933532,2024-06-20,08:42 AM,eBird - Traveling Count,28,1,1.094,,1
S189398872,Carolina Wren,Thryothorus ludovicianus,27348,1,US-MD,Montgomery,L7383392,Bohrer Park,39.1329353,-77.1933532,2024-07-29,08:46 AM,eBird - Traveling Count,15,1,.933,,1
S261740933,Carolina Wren,Thryothorus ludovicianus,27348,1,US-MD,Montgomery,L479449,Brewer House Rd. Pond,39.0313193,-77.1145391,2025-07-20,12:03 PM,eBird - Traveling Count,401,1,31.233,,1
S210247451,Carolina Wren,Thryothorus ludovicianus,27348,1,US-MD,Montgomery,L214293,C&O Canal--Great Falls,38.9994802,-77.2450634,2022-01-08,09:00 AM,Historical,60,0,3.219
S173642100,Carolina Wren,Thryothorus ludovicianus,27348,1,US-MD,Montgomery,L515805,C&O Canal--Mouth of the Monocacy (Mont. Co.),39.221687,-77.451432,2024-05-11,03:00 PM,eBird - Stationary Count,60,1,,,1
S245692718,Carolina Wren,Thryothorus ludovicianus,27348,3,US-MD,Montgomery,L515805,C&O Canal--Mouth of the Monocacy (Mont. Co.),39.221687,-77.451432,2025-06-01,05:35 PM,eBird - Traveling Count,35,1,.52,,1
S289393221,Carolina Wren,Thryothorus ludovicianus,27348,3,US-MD,Montgomery,L515805,C&O Canal--Mouth of the Monocacy (Mont. Co.),39.221687,-77.451432,2025-12-20,01:56 PM,eBird - Traveling Count,93,1,3.015,,1
S173683785,Carolina Wren,Thryothorus ludovicianus,27348,7,US-MD,Montgomery,L360157,C&O Canal--Riley's Lock,39.0682467,-77.3431492,2023-11-23,11:24 AM,eBird - Traveling Count,65,1,.668,,2
S312041346,Carolina Wren,Thryothorus ludovicianus,27348,3,US-MD,Montgomery,L360157,C&O Canal--Riley's Lock,39.0682467,-77.3431492,2026-03-22,11:51 AM,eBird - Traveling Count,34,1,2.696,,2
S173683775,Carolina Wren,Thryothorus ludovicianus,27348,4,US-MD,Montgomery,L192824,C&O Canal--Violette's Lock,39.066803,-77.32951,2023-11-23,12:55 PM,eBird - Traveling Count,20,1,.547,,2
S243074956,Carolina Wren,Thryothorus ludovicianus,27348,2,US-MD,Montgomery,L192824,C&O Canal--Violette's Lock,39.066803,-77.32951,2025-05-26,11:56 AM,eBird - Traveling Count,55,1,.8,,2
S186245651,Carolina Wren,Thryothorus ludovicianus,27348,1,US-MD,Montgomery,L33913928,"Camden Retention Pond, Gaithersburg, Maryland, US (39.12, -77.206)",39.1197497,-77.2064087,2024-07-08,06:37 PM,eBird - Traveling Count,59,1,1.078,,1
S270764740,Carolina Wren,Thryothorus ludovicianus,27348,2,US-MD,Montgomery,L33913928,"Camden Retention Pond, Gaithersburg, Maryland, US (39.12, -77.206)",39.1197497,-77.2064087,2025-08-31,07:33 PM,eBird - Traveling Count,97,1,1.031,,1
S276159786,Carolina Wren,Thryothorus ludovicianus,27348,1,US-MD,Montgomery,L33913928,"Camden Retention Pond, Gaithersburg, Maryland, US (39.12, -77.206)",39.1197497,-77.2064087,2025-09-27,11:00 AM,eBird - Traveling Count,37,1,1.082,,1
S281282055,Carolina Wren,Thryothorus ludovicianus,27348,2,US-MD,Montgomery,L33913928,"Camden Retention Pond, Gaithersburg, Maryland, US (39.12, -77.206)",39.1197497,-77.2064087,2025-10-25,12:08 PM,eBird - Traveling Count,28,1,.952,,1
S286498638,Carolina Wren,Thryothorus ludovicianus,27348,2,US-MD,Montgomery,L33913928,"Camden Retention Pond, Gaithersburg, Maryland, US (39.12, -77.206)",39.1197497,-77.2064087,2025-11-28,12:14 PM,eBird - Traveling Count,18,1,.577,,1
S292971443,Carolina Wren,Thryothorus ludovicianus,27348,1,US-MD,Montgomery,L33913928,"Camden Retention Pond, Gaithersburg, Maryland, US (39.12, -77.206)",39.1197497,-77.2064087,2026-01-07,12:17 PM,eBird - Traveling Count,22,1,.58,,1
S293934806,Carolina Wren,Thryothorus ludovicianus,27348,1,US-MD,Montgomery,L33913928,"Camden Retention Pond, Gaithersburg, Maryland, US (39.12, -77.206)",39.1197497,-77.2064087,2026-01-12,05:09 PM,eBird - Traveling Count,17,1,.755,,1
S316385681,Carolina Wren,Thryothorus ludovicianus,27348,1,US-MD,Montgomery,L33913928,"Camden Retention Pond, Gaithersburg, Maryland, US (39.12, -77.206)",39.1197497,-77.2064087,2026-04-03,01:09 PM,eBird - Traveling Count,39,1,1.061,,1
S294699461,Carolina Wren,Thryothorus ludovicianus,27348,2,US-MD,Montgomery,L56914155,"Crown Woods, Gaithersburg, Maryland, US (39.117, -77.211)",39.1166315,-77.2109226,2026-01-17,10:01 AM,eBird - Traveling Count,41,1,.81,,1
S222948122,Carolina Wren,Thryothorus ludovicianus,27348,2,US-MD,Montgomery,L42096446,"Dufief Muddy Branch Park, North Potomac, Maryland, US (39.105, -77.236)",39.1045983,-77.2364397,2025-04-04,03:51 PM,eBird - Traveling Count,26,1,.885,,2
S308124285,Carolina Wren,Thryothorus ludovicianus,27348,2,US-MD,Montgomery,L42096446,"Dufief Muddy Branch Park, North Potomac, Maryland, US (39.105, -77.236)",39.1045983,-77.2364397,2026-03-10,06:10 PM,eBird - Traveling Count,35,1,.668,,1
S315223385,Carolina Wren,Thryothorus ludovicianus,27348,2,US-MD,Montgomery,L42096446,"Dufief Muddy Branch Park, North Potomac, Maryland, US (39.105, -77.236)",39.1045983,-77.2364397,2026-03-31,01:10 PM,eBird - Traveling Count,41,1,.693,,1
S173332427,Carolina Wren,Thryothorus ludovicianus,27348,2,US-MD,Montgomery,L9055068,Hibiscus court Maryland,39.1187154,-77.2108193,2023-11-22,10:10 AM,eBird - Stationary Count,30,1,,,2
S174850650,Carolina Wren,Thryothorus ludovicianus,27348,1,US-MD,Montgomery,L9055068,Hibiscus court Maryland,39.1187154,-77.2108193,2024-05-16,08:44 AM,eBird - Traveling Count,18,1,.853,,1
S175882870,Carolina Wren,Thryothorus ludovicianus,27348,X,US-MD,Montgomery,L9055068,Hibiscus court Maryland,39.1187154,-77.2108193,2024-05-20,08:45 AM,eBird - Stationary Count,4,1,,,1
S176115246,Carolina Wren,Thryothorus ludovicianus,27348,1,US-MD,Montgomery,L9055068,Hibiscus court Maryland,39.1187154,-77.2108193,2024-05-21,07:09 AM,eBird - Traveling Count,14,1,.694,,1
S176529751,Carolina Wren,Thryothorus ludovicianus,27348,1,US-MD,Montgomery,L9055068,Hibiscus court Maryland,39.1187154,-77.2108193,2024-05-23,08:49 AM,eBird - Traveling Count,46,1,1.706,,1
S178096709,Carolina Wren,Thryothorus ludovicianus,27348,1,US-MD,Montgomery,L9055068,Hibiscus court Maryland,39.1187154,-77.2108193,2024-05-29,07:32 PM,eBird - Traveling Count,20,1,.563,,1
S181716209,Carolina Wren,Thryothorus ludovicianus,27348,1,US-MD,Montgomery,L9055068,Hibiscus court Maryland,39.1187154,-77.2108193,2024-06-15,06:55 PM,eBird - Traveling Count,29,1,.354,,1
S183760057,Carolina Wren,Thryothorus ludovicianus,27348,1,US-MD,Montgomery,L9055068,Hibiscus court Maryland,39.1187154,-77.2108193,2024-06-24,07:55 PM,eBird - Traveling Count,30,1,1.448,,1
S184569567,Carolina Wren,Thryothorus ludovicianus,27348,X,US-MD,Montgomery,L9055068,Hibiscus court Maryland,39.1187154,-77.2108193,2024-06-30,10:16 AM,eBird - Traveling Count,22,1,.531,,1
S191290375,Carolina Wren,Thryothorus ludovicianus,27348,1,US-MD,Montgomery,L9055068,Hibiscus court Maryland,39.1187154,-77.2108193,2024-08-13,08:26 AM,eBird - Traveling Count,19,1,.626,,1
S197341843,Carolina Wren,Thryothorus ludovicianus,27348,2,US-MD,Montgomery,L9055068,Hibiscus court Maryland,39.1187154,-77.2108193,2024-10-03,08:56 AM,eBird - Traveling Count,14,1,.867,,2
S212334920,Carolina Wren,Thryothorus ludovicianus,27348,1,US-MD,Montgomery,L9055068,Hibiscus court Maryland,39.1187154,-77.2108193,2025-02-07,02:23 PM,eBird - Traveling Count,70,1,1.77,,1
S213498174,Carolina Wren,Thryothorus ludovicianus,27348,2,US-MD,Montgomery,L9055068,Hibiscus court Maryland,39.1187154,-77.2108193,2025-02-15,10:57 AM,eBird - Stationary Count,38,1,,,1
S215913487,Carolina Wren,Thryothorus ludovicianus,27348,1,US-MD,Montgomery,L9055068,Hibiscus court Maryland,39.1187154,-77.2108193,2025-02-28,05:36 PM,eBird - Traveling Count,8,1,.457,,1
S229607559,Carolina Wren,Thryothorus ludovicianus,27348,1,US-MD,Montgomery,L9055068,Hibiscus court Maryland,39.1187154,-77.2108193,2025-04-26,11:07 AM,eBird - Traveling Count,5,1,.272,,1
S239703804,Carolina Wren,Thryothorus ludovicianus,27348,1,US-MD,Montgomery,L9055068,Hibiscus court Maryland,39.1187154,-77.2108193,2025-05-18,10:01 AM,eBird - Stationary Count,30,1,,,1
S240755396,Carolina Wren,Thryothorus ludovicianus,27348,3,US-MD,Montgomery,L9055068,Hibiscus court Maryland,39.1187154,-77.2108193,2025-05-20,07:29 PM,eBird - Traveling Count,22,1,.981,,1
S245892700,Carolina Wren,Thryothorus ludovicianus,27348,1,US-MD,Montgomery,L9055068,Hibiscus court Maryland,39.1187154,-77.2108193,2025-06-02,09:09 AM,eBird - Traveling Count,9,1,.177,,1
S251339864,Carolina Wren,Thryothorus ludovicianus,27348,1,US-MD,Montgomery,L9055068,Hibiscus court Maryland,39.1187154,-77.2108193,2025-06-17,08:28 AM,eBird - Traveling Count,6,1,.278,,1
S254502123,Carolina Wren,Thryothorus ludovicianus,27348,2,US-MD,Montgomery,L9055068,Hibiscus court Maryland,39.1187154,-77.2108193,2025-06-27,08:24 AM,eBird - Traveling Count,14,1,.633,,1
S264217115,Carolina Wren,Thryothorus ludovicianus,27348,2,US-MD,Montgomery,L9055068,Hibiscus court Maryland,39.1187154,-77.2108193,2025-08-01,11:16 AM,eBird - Stationary Count,12,1,,,1
S293088711,Carolina Wren,Thryothorus ludovicianus,27348,2,US-MD,Montgomery,L9055068,Hibiscus court Maryland,39.1187154,-77.2108193,2026-01-08,08:04 AM,eBird - Traveling Count,32,1,1.292,,2
S293693389,Carolina Wren,Thryothorus ludovicianus,27348,1,US-MD,Montgomery,L9055068,Hibiscus court Maryland,39.1187154,-77.2108193,2026-01-11,11:32 AM,eBird - Traveling Count,10,1,.36,,1
S295476283,Carolina Wren,Thryothorus ludovicianus,27348,1,US-MD,Montgomery,L9055068,Hibiscus court Maryland,39.1187154,-77.2108193,2026-01-21,07:53 AM,eBird - Stationary Count,33,1,,,1
S295783274,Carolina Wren,Thryothorus ludovicianus,27348,1,US-MD,Montgomery,L9055068,Hibiscus court Maryland,39.1187154,-77.2108193,2026-01-23,08:43 AM,eBird - Traveling Count,10,1,.476,,1
S296397089,Carolina Wren,Thryothorus ludovicianus,27348,1,US-MD,Montgomery,L9055068,Hibiscus court Maryland,39.1187154,-77.2108193,2026-01-26,07:26 AM,eBird - Stationary Count,68,1,,,1
S297204985,Carolina Wren,Thryothorus ludovicianus,27348,1,US-MD,Montgomery,L9055068,Hibiscus court Maryland,39.1187154,-77.2108193,2026-01-31,07:54 AM,eBird - Stationary Count,100,1,,,1
S301327375,Carolina Wren,Thryothorus ludovicianus,27348,1,US-MD,Montgomery,L9055068,Hibiscus court Maryland,39.1187154,-77.2108193,2026-02-16,08:38 AM,eBird - Stationary Count,35,1,,,1
S301950574,Carolina Wren,Thryothorus ludovicianus,27348,2,US-MD,Montgomery,L9055068,Hibiscus court Maryland,39.1187154,-77.2108193,2026-02-18,07:24 AM,eBird - Traveling Count,94,1,.445,,1
S307587013,Carolina Wren,Thryothorus ludovicianus,27348,1,US-MD,Montgomery,L9055068,Hibiscus court Maryland,39.1187154,-77.2108193,2026-03-09,09:15 AM,eBird - Traveling Count,18,1,.498,,1,,,Gorgeous morning. So many resident birds chirping and building nests.
S316727021,Carolina Wren,Thryothorus ludovicianus,27348,1,US-MD,Montgomery,L9055068,Hibiscus court Maryland,39.1187154,-77.2108193,2026-04-04,08:41 AM,eBird - Traveling Count,15,1,.656,,1,,,Nice warm morning. Lots of bird activity and a gentle warm rain.
S227622469,Carolina Wren,Thryothorus ludovicianus,27348,1,US-MD,Montgomery,L126620,Hughes Hollow - McKee Beshers WMA,39.0803767,-77.4035096,2025-04-20,05:15 PM,eBird - Traveling Count,87,1,2.301,,1
S253053193,Carolina Wren,Thryothorus ludovicianus,27348,1,US-MD,Montgomery,L126620,Hughes Hollow - McKee Beshers WMA,39.0803767,-77.4035096,2025-06-22,06:50 AM,eBird - Traveling Count,99,1,1.237,,1
S312069147,Carolina Wren,Thryothorus ludovicianus,27348,1,US-MD,Montgomery,L126620,Hughes Hollow - McKee Beshers WMA,39.0803767,-77.4035096,2026-03-22,12:35 PM,eBird - Traveling Count,36,1,.657,,2
S314489044,Carolina Wren,Thryothorus ludovicianus,27348,1,US-MD,Montgomery,L126620,Hughes Hollow - McKee Beshers WMA,39.0803767,-77.4035096,2026-03-29,02:54 PM,eBird - Traveling Count,36,1,2.047,,2
S315703473,Carolina Wren,Thryothorus ludovicianus,27348,1,US-MD,Montgomery,L126620,Hughes Hollow - McKee Beshers WMA,39.0803767,-77.4035096,2026-04-01,05:00 PM,eBird - Traveling Count,58,1,.544,,1,,,This was an absolutely stunning evening. Lots of birds. Couple of unexpected visitors like the blue winged teal and a nice show from the red-headed woodpeckers.
S285631806,Carolina Wren,Thryothorus ludovicianus,27348,1,US-MD,Montgomery,L22161519,Hughes Hollow - McKee Beshers WMA--sunflower area and eastern fields,39.076893,-77.3812916,2025-11-22,12:53 PM,eBird - Traveling Count,53,1,3.085,,2
S245062525,Carolina Wren,Thryothorus ludovicianus,27348,1,US-MD,Montgomery,L224286,Lake Frank,39.1028755,-77.1198104,2025-05-31,11:53 AM,eBird - Traveling Count,38,1,.75,,1
S177901809,Carolina Wren,Thryothorus ludovicianus,27348,1,US-MD,Montgomery,L32512991,"Lake Halcyon, Gaithersburg, Maryland, US (39.12, -77.219)",39.120175,-77.2190739,2024-05-28,07:44 PM,eBird - Traveling Count,60,1,2.044,,1
S245099547,Carolina Wren,Thryothorus ludovicianus,27348,2,US-MD,Montgomery,L32512991,"Lake Halcyon, Gaithersburg, Maryland, US (39.12, -77.219)",39.120175,-77.2190739,2025-05-31,01:29 PM,eBird - Traveling Count,19,1,.495,,1
S249988814,Carolina Wren,Thryothorus ludovicianus,27348,1,US-MD,Montgomery,L32512991,"Lake Halcyon, Gaithersburg, Maryland, US (39.12, -77.219)",39.120175,-77.2190739,2025-06-13,06:13 PM,eBird - Traveling Count,12,1,.584,,1
S276176191,Carolina Wren,Thryothorus ludovicianus,27348,3,US-MD,Montgomery,L53412458,"Little Bennett Park Day Use Area, Clarksburg, Maryland, US (39.26, -77.302)",39.2601836,-77.3018111,2025-09-28,06:19 PM,eBird - Traveling Count,51,1,1.785,,1
S240002346,Carolina Wren,Thryothorus ludovicianus,27348,2,US-MD,Montgomery,L2769057,Little Bennett RP--Western Piedmont Trail,39.27653,-77.3071432,2025-05-18,06:20 PM,eBird - Traveling Count,44,1,1.223,,1
S290043654,Carolina Wren,Thryothorus ludovicianus,27348,1,US-MD,Montgomery,L2769057,Little Bennett RP--Western Piedmont Trail,39.27653,-77.3071432,2025-12-24,03:04 PM,eBird - Traveling Count,57,1,1.525,,2
S315322313,Carolina Wren,Thryothorus ludovicianus,27348,3,US-MD,Montgomery,L2769057,Little Bennett RP--Western Piedmont Trail,39.27653,-77.3071432,2026-03-31,06:10 PM,eBird - Traveling Count,67,1,.97,,1
S173483643,Carolina Wren,Thryothorus ludovicianus,27348,X,US-MD,Montgomery,L31569197,"Malcolm King Park (39.121, -77.212)",39.1205865,-77.212024,2024-05-11,09:34 AM,eBird - Traveling Count,37,1,1.189,,2,,,Just our daily morning dog walk!
S174220089,Carolina Wren,Thryothorus ludovicianus,27348,1,US-MD,Montgomery,L31569197,"Malcolm King Park (39.121, -77.212)",39.1205865,-77.212024,2024-05-13,08:59 AM,eBird - Traveling Count,13,1,.803,,1,,,Another day another Cardinal LOL.
S174427926,Carolina Wren,Thryothorus ludovicianus,27348,X,US-MD,Montgomery,L31569197,"Malcolm King Park (39.121, -77.212)",39.1205865,-77.212024,2024-05-14,07:33 AM,eBird - Traveling Count,16,1,.805,,1
S183763373,Carolina Wren,Thryothorus ludovicianus,27348,1,US-MD,Montgomery,L31569197,"Malcolm King Park (39.121, -77.212)",39.1205865,-77.212024,2024-06-25,07:00 PM,eBird - Traveling Count,23,1,.837,,1
S184845781,Carolina Wren,Thryothorus ludovicianus,27348,1,US-MD,Montgomery,L31569197,"Malcolm King Park (39.121, -77.212)",39.1205865,-77.212024,2024-07-01,06:57 PM,eBird - Traveling Count,60,1,.06,,1
S232178059,Carolina Wren,Thryothorus ludovicianus,27348,1,US-MD,Montgomery,L31569197,"Malcolm King Park (39.121, -77.212)",39.1205865,-77.212024,2025-05-02,05:38 PM,eBird - Traveling Count,19,1,1.014,,1
S240415495,Carolina Wren,Thryothorus ludovicianus,27348,1,US-MD,Montgomery,L31569197,"Malcolm King Park (39.121, -77.212)",39.1205865,-77.212024,2025-05-19,08:22 PM,eBird - Traveling Count,14,1,.772,,1
S246582636,Carolina Wren,Thryothorus ludovicianus,27348,1,US-MD,Montgomery,L31569197,"Malcolm King Park (39.121, -77.212)",39.1205865,-77.212024,2025-06-04,08:20 AM,eBird - Traveling Count,9,1,.554,,1
S249019190,Carolina Wren,Thryothorus ludovicianus,27348,1,US-MD,Montgomery,L31569197,"Malcolm King Park (39.121, -77.212)",39.1205865,-77.212024,2025-06-10,07:24 PM,eBird - Traveling Count,34,1,1.754,,1
S252450226,Carolina Wren,Thryothorus ludovicianus,27348,1,US-MD,Montgomery,L31569197,"Malcolm King Park (39.121, -77.212)",39.1205865,-77.212024,2025-06-19,07:07 PM,eBird - Traveling Count,39,1,1.35,,1
S253943888,Carolina Wren,Thryothorus ludovicianus,27348,1,US-MD,Montgomery,L31569197,"Malcolm King Park (39.121, -77.212)",39.1205865,-77.212024,2025-06-25,08:14 AM,eBird - Traveling Count,12,1,.602,,1
S255759518,Carolina Wren,Thryothorus ludovicianus,27348,4,US-MD,Montgomery,L31569197,"Malcolm King Park (39.121, -77.212)",39.1205865,-77.212024,2025-06-30,08:01 PM,eBird - Traveling Count,20,1,1.035,,1
S290182812,Carolina Wren,Thryothorus ludovicianus,27348,1,US-MD,Montgomery,L31569197,"Malcolm King Park (39.121, -77.212)",39.1205865,-77.212024,2025-12-25,12:06 PM,eBird - Traveling Count,27,1,1.078,,1
S292410625,Carolina Wren,Thryothorus ludovicianus,27348,1,US-MD,Montgomery,L31569197,"Malcolm King Park (39.121, -77.212)",39.1205865,-77.212024,2026-01-04,11:17 AM,eBird - Traveling Count,77,1,1.98,,2
S302680251,Carolina Wren,Thryothorus ludovicianus,27348,1,US-MD,Montgomery,L31569197,"Malcolm King Park (39.121, -77.212)",39.1205865,-77.212024,2026-02-21,08:56 AM,eBird - Traveling Count,15,1,.76,,1
S306793326,Carolina Wren,Thryothorus ludovicianus,27348,2,US-MD,Montgomery,L31569197,"Malcolm King Park (39.121, -77.212)",39.1205865,-77.212024,2026-03-07,09:48 AM,eBird - Traveling Count,17,1,.749,,1,,,"Very humid day. Most of the birds are pretty angry about the two red shoulder hawks flying around, filling a nest near the park bench at the shady Grove Park entrance."
S315548994,Carolina Wren,Thryothorus ludovicianus,27348,1,US-MD,Montgomery,L31569197,"Malcolm King Park (39.121, -77.212)",39.1205865,-77.212024,2026-04-01,09:42 AM,eBird - Traveling Count,28,1,.749,,1
S219612076,Carolina Wren,Thryothorus ludovicianus,27348,2,US-MD,Montgomery,L11101726,Muddy Branch Park,39.113044,-77.226531,2025-03-20,11:04 AM,eBird - Traveling Count,26,1,.547,,1
S216321009,Carolina Wren,Thryothorus ludovicianus,27348,3,US-MD,Montgomery,L453705,Patuxent River SP--Rte. 97 (Montgomery Co.),39.2380827,-77.0571345,2025-03-02,02:47 PM,eBird - Traveling Count,43,1,1.497,,1
S214103631,Carolina Wren,Thryothorus ludovicianus,27348,1,US-MD,Montgomery,L40356991,"River Road, Poolesville, Maryland, US",39.0850753,-77.4193878,2025-02-17,01:15 PM,eBird - Traveling Count,26,1,2.434,,1
S230664462,Carolina Wren,Thryothorus ludovicianus,27348,1,US-MD,Montgomery,L41905651,"Seneca Greenway Trail, Gaithersburg, Maryland, US (39.167, -77.229)",39.1672893,-77.2288242,2025-04-28,06:28 PM,eBird - Traveling Count,80,1,2.317,,1
S203796738,Carolina Wren,Thryothorus ludovicianus,27348,1,US-MD,Montgomery,L2055457,Sycamore Landing Rd. fields,39.0839717,-77.4146461,2024-11-27,02:08 PM,eBird - Traveling Count,89,1,4.361,,2
S314372032,Carolina Wren,Thryothorus ludovicianus,27348,1,US-MD,Montgomery,L48823610,Washington Grove Conservation Park,39.136651,-77.171927,2026-03-29,10:35 AM,eBird - Traveling Count,47,1,1.727,,1
S279738820,Carolina Wren,Thryothorus ludovicianus,27348,4,US-MD,Montgomery,L54114773,"Washington Woods Park, Gaithersburg, Maryland, US (39.113, -77.224)",39.11282,-77.2236712,2025-10-16,01:21 PM,eBird - Traveling Count,34,1,.56,,1
S304654981,Carolina Wren,Thryothorus ludovicianus,27348,3,US-MD,Montgomery,L54114773,"Washington Woods Park, Gaithersburg, Maryland, US (39.113, -77.224)",39.11282,-77.2236712,2026-02-28,11:12 AM,eBird - Traveling Count,82,1,.627,,1
S184721389,Carolina Wren,Thryothorus ludovicianus,27348,1,US-VA,Page,L718715,White House Boat Ramp,38.6461269,-78.5346106,2024-06-30,02:01 PM,eBird - Traveling Count,40,1,1.03,,4
S177579473,Carolina Wren,Thryothorus ludovicianus,27348,2,US-MD,Prince George's,L305078,Patuxent Research Refuge--South Tract (National Wildlife Visitor Center),39.0270605,-76.7991731,2024-05-27,09:22 AM,eBird - Traveling Count,131,0,8.433,,2
S239213799,Carolina Wren,Thryothorus ludovicianus,27348,1,US-MD,Prince George's,L305078,Patuxent Research Refuge--South Tract (National Wildlife Visitor Center),39.0270605,-76.7991731,2025-05-17,08:28 AM,eBird - Traveling Count,149,1,6.502,,1
S201148641,Carolina Wren,Thryothorus ludovicianus,27348,1,US-MD,Prince George's,L37776401,"Peace and Friendship Garden, College Park, Maryland, US (38.986, -76.952)",38.9864419,-76.9522843,2024-10-23,02:05 PM,eBird - Traveling Count,15,1,.225,,1
S175564443,Carolina Wren,Thryothorus ludovicianus,27348,1,US-MD,Washington,L31950817,"3716 Harpers Ferry Road, Sharpsburg, Maryland, US (39.415, -77.737)",39.4153833,-77.7371018,2024-05-19,07:57 AM,eBird - Stationary Count,90,1,,,1
S177419574,Carolina Wren,Thryothorus ludovicianus,27348,1,US-MD,Washington,L31950817,"3716 Harpers Ferry Road, Sharpsburg, Maryland, US (39.415, -77.737)",39.4153833,-77.7371018,2024-05-26,06:06 PM,eBird - Traveling Count,15,0,12.975,,1
S183379922,Carolina Wren,Thryothorus ludovicianus,27348,X,US-MD,Washington,L31950817,"3716 Harpers Ferry Road, Sharpsburg, Maryland, US (39.415, -77.737)",39.4153833,-77.7371018,2024-06-23,05:41 PM,eBird - Casual Observation,,0,,,1
S191828104,Carolina Wren,Thryothorus ludovicianus,27348,3,US-MD,Washington,L31950817,"3716 Harpers Ferry Road, Sharpsburg, Maryland, US (39.415, -77.737)",39.4153833,-77.7371018,2024-08-17,04:38 PM,eBird - Casual Observation,,0,,,1
S221934041,Carolina Wren,Thryothorus ludovicianus,27348,1,US-MD,Washington,L31950817,"3716 Harpers Ferry Road, Sharpsburg, Maryland, US (39.415, -77.737)",39.4153833,-77.7371018,2025-03-30,03:58 PM,eBird - Traveling Count,76,1,.07,,1
S252687295,Carolina Wren,Thryothorus ludovicianus,27348,2,US-MD,Washington,L31950817,"3716 Harpers Ferry Road, Sharpsburg, Maryland, US (39.415, -77.737)",39.4153833,-77.7371018,2025-06-21,08:44 AM,eBird - Stationary Count,31,1,,,1
S199682839,Carolina Wren,Thryothorus ludovicianus,27348,1,US-MD,Washington,L3108412,Antietam National Battlefield--Burnside Bridge,39.4505101,-77.7318442,2024-10-20,03:00 PM,eBird - Traveling Count,160,1,32.895,,3
S257633796,Carolina Wren,Thryothorus ludovicianus,27348,2,US-MD,Washington,L5825627,Antietam National Battlefield--Snavely Ford Trail,39.449291,-77.7314029,2025-07-06,04:30 PM,eBird - Traveling Count,39,1,1.113,,1
S177414288,Carolina Wren,Thryothorus ludovicianus,27348,X,US-MD,Washington,L512641,C&O Canal--Antietam Creek,39.417434,-77.745801,2024-05-26,05:13 PM,eBird - Traveling Count,48,1,1.609,,3
S203796974,Carolina Wren,Thryothorus ludovicianus,27348,1,US-MD,Washington,L512641,C&O Canal--Antietam Creek,39.417434,-77.745801,2024-11-02,04:11 PM,eBird - Traveling Count,111,1,2.35,,1
S270449595,Carolina Wren,Thryothorus ludovicianus,27348,1,US-MD,Washington,L1135534,C&O Canal--Dargan's Bend,39.3650609,-77.7403951,2025-08-30,02:58 PM,eBird - Traveling Count,28,1,.269,,1
S206657640,Carolina Wren,Thryothorus ludovicianus,27348,1,US-MD,Washington,L1135587,Mt. Briar Wetlands Preserve,39.4412971,-77.6814508,2024-12-26,02:03 PM,eBird - Traveling Count,12,1,10.432,,1
S306960721,Carolina Wren,Thryothorus ludovicianus,27348,1,US-MD,Washington,L59209237,"Private Yard, Sharpsburg, Maryland, US (39.416, -77.737)",39.4157499,-77.7373156,2026-03-07,04:48 PM,eBird - Traveling Count,41,1,.048,,2
S180559422,Carolina Wren,Thryothorus ludovicianus,27348,1,US-MD,Washington,L33056912,"Rohrbach Campground, Sharpsburg, Maryland, US (39.454, -77.731)",39.4543401,-77.7314234,2024-06-08,02:29 PM,eBird - Traveling Count,113,1,.402,,1
S180295745,Carolina Wren,Thryothorus ludovicianus,27348,X,US-MD,Washington,L33056912,"Rohrbach Campground, Sharpsburg, Maryland, US (39.454, -77.731)",39.4543401,-77.7314234,2024-06-09,05:48 AM,eBird - Stationary Count,4,0,,,1
S180559345,Carolina Wren,Thryothorus ludovicianus,27348,2,US-MD,Washington,L33056912,"Rohrbach Campground, Sharpsburg, Maryland, US (39.454, -77.731)",39.4543401,-77.7314234,2024-06-09,09:12 AM,eBird - Traveling Count,60,1,.298,,1
S184417488,Carolina Wren,Thryothorus ludovicianus,27348,1,US-MD,Washington,L33056912,"Rohrbach Campground, Sharpsburg, Maryland, US (39.454, -77.731)",39.4543401,-77.7314234,2024-06-29,03:25 PM,eBird - Stationary Count,35,1,,,1
S255372516,Carolina Wren,Thryothorus ludovicianus,27348,2,US-MD,Washington,L33056912,"Rohrbach Campground, Sharpsburg, Maryland, US (39.454, -77.731)",39.4543401,-77.7314234,2025-06-29,02:50 PM,eBird - Traveling Count,58,1,2.214,,1
S278707186,Carolina Wren,Thryothorus ludovicianus,27348,1,US-MD,Washington,L456008,Weverton,39.327924,-77.6820087,2025-10-11,04:10 PM,eBird - Stationary Count,8,1,,,1
S173207161,Cactus Wren,Campylorhynchus brunneicapillus,27412,X,US-AZ,Pima,L267156,Danny Lopez Park (formerly Columbus Park),32.2856814,-111.0346556,2013-12-20,10:00 AM,eBird - Stationary Count,60,1,,,4
S175887634,Cactus Wren,Campylorhynchus brunneicapillus,27412,1,US-AZ,Pima,L211809,Madera Canyon--Proctor Rd.,31.739938,-110.886147,2008-05-01,09:01 AM,Historical,150,1,,,2,,,Corrected checklist to be accurate as historical.
S302220684,European Starling,Sturnus vulgaris,27813,7,US-MD,Baltimore,L58847450,"830 East Pratt Street, Baltimore, Maryland, US (39.287, -76.604)",39.2874831,-76.6039973,2026-02-19,11:37 AM,eBird - Stationary Count,16,1,,,1
S250306194,European Starling,Sturnus vulgaris,27813,X,US-MD,Baltimore,L517705,Fort Armistead Park (Baltimore City),39.2094705,-76.5330899,2025-06-14,02:00 PM,eBird - Traveling Count,57,1,.653,,1
S250341411,European Starling,Sturnus vulgaris,27813,X,US-MD,Baltimore,L126626,Fort Howard Park,39.199,-76.44,2025-06-14,03:50 PM,eBird - Traveling Count,51,1,1.658,,1
S300536527,European Starling,Sturnus vulgaris,27813,40,US-MD,Baltimore,L449294,Fort McHenry NM,39.2625631,-76.5791702,2026-02-14,12:02 PM,eBird - Traveling Count,84,1,1.31,,2,,Estimate in a murmuration
S313007777,European Starling,Sturnus vulgaris,27813,3,DE-BE,Berlin (Kreisfreie Stadt),L29026686,Pariser Platz,52.5162796,13.3776999,2026-03-25,04:30 PM,eBird - Traveling Count,24,1,1.097,,1,,,Very chilly day
S312439613,European Starling,Sturnus vulgaris,27813,2,DE-BE,Berlin (Kreisfreie Stadt),L1478491,Viktoriapark,52.4880789,13.3815891,2026-03-23,04:10 PM,eBird - Traveling Count,38,1,8.571,,1
S225653591,European Starling,Sturnus vulgaris,27813,2,US-FL,Charlotte,L618241,Cedar Point Environmental Park,26.9253511,-82.334868,2025-04-14,02:41 PM,eBird - Traveling Count,95,1,4.216,,4
S226162184,European Starling,Sturnus vulgaris,27813,2,US-FL,Charlotte,L618241,Cedar Point Environmental Park,26.9253511,-82.334868,2025-04-16,02:36 PM,eBird - Traveling Count,41,1,.203,,3
S298300486,European Starling,Sturnus vulgaris,27813,9,US-FL,Charlotte,L8957295,Rotunda Meadows Prairie,26.8573451,-82.2223281,2026-02-05,04:12 PM,eBird - Traveling Count,93,1,12.54,,2
S190802916,European Starling,Sturnus vulgaris,27813,6,US-OR,Clackamas,L670999,Mt. Hood--Timberline Lodge,45.3299743,-121.7109632,2024-08-08,01:34 PM,eBird - Casual Observation,,0,,,1
S313834645,European Starling,Sturnus vulgaris,27813,2,DE-BB,Dahme-Spreewald,L14839150,Flughafen Berlin Brandenburg,52.3648622,13.5122737,2026-03-28,10:02 AM,eBird - Stationary Count,33,1,,,1
S249151317,European Starling,Sturnus vulgaris,27813,9,US-DC,District of Columbia,L47353153,"450 F Street Northwest, Washington, District of Columbia, US (38.897, -77.017)",38.8971325,-77.0174344,2025-06-11,08:37 AM,eBird - Traveling Count,6,1,.432,,1
S173683770,European Starling,Sturnus vulgaris,27813,3,US-DC,District of Columbia,L490336,C&O Canal--Fletcher's Cove (Fletcher's Boathouse),38.9188853,-77.1022224,2017-04-05,01:25 PM,eBird - Traveling Count,75,1,2.414,,3,,,With Paul Charron and Chris Marcum
S246372176,European Starling,Sturnus vulgaris,27813,X,US-DC,District of Columbia,L473521,Constitution Gardens and Reflecting Pool,38.8901142,-77.043364,2025-06-03,02:15 PM,eBird - Traveling Count,27,1,1.625,,1
S174655903,European Starling,Sturnus vulgaris,27813,X,US-DC,District of Columbia,L31800402,"Farragut Square (38.902, -77.038)",38.9016016,-77.0382998,2024-05-15,09:18 AM,eBird - Traveling Count,8,1,.32,,1
S188299193,European Starling,Sturnus vulgaris,27813,13,US-DC,District of Columbia,L31800402,"Farragut Square (38.902, -77.038)",38.9016016,-77.0382998,2024-07-22,06:04 PM,eBird - Stationary Count,3,1,,,1
S176244827,European Starling,Sturnus vulgaris,27813,X,US-DC,District of Columbia,L1088366,Lafayette Park,38.8994874,-77.036562,2024-05-21,06:22 PM,eBird - Traveling Count,6,1,.51,,1
S217090868,European Starling,Sturnus vulgaris,27813,55,US-DC,District of Columbia,L40002483,Lincoln Memorial,38.8892792,-77.0501876,2025-03-07,12:55 PM,eBird - Traveling Count,206,1,3.058,,1
S247226180,European Starling,Sturnus vulgaris,27813,X,US-DC,District of Columbia,L46925662,"THE Reach, Washington, District of Columbia, US (38.894, -77.056)",38.8943386,-77.0555275,2025-06-05,06:25 PM,eBird - Stationary Count,45,1,,,2
S173683759,European Starling,Sturnus vulgaris,27813,3,US-DC,District of Columbia,L5658941,TJM a District of Columbia,38.8818381,-77.0346951,2017-04-05,10:30 AM,eBird - Traveling Count,60,1,1.609,,3,,,With Paul Charron And Chris Marcum
S187599424,European Starling,Sturnus vulgaris,27813,1,US-DC,District of Columbia,L1013541,The White House,38.8975294,-77.0364976,2024-07-18,06:29 PM,eBird - Traveling Count,10,1,.29,,1
S197043896,European Starling,Sturnus vulgaris,27813,5,US-DC,District of Columbia,L1013541,The White House,38.8975294,-77.0364976,2024-09-30,11:00 AM,eBird - Traveling Count,102,1,.233,,1
S248611662,European Starling,Sturnus vulgaris,27813,9,US-DC,District of Columbia,L47238423,"Union Station, (38.898, -77.007)",38.8977684,-77.0069474,2025-06-09,12:18 PM,eBird - Traveling Count,28,1,3.235,,1
S199451432,European Starling,Sturnus vulgaris,27813,X,GB-ENG,East Sussex,L37440658,"Brighton Beach, England, GB (50.819, -0.133)",50.8191163,-.1328981,2015-06-25,10:14 AM,eBird - Casual Observation,,0,,,1
S220188015,European Starling,Sturnus vulgaris,27813,6,US-VA,Fairfax,L718485,Great Falls Park,38.9937,-77.2553,2025-03-22,03:58 PM,eBird - Traveling Count,66,1,1.044,,3
S267805148,European Starling,Sturnus vulgaris,27813,2,US-NH,Grafton,L51646794,"766 New Hampshire 116, Littleton, New Hampshire, US (44.311, -71.744)",44.3108673,-71.7440414,2025-08-17,08:17 AM,eBird - Traveling Count,5,1,4.032,,1
S225882649,European Starling,Sturnus vulgaris,27813,2,US-FL,Lee,L1084111,Gasparilla Island SP,26.7174771,-82.2609043,2025-04-15,11:20 AM,eBird - Traveling Count,126,1,10.992,,2
S290168731,European Starling,Sturnus vulgaris,27813,7,US-MD,Montgomery,L56319480,"17505 Beauvoir Boulevard, Rockville, Maryland, US (39.144, -77.147)",39.14352,-77.1468984,2025-12-25,10:19 AM,eBird - Stationary Count,78,1,,,1
S201163113,European Starling,Sturnus vulgaris,27813,1,US-MD,Montgomery,L37779595,"18953 Abbotsford Circle, Germantown, Maryland, US (39.164, -77.239)",39.1644592,-77.238655,2024-11-02,01:37 PM,eBird - Traveling Count,30,0,45.575,,1
S180197187,European Starling,Sturnus vulgaris,27813,13,US-MD,Montgomery,L33038592,"270 North (39.239, -77.291)",39.2393341,-77.291275,2024-06-08,10:32 AM,eBird - Traveling Count,57,0,68.459,,1
S206651820,European Starling,Sturnus vulgaris,27813,X,US-MD,Montgomery,L33038592,"270 North (39.239, -77.291)",39.2393341,-77.291275,2024-12-26,01:09 PM,eBird - Traveling Count,23,0,21.457,,1,,Hundreds over 270.
S256885128,European Starling,Sturnus vulgaris,27813,30,US-MD,Montgomery,L33038592,"270 North (39.239, -77.291)",39.2393341,-77.291275,2025-07-04,02:42 PM,eBird - Traveling Count,7,1,13.648,,1,,Estimate
S175192347,European Starling,Sturnus vulgaris,27813,X,US-MD,Montgomery,L31909282,"9679 Lost Knife Road, Montgomery Village, Maryland, US (39.153, -77.199)",39.1532211,-77.1989898,2024-05-17,07:19 PM,eBird - Traveling Count,29,1,30.204,,1
S305295338,European Starling,Sturnus vulgaris,27813,3,US-MD,Montgomery,L57047379,"A Fields Road Elementary, Gaithersburg, Maryland, US (39.119, -77.215)",39.1188882,-77.2150482,2026-03-02,08:47 AM,eBird - Traveling Count,13,1,.458,,1
S305582448,European Starling,Sturnus vulgaris,27813,3,US-MD,Montgomery,L57047379,"A Fields Road Elementary, Gaithersburg, Maryland, US (39.119, -77.215)",39.1188882,-77.2150482,2026-03-03,08:42 AM,eBird - Traveling Count,29,1,.426,,1
S245500420,European Starling,Sturnus vulgaris,27813,X,US-MD,Montgomery,L285049,Agricultural History Farm Park,39.1610805,-77.1322894,2025-06-01,10:11 AM,eBird - Traveling Count,66,1,3.46,,1
S287726423,European Starling,Sturnus vulgaris,27813,56,US-MD,Montgomery,L285049,Agricultural History Farm Park,39.1610805,-77.1322894,2025-12-07,03:07 PM,eBird - Traveling Count,87,1,1.583,,2,,Six in a tree and about 50 in the sky.
S297767655,European Starling,Sturnus vulgaris,27813,3,US-MD,Montgomery,L230151,Blue Mash Nature Trail,39.1939588,-77.1060175,2026-02-02,04:13 PM,eBird - Traveling Count,24,1,.449,,2
S182634611,European Starling,Sturnus vulgaris,27813,20,US-MD,Montgomery,L7383392,Bohrer Park,39.1329353,-77.1933532,2024-06-20,08:42 AM,eBird - Traveling Count,28,1,1.094,,1
S183556228,European Starling,Sturnus vulgaris,27813,6,US-MD,Montgomery,L7383392,Bohrer Park,39.1329353,-77.1933532,2024-06-24,03:35 PM,eBird - Traveling Count,39,1,.174,,1
S189398872,European Starling,Sturnus vulgaris,27813,X,US-MD,Montgomery,L7383392,Bohrer Park,39.1329353,-77.1933532,2024-07-29,08:46 AM,eBird - Traveling Count,15,1,.933,,1
S252450521,European Starling,Sturnus vulgaris,27813,5,US-MD,Montgomery,L7383392,Bohrer Park,39.1329353,-77.1933532,2025-06-20,08:18 AM,eBird - Traveling Count,20,1,.52,,1
S264217194,European Starling,Sturnus vulgaris,27813,8,US-MD,Montgomery,L7383392,Bohrer Park,39.1329353,-77.1933532,2025-07-17,08:41 AM,eBird - Traveling Count,15,1,.744,,1
S263202719,European Starling,Sturnus vulgaris,27813,7,US-MD,Montgomery,L7383392,Bohrer Park,39.1329353,-77.1933532,2025-07-27,02:00 PM,eBird - Traveling Count,31,1,.123,,1
S289393221,European Starling,Sturnus vulgaris,27813,X,US-MD,Montgomery,L515805,C&O Canal--Mouth of the Monocacy (Mont. Co.),39.221687,-77.451432,2025-12-20,01:56 PM,eBird - Traveling Count,93,1,3.015,,1,,At least 500 in a giant murmuration
S214123451,European Starling,Sturnus vulgaris,27813,X,US-MD,Montgomery,L282688,C&O Canal--White's Ferry,39.155215,-77.517221,2025-02-17,02:55 PM,eBird - Traveling Count,9,1,.966,,1,,A murmuration over the farm field across the street from Whites ferry at least 200 individuals.
S183770250,European Starling,Sturnus vulgaris,27813,X,US-MD,Montgomery,L33913928,"Camden Retention Pond, Gaithersburg, Maryland, US (39.12, -77.206)",39.1197497,-77.2064087,2024-06-25,07:46 PM,eBird - Stationary Count,24,1,,,1,,At least 100 in a big flock overhead
S191234658,European Starling,Sturnus vulgaris,27813,6,US-MD,Montgomery,L33913928,"Camden Retention Pond, Gaithersburg, Maryland, US (39.12, -77.206)",39.1197497,-77.2064087,2024-08-12,06:34 PM,eBird - Stationary Count,5,1,,,1
S215914147,European Starling,Sturnus vulgaris,27813,12,US-MD,Montgomery,L33913928,"Camden Retention Pond, Gaithersburg, Maryland, US (39.12, -77.206)",39.1197497,-77.2064087,2025-02-28,05:47 PM,eBird - Stationary Count,5,1,,,1
S292971443,European Starling,Sturnus vulgaris,27813,1,US-MD,Montgomery,L33913928,"Camden Retention Pond, Gaithersburg, Maryland, US (39.12, -77.206)",39.1197497,-77.2064087,2026-01-07,12:17 PM,eBird - Traveling Count,22,1,.58,,1
S230164377,European Starling,Sturnus vulgaris,27813,2,US-MD,Montgomery,L42214720,"Camp Seneca, Maryland, US (39.177, -77.302)",39.1772081,-77.3018305,2025-04-27,01:45 PM,eBird - Traveling Count,50,1,.49,,1
S278982875,European Starling,Sturnus vulgaris,27813,2,US-MD,Montgomery,L29852635,Conservation Lane,39.121784,-77.2222379,2025-10-11,10:58 AM,eBird - Traveling Count,28,0,11.821,,1
S228011793,European Starling,Sturnus vulgaris,27813,X,US-MD,Montgomery,L3043543,Crabbs Branch Pond,39.122276,-77.1587741,2025-04-21,07:07 PM,eBird - Traveling Count,19,1,.917,,1
S308124285,European Starling,Sturnus vulgaris,27813,10,US-MD,Montgomery,L42096446,"Dufief Muddy Branch Park, North Potomac, Maryland, US (39.105, -77.236)",39.1045983,-77.2364397,2026-03-10,06:10 PM,eBird - Traveling Count,35,1,.668,,1
S174850650,European Starling,Sturnus vulgaris,27813,5,US-MD,Montgomery,L9055068,Hibiscus court Maryland,39.1187154,-77.2108193,2024-05-16,08:44 AM,eBird - Traveling Count,18,1,.853,,1
S176723839,European Starling,Sturnus vulgaris,27813,1,US-MD,Montgomery,L9055068,Hibiscus court Maryland,39.1187154,-77.2108193,2024-05-24,08:49 AM,eBird - Traveling Count,19,1,.733,,1
S181716209,European Starling,Sturnus vulgaris,27813,1,US-MD,Montgomery,L9055068,Hibiscus court Maryland,39.1187154,-77.2108193,2024-06-15,06:55 PM,eBird - Traveling Count,29,1,.354,,1
S256885531,European Starling,Sturnus vulgaris,27813,1,US-MD,Montgomery,L9055068,Hibiscus court Maryland,39.1187154,-77.2108193,2025-07-04,10:23 AM,eBird - Stationary Count,45,1,,,1
S292771563,European Starling,Sturnus vulgaris,27813,1,US-MD,Montgomery,L9055068,Hibiscus court Maryland,39.1187154,-77.2108193,2026-01-06,08:31 AM,eBird - Stationary Count,84,1,,,1
S293088711,European Starling,Sturnus vulgaris,27813,8,US-MD,Montgomery,L9055068,Hibiscus court Maryland,39.1187154,-77.2108193,2026-01-08,08:04 AM,eBird - Traveling Count,32,1,1.292,,2
S294011741,European Starling,Sturnus vulgaris,27813,1,US-MD,Montgomery,L9055068,Hibiscus court Maryland,39.1187154,-77.2108193,2026-01-13,08:48 AM,eBird - Traveling Count,16,1,.827,,1
S295476283,European Starling,Sturnus vulgaris,27813,X,US-MD,Montgomery,L9055068,Hibiscus court Maryland,39.1187154,-77.2108193,2026-01-21,07:53 AM,eBird - Stationary Count,33,1,,,1
S295783274,European Starling,Sturnus vulgaris,27813,2,US-MD,Montgomery,L9055068,Hibiscus court Maryland,39.1187154,-77.2108193,2026-01-23,08:43 AM,eBird - Traveling Count,10,1,.476,,1
S296397089,European Starling,Sturnus vulgaris,27813,56,US-MD,Montgomery,L9055068,Hibiscus court Maryland,39.1187154,-77.2108193,2026-01-26,07:26 AM,eBird - Stationary Count,68,1,,,1
S297843285,European Starling,Sturnus vulgaris,27813,3,US-MD,Montgomery,L9055068,Hibiscus court Maryland,39.1187154,-77.2108193,2026-02-03,07:52 AM,eBird - Stationary Count,25,1,,,1
S301133523,European Starling,Sturnus vulgaris,27813,5,US-MD,Montgomery,L9055068,Hibiscus court Maryland,39.1187154,-77.2108193,2026-02-15,02:50 PM,eBird - Stationary Count,130,1,,,2
S307587013,European Starling,Sturnus vulgaris,27813,2,US-MD,Montgomery,L9055068,Hibiscus court Maryland,39.1187154,-77.2108193,2026-03-09,09:15 AM,eBird - Traveling Count,18,1,.498,,1,,,Gorgeous morning. So many resident birds chirping and building nests.
S227622469,European Starling,Sturnus vulgaris,27813,4,US-MD,Montgomery,L126620,Hughes Hollow - McKee Beshers WMA,39.0803767,-77.4035096,2025-04-20,05:15 PM,eBird - Traveling Count,87,1,2.301,,1
S315703473,European Starling,Sturnus vulgaris,27813,20,US-MD,Montgomery,L126620,Hughes Hollow - McKee Beshers WMA,39.0803767,-77.4035096,2026-04-01,05:00 PM,eBird - Traveling Count,58,1,.544,,1,,,This was an absolutely stunning evening. Lots of birds. Couple of unexpected visitors like the blue winged teal and a nice show from the red-headed woodpeckers.
S285631806,European Starling,Sturnus vulgaris,27813,1,US-MD,Montgomery,L22161519,Hughes Hollow - McKee Beshers WMA--sunflower area and eastern fields,39.076893,-77.3812916,2025-11-22,12:53 PM,eBird - Traveling Count,53,1,3.085,,2
S253542219,European Starling,Sturnus vulgaris,27813,1,US-MD,Montgomery,L48335959,"Kaiser Retention Pomd, Gaithersburg, Maryland, US (39.155, -77.222)",39.1553049,-77.221738,2025-06-23,06:47 PM,eBird - Stationary Count,4,1,,,1
S245062525,European Starling,Sturnus vulgaris,27813,4,US-MD,Montgomery,L224286,Lake Frank,39.1028755,-77.1198104,2025-05-31,11:53 AM,eBird - Traveling Count,38,1,.75,,1
S240002346,European Starling,Sturnus vulgaris,27813,X,US-MD,Montgomery,L2769057,Little Bennett RP--Western Piedmont Trail,39.27653,-77.3071432,2025-05-18,06:20 PM,eBird - Traveling Count,44,1,1.223,,1
S290182812,European Starling,Sturnus vulgaris,27813,1,US-MD,Montgomery,L31569197,"Malcolm King Park (39.121, -77.212)",39.1205865,-77.212024,2025-12-25,12:06 PM,eBird - Traveling Count,27,1,1.078,,1
S302680251,European Starling,Sturnus vulgaris,27813,2,US-MD,Montgomery,L31569197,"Malcolm King Park (39.121, -77.212)",39.1205865,-77.212024,2026-02-21,08:56 AM,eBird - Traveling Count,15,1,.76,,1
S305975213,European Starling,Sturnus vulgaris,27813,30,US-MD,Montgomery,L59604013,"Maryland, US (39.103, -77.221)",39.1030308,-77.2206987,2026-03-04,03:55 PM,eBird - Casual Observation,,0,,,1,,Estimated count. Large flock in the field.
S296608543,European Starling,Sturnus vulgaris,27813,X,US-MD,Montgomery,L57724492,"McKee-Beshers Turnoff, Poolesville, Maryland, US (39.085, -77.422)",39.0847532,-77.4220001,2026-01-27,04:31 PM,eBird - Stationary Count,20,1,,,1
S177345442,European Starling,Sturnus vulgaris,27813,6,US-MD,Montgomery,L32384015,"Montgomery County Landfill, Gaithersburg, Maryland, US (39.123, -77.173)",39.1229591,-77.1734085,2024-05-26,01:30 PM,eBird - Traveling Count,14,1,1.384,,1
S219612076,European Starling,Sturnus vulgaris,27813,1,US-MD,Montgomery,L11101726,Muddy Branch Park,39.113044,-77.226531,2025-03-20,11:04 AM,eBird - Traveling Count,26,1,.547,,1
S233623669,European Starling,Sturnus vulgaris,27813,X,US-MD,Montgomery,L266131,Patton Farms (formerly Patton Turf Farm),39.1433333,-77.5103802,2025-05-05,06:56 PM,eBird - Traveling Count,10,1,3.919,,1
S237084412,European Starling,Sturnus vulgaris,27813,X,US-MD,Montgomery,L11140089,"Rio Park, Gaithersburg",39.1168491,-77.1972698,2025-05-12,06:07 PM,eBird - Traveling Count,12,1,.113,,1
S238951279,European Starling,Sturnus vulgaris,27813,X,US-MD,Montgomery,L32507644,"Shady Grove Metro Station, Rockville, Maryland, US (39.121, -77.163)",39.1212152,-77.1634004,2025-05-16,07:32 PM,eBird - Traveling Count,5,1,.204,,1
S241509048,European Starling,Sturnus vulgaris,27813,X,US-MD,Montgomery,L32507644,"Shady Grove Metro Station, Rockville, Maryland, US (39.121, -77.163)",39.1212152,-77.1634004,2025-05-23,09:18 AM,eBird - Traveling Count,2,1,.173,,1
S295425265,European Starling,Sturnus vulgaris,27813,45,US-MD,Montgomery,L32507644,"Shady Grove Metro Station, Rockville, Maryland, US (39.121, -77.163)",39.1212152,-77.1634004,2026-01-20,04:37 PM,eBird - Casual Observation,,0,,,1,,A large flock and count is just an estimate.
S298126159,European Starling,Sturnus vulgaris,27813,5,US-MD,Montgomery,L32507644,"Shady Grove Metro Station, Rockville, Maryland, US (39.121, -77.163)",39.1212152,-77.1634004,2026-02-04,04:44 PM,eBird - Traveling Count,2,1,.158,,1
S315714190,European Starling,Sturnus vulgaris,27813,21,US-MD,Montgomery,L2055457,Sycamore Landing Rd. fields,39.0839717,-77.4146461,2026-04-01,06:15 PM,eBird - Traveling Count,26,1,11.681,,1
S221320287,European Starling,Sturnus vulgaris,27813,10,US-NY,New York,L3044567,"Hudson River Park--Pier 55 (Little Island, W 12th-14th St.)",40.7420139,-74.0106444,2025-03-28,11:55 AM,eBird - Traveling Count,38,1,.95,,1
S192336954,European Starling,Sturnus vulgaris,27813,X,FR-IDF,Paris,L35971489,"Montparnasse, Paris, Île-de-France, FR (48.838, 2.326)",48.8382362,2.3260925,2024-01-26,07:32 AM,eBird - Casual Observation,,0,,,1
S201148641,European Starling,Sturnus vulgaris,27813,12,US-MD,Prince George's,L37776401,"Peace and Friendship Garden, College Park, Maryland, US (38.986, -76.952)",38.9864419,-76.9522843,2024-10-23,02:05 PM,eBird - Traveling Count,15,1,.225,,1
S280793659,European Starling,Sturnus vulgaris,27813,4,US-CA,San Diego,L10053177,La Costa Ranch,33.0895832,-117.2502914,2025-10-22,07:18 AM,eBird - Traveling Count,12,1,.225,,1
S180824684,European Starling,Sturnus vulgaris,27813,4,US-MA,Suffolk,L33185579,"91 Harborside Drive, Boston, Massachusetts, US (42.359, -71.029)",42.359204,-71.0287974,2024-06-11,12:43 PM,eBird - Traveling Count,35,1,2.351,,1
S181474802,European Starling,Sturnus vulgaris,27813,X,US-MA,Suffolk,L515554,Charles River Esplanade,42.3553409,-71.0790968,2024-06-14,04:19 PM,eBird - Traveling Count,45,1,.674,,1
S235749233,European Starling,Sturnus vulgaris,27813,X,US-DE,Sussex,L1265319,Cape Henlopen SP--The Point,38.8000272,-75.092376,2025-05-10,02:06 PM,eBird - Traveling Count,42,1,5.472,,1
S175383303,European Starling,Sturnus vulgaris,27813,5,US-MD,Washington,L31950817,"3716 Harpers Ferry Road, Sharpsburg, Maryland, US (39.415, -77.737)",39.4153833,-77.7371018,2024-05-18,01:58 PM,eBird - Stationary Count,2,1,,,1
S175564443,European Starling,Sturnus vulgaris,27813,X,US-MD,Washington,L31950817,"3716 Harpers Ferry Road, Sharpsburg, Maryland, US (39.415, -77.737)",39.4153833,-77.7371018,2024-05-19,07:57 AM,eBird - Stationary Count,90,1,,,1
S177419574,European Starling,Sturnus vulgaris,27813,12,US-MD,Washington,L31950817,"3716 Harpers Ferry Road, Sharpsburg, Maryland, US (39.415, -77.737)",39.4153833,-77.7371018,2024-05-26,06:06 PM,eBird - Traveling Count,15,0,12.975,,1
S217439085,European Starling,Sturnus vulgaris,27813,1,US-MD,Washington,L31950817,"3716 Harpers Ferry Road, Sharpsburg, Maryland, US (39.415, -77.737)",39.4153833,-77.7371018,2025-03-09,09:25 AM,eBird - Stationary Count,8,1,,,1
S199682839,European Starling,Sturnus vulgaris,27813,X,US-MD,Washington,L3108412,Antietam National Battlefield--Burnside Bridge,39.4505101,-77.7318442,2024-10-20,03:00 PM,eBird - Traveling Count,160,1,32.895,,3,,There has to be at least 100 near the pumpkin farm in Antietam.
S274490277,European Starling,Sturnus vulgaris,27813,12,CH-GE,,L4661466,Bois du Faisan,46.2779787,6.1518073,2025-09-16,06:57 PM,eBird - Traveling Count,247,1,18.277,,1
S274490359,European Starling,Sturnus vulgaris,27813,8,CH-GE,,L9307354,CERN (restricted access),46.2324564,6.0521808,2025-09-16,02:34 PM,eBird - Traveling Count,205,1,5.692,,1
S273926912,European Starling,Sturnus vulgaris,27813,100,CH-GE,,L926699,Jetée et Port des Pâquis,46.2102417,6.1546,2025-09-17,07:04 PM,eBird - Traveling Count,124,1,1.278,,1,,There are so many it's difficult to count.
S180214827,Common Myna,Acridotheres tristis,27859,X,US-HI,Kauai,L33043265,"3500 Kilauea Road, Kilauea, Hawaii, US (22.232, -159.402)",22.2317619,-159.4019182,2024-06-08,04:24 PM,eBird - Casual Observation,,0,,,2
S192410212,Common Myna,Acridotheres tristis,27859,X,US-HI,Kauai,L8027824,Kīlauea Point NWR--Overlook (always open),22.2277391,-159.4012624,2009-10-18,07:59 PM,eBird - Casual Observation,,0,,,2
S225941637,Gray Catbird,Dumetella carolinensis,28000,1,US-FL,Charlotte,L618537,Amberjack Environmental Park--Lemon Lake,26.8725833,-82.3001289,2025-04-15,05:04 PM,eBird - Traveling Count,72,1,3.235,,1
S226075152,Gray Catbird,Dumetella carolinensis,28000,1,US-FL,Charlotte,L618537,Amberjack Environmental Park--Lemon Lake,26.8725833,-82.3001289,2025-04-16,08:52 AM,eBird - Traveling Count,100,1,1.018,,4
S226075158,Gray Catbird,Dumetella carolinensis,28000,1,US-FL,Charlotte,L618537,Amberjack Environmental Park--Lemon Lake,26.8725833,-82.3001289,2025-04-16,08:52 AM,eBird - Traveling Count,100,1,1.018,,4
S226162184,Gray Catbird,Dumetella carolinensis,28000,5,US-FL,Charlotte,L618241,Cedar Point Environmental Park,26.9253511,-82.334868,2025-04-16,02:36 PM,eBird - Traveling Count,41,1,.203,,3
S298432896,Gray Catbird,Dumetella carolinensis,28000,1,US-FL,Charlotte,L17495505,Links Lane,26.8642861,-82.2841545,2026-02-06,11:11 AM,eBird - Traveling Count,53,1,.15,,2
S299224660,Gray Catbird,Dumetella carolinensis,28000,2,US-FL,Charlotte,L17495505,Links Lane,26.8642861,-82.2841545,2026-02-09,03:08 PM,eBird - Traveling Count,127,1,.246,,2
S298683570,Gray Catbird,Dumetella carolinensis,28000,1,US-FL,Charlotte,L21750506,"Live Oak Blvd, Prairie Creek Preserve entrance road",27.005263,-81.929974,2026-02-07,09:07 AM,eBird - Traveling Count,83,1,4.837,,2
S226336345,Gray Catbird,Dumetella carolinensis,28000,1,US-FL,Charlotte,L617642,Ollie's Pond Park,26.9860616,-82.1496961,2025-04-17,09:25 AM,eBird - Traveling Count,86,1,2.382,,3
S298932326,Gray Catbird,Dumetella carolinensis,28000,5,US-FL,Charlotte,L617642,Ollie's Pond Park,26.9860616,-82.1496961,2026-02-08,09:32 AM,eBird - Traveling Count,154,1,1.556,,2
S299026588,Gray Catbird,Dumetella carolinensis,28000,1,US-FL,Charlotte,L1345169,Wildflower Preserve,26.8814148,-82.3046701,2026-02-08,05:41 PM,eBird - Traveling Count,26,1,.727,,2
S268294117,Gray Catbird,Dumetella carolinensis,28000,1,US-ME,Cumberland,L6199827,Maine Wildlife Park,43.9293181,-70.35254,2025-08-19,01:45 PM,eBird - Traveling Count,103,1,1.256,,4
S187599424,Gray Catbird,Dumetella carolinensis,28000,2,US-DC,District of Columbia,L1013541,The White House,38.8975294,-77.0364976,2024-07-18,06:29 PM,eBird - Traveling Count,10,1,.29,,1
S199330970,Gray Catbird,Dumetella carolinensis,28000,1,US-DC,District of Columbia,L1013541,The White House,38.8975294,-77.0364976,2024-10-18,07:57 AM,eBird - Traveling Count,160,1,3.524,,1
S248611662,Gray Catbird,Dumetella carolinensis,28000,1,US-DC,District of Columbia,L47238423,"Union Station, (38.898, -77.007)",38.8977684,-77.0069474,2025-06-09,12:18 PM,eBird - Traveling Count,28,1,3.235,,1
S256585579,Gray Catbird,Dumetella carolinensis,28000,1,US-MD,Frederick,L12242883,Othello Regional Park,39.346886,-77.601207,2025-07-03,03:50 PM,eBird - Traveling Count,18,1,1.195,,1
S180197187,Gray Catbird,Dumetella carolinensis,28000,1,US-MD,Montgomery,L33038592,"270 North (39.239, -77.291)",39.2393341,-77.291275,2024-06-08,10:32 AM,eBird - Traveling Count,57,0,68.459,,1
S173968054,Gray Catbird,Dumetella carolinensis,28000,1,US-MD,Montgomery,L285049,Agricultural History Farm Park,39.1610805,-77.1322894,2024-05-12,10:26 AM,eBird - Traveling Count,104,1,2.414,,1
S274969283,Gray Catbird,Dumetella carolinensis,28000,2,US-MD,Montgomery,L230151,Blue Mash Nature Trail,39.1939588,-77.1060175,2025-09-22,06:06 PM,eBird - Traveling Count,57,1,2.145,,1
S182634611,Gray Catbird,Dumetella carolinensis,28000,1,US-MD,Montgomery,L7383392,Bohrer Park,39.1329353,-77.1933532,2024-06-20,08:42 AM,eBird - Traveling Count,28,1,1.094,,1
S183556228,Gray Catbird,Dumetella carolinensis,28000,6,US-MD,Montgomery,L7383392,Bohrer Park,39.1329353,-77.1933532,2024-06-24,03:35 PM,eBird - Traveling Count,39,1,.174,,1
S186447746,Gray Catbird,Dumetella carolinensis,28000,2,US-MD,Montgomery,L7383392,Bohrer Park,39.1329353,-77.1933532,2024-07-11,08:29 AM,eBird - Traveling Count,12,0,.467,,1,,,Quite a few birds flying around at the top of trees. I couldn't identify cuz I didn't have binocs
S189398872,Gray Catbird,Dumetella carolinensis,28000,1,US-MD,Montgomery,L7383392,Bohrer Park,39.1329353,-77.1933532,2024-07-29,08:46 AM,eBird - Traveling Count,15,1,.933,,1
S252450521,Gray Catbird,Dumetella carolinensis,28000,2,US-MD,Montgomery,L7383392,Bohrer Park,39.1329353,-77.1933532,2025-06-20,08:18 AM,eBird - Traveling Count,20,1,.52,,1
S263202719,Gray Catbird,Dumetella carolinensis,28000,3,US-MD,Montgomery,L7383392,Bohrer Park,39.1329353,-77.1933532,2025-07-27,02:00 PM,eBird - Traveling Count,31,1,.123,,1
S261740933,Gray Catbird,Dumetella carolinensis,28000,2,US-MD,Montgomery,L479449,Brewer House Rd. Pond,39.0313193,-77.1145391,2025-07-20,12:03 PM,eBird - Traveling Count,401,1,31.233,,1
S183770250,Gray Catbird,Dumetella carolinensis,28000,1,US-MD,Montgomery,L33913928,"Camden Retention Pond, Gaithersburg, Maryland, US (39.12, -77.206)",39.1197497,-77.2064087,2024-06-25,07:46 PM,eBird - Stationary Count,24,1,,,1
S186245651,Gray Catbird,Dumetella carolinensis,28000,4,US-MD,Montgomery,L33913928,"Camden Retention Pond, Gaithersburg, Maryland, US (39.12, -77.206)",39.1197497,-77.2064087,2024-07-08,06:37 PM,eBird - Traveling Count,59,1,1.078,,1
S232647749,Gray Catbird,Dumetella carolinensis,28000,1,US-MD,Montgomery,L33913928,"Camden Retention Pond, Gaithersburg, Maryland, US (39.12, -77.206)",39.1197497,-77.2064087,2025-05-03,03:19 PM,eBird - Traveling Count,32,1,1.03,,1
S292971443,Gray Catbird,Dumetella carolinensis,28000,1,US-MD,Montgomery,L33913928,"Camden Retention Pond, Gaithersburg, Maryland, US (39.12, -77.206)",39.1197497,-77.2064087,2026-01-07,12:17 PM,eBird - Traveling Count,22,1,.58,,1
S248990243,Gray Catbird,Dumetella carolinensis,28000,1,US-MD,Montgomery,L3043543,Crabbs Branch Pond,39.122276,-77.1587741,2025-06-10,05:46 PM,eBird - Traveling Count,13,1,.29,,1
S293148654,Gray Catbird,Dumetella carolinensis,28000,1,US-MD,Montgomery,L56914155,"Crown Woods, Gaithersburg, Maryland, US (39.117, -77.211)",39.1166315,-77.2109226,2026-01-08,02:03 PM,eBird - Traveling Count,7,1,.074,,1
S289396816,Gray Catbird,Dumetella carolinensis,28000,1,US-MD,Montgomery,L56150939,"Dickerson Power Plant (39.205, -77.449)",39.2051467,-77.4488143,2025-12-20,03:38 PM,eBird - Traveling Count,9,1,1.385,,2
S174850650,Gray Catbird,Dumetella carolinensis,28000,2,US-MD,Montgomery,L9055068,Hibiscus court Maryland,39.1187154,-77.2108193,2024-05-16,08:44 AM,eBird - Traveling Count,18,1,.853,,1
S175882870,Gray Catbird,Dumetella carolinensis,28000,X,US-MD,Montgomery,L9055068,Hibiscus court Maryland,39.1187154,-77.2108193,2024-05-20,08:45 AM,eBird - Stationary Count,4,1,,,1
S176115246,Gray Catbird,Dumetella carolinensis,28000,2,US-MD,Montgomery,L9055068,Hibiscus court Maryland,39.1187154,-77.2108193,2024-05-21,07:09 AM,eBird - Traveling Count,14,1,.694,,1
S176529751,Gray Catbird,Dumetella carolinensis,28000,1,US-MD,Montgomery,L9055068,Hibiscus court Maryland,39.1187154,-77.2108193,2024-05-23,08:49 AM,eBird - Traveling Count,46,1,1.706,,1
S176723839,Gray Catbird,Dumetella carolinensis,28000,3,US-MD,Montgomery,L9055068,Hibiscus court Maryland,39.1187154,-77.2108193,2024-05-24,08:49 AM,eBird - Traveling Count,19,1,.733,,1
S177681042,Gray Catbird,Dumetella carolinensis,28000,1,US-MD,Montgomery,L9055068,Hibiscus court Maryland,39.1187154,-77.2108193,2024-05-27,04:45 PM,eBird - Traveling Count,89,1,1.979,,1
S178096709,Gray Catbird,Dumetella carolinensis,28000,4,US-MD,Montgomery,L9055068,Hibiscus court Maryland,39.1187154,-77.2108193,2024-05-29,07:32 PM,eBird - Traveling Count,20,1,.563,,1
S181716209,Gray Catbird,Dumetella carolinensis,28000,1,US-MD,Montgomery,L9055068,Hibiscus court Maryland,39.1187154,-77.2108193,2024-06-15,06:55 PM,eBird - Traveling Count,29,1,.354,,1
S182239020,Gray Catbird,Dumetella carolinensis,28000,3,US-MD,Montgomery,L9055068,Hibiscus court Maryland,39.1187154,-77.2108193,2024-06-18,07:32 AM,eBird - Traveling Count,23,1,1.094,,1
S191290375,Gray Catbird,Dumetella carolinensis,28000,1,US-MD,Montgomery,L9055068,Hibiscus court Maryland,39.1187154,-77.2108193,2024-08-13,08:26 AM,eBird - Traveling Count,19,1,.626,,1
S197341843,Gray Catbird,Dumetella carolinensis,28000,1,US-MD,Montgomery,L9055068,Hibiscus court Maryland,39.1187154,-77.2108193,2024-10-03,08:56 AM,eBird - Traveling Count,14,1,.867,,2
S229607559,Gray Catbird,Dumetella carolinensis,28000,1,US-MD,Montgomery,L9055068,Hibiscus court Maryland,39.1187154,-77.2108193,2025-04-26,11:07 AM,eBird - Traveling Count,5,1,.272,,1
S232633334,Gray Catbird,Dumetella carolinensis,28000,2,US-MD,Montgomery,L9055068,Hibiscus court Maryland,39.1187154,-77.2108193,2025-05-03,03:08 PM,eBird - Traveling Count,10,1,.354,,1
S239960481,Gray Catbird,Dumetella carolinensis,28000,4,US-MD,Montgomery,L9055068,Hibiscus court Maryland,39.1187154,-77.2108193,2025-05-11,08:19 PM,eBird - Traveling Count,25,1,1.492,,1
S239703804,Gray Catbird,Dumetella carolinensis,28000,2,US-MD,Montgomery,L9055068,Hibiscus court Maryland,39.1187154,-77.2108193,2025-05-18,10:01 AM,eBird - Stationary Count,30,1,,,1
S240755396,Gray Catbird,Dumetella carolinensis,28000,2,US-MD,Montgomery,L9055068,Hibiscus court Maryland,39.1187154,-77.2108193,2025-05-20,07:29 PM,eBird - Traveling Count,22,1,.981,,1
S253652061,Gray Catbird,Dumetella carolinensis,28000,3,US-MD,Montgomery,L9055068,Hibiscus court Maryland,39.1187154,-77.2108193,2025-06-24,07:41 AM,eBird - Traveling Count,13,1,.508,,1
S254502123,Gray Catbird,Dumetella carolinensis,28000,1,US-MD,Montgomery,L9055068,Hibiscus court Maryland,39.1187154,-77.2108193,2025-06-27,08:24 AM,eBird - Traveling Count,14,1,.633,,1
S264217115,Gray Catbird,Dumetella carolinensis,28000,2,US-MD,Montgomery,L9055068,Hibiscus court Maryland,39.1187154,-77.2108193,2025-08-01,11:16 AM,eBird - Stationary Count,12,1,,,1
S294686388,Gray Catbird,Dumetella carolinensis,28000,1,US-MD,Montgomery,L9055068,Hibiscus court Maryland,39.1187154,-77.2108193,2026-01-17,09:57 AM,eBird - Stationary Count,12,1,,,1
S248712994,Gray Catbird,Dumetella carolinensis,28000,3,US-MD,Montgomery,L126620,Hughes Hollow - McKee Beshers WMA,39.0803767,-77.4035096,2025-06-09,08:09 PM,eBird - Traveling Count,35,1,1.352,,1
S253053193,Gray Catbird,Dumetella carolinensis,28000,2,US-MD,Montgomery,L126620,Hughes Hollow - McKee Beshers WMA,39.0803767,-77.4035096,2025-06-22,06:50 AM,eBird - Traveling Count,99,1,1.237,,1
S259644861,Gray Catbird,Dumetella carolinensis,28000,1,US-MD,Montgomery,L126620,Hughes Hollow - McKee Beshers WMA,39.0803767,-77.4035096,2025-07-13,03:26 PM,eBird - Traveling Count,15,1,.342,,2
S187792544,Gray Catbird,Dumetella carolinensis,28000,1,US-MD,Montgomery,L22161519,Hughes Hollow - McKee Beshers WMA--sunflower area and eastern fields,39.076893,-77.3812916,2024-07-19,06:29 PM,eBird - Traveling Count,119,1,5.601,,1
S177901809,Gray Catbird,Dumetella carolinensis,28000,5,US-MD,Montgomery,L32512991,"Lake Halcyon, Gaithersburg, Maryland, US (39.12, -77.219)",39.120175,-77.2190739,2024-05-28,07:44 PM,eBird - Traveling Count,60,1,2.044,,1
S276176191,Gray Catbird,Dumetella carolinensis,28000,1,US-MD,Montgomery,L53412458,"Little Bennett Park Day Use Area, Clarksburg, Maryland, US (39.26, -77.302)",39.2601836,-77.3018111,2025-09-28,06:19 PM,eBird - Traveling Count,51,1,1.785,,1
S276905817,Gray Catbird,Dumetella carolinensis,28000,2,US-MD,Montgomery,L1554234,Little Bennett RP--Froggy Hollow Trail,39.2619385,-77.2789755,2025-10-02,06:07 PM,eBird - Traveling Count,51,1,1.195,,1
S240002346,Gray Catbird,Dumetella carolinensis,28000,1,US-MD,Montgomery,L2769057,Little Bennett RP--Western Piedmont Trail,39.27653,-77.3071432,2025-05-18,06:20 PM,eBird - Traveling Count,44,1,1.223,,1
S173483643,Gray Catbird,Dumetella carolinensis,28000,2,US-MD,Montgomery,L31569197,"Malcolm King Park (39.121, -77.212)",39.1205865,-77.212024,2024-05-11,09:34 AM,eBird - Traveling Count,37,1,1.189,,2,,,Just our daily morning dog walk!
S174220089,Gray Catbird,Dumetella carolinensis,28000,X,US-MD,Montgomery,L31569197,"Malcolm King Park (39.121, -77.212)",39.1205865,-77.212024,2024-05-13,08:59 AM,eBird - Traveling Count,13,1,.803,,1,,,Another day another Cardinal LOL.
S184845781,Gray Catbird,Dumetella carolinensis,28000,3,US-MD,Montgomery,L31569197,"Malcolm King Park (39.121, -77.212)",39.1205865,-77.212024,2024-07-01,06:57 PM,eBird - Traveling Count,60,1,.06,,1
S246582636,Gray Catbird,Dumetella carolinensis,28000,2,US-MD,Montgomery,L31569197,"Malcolm King Park (39.121, -77.212)",39.1205865,-77.212024,2025-06-04,08:20 AM,eBird - Traveling Count,9,1,.554,,1
S249019190,Gray Catbird,Dumetella carolinensis,28000,4,US-MD,Montgomery,L31569197,"Malcolm King Park (39.121, -77.212)",39.1205865,-77.212024,2025-06-10,07:24 PM,eBird - Traveling Count,34,1,1.754,,1
S250837526,Gray Catbird,Dumetella carolinensis,28000,1,US-MD,Montgomery,L31569197,"Malcolm King Park (39.121, -77.212)",39.1205865,-77.212024,2025-06-15,05:46 PM,eBird - Traveling Count,36,1,2.063,,1
S252450226,Gray Catbird,Dumetella carolinensis,28000,4,US-MD,Montgomery,L31569197,"Malcolm King Park (39.121, -77.212)",39.1205865,-77.212024,2025-06-19,07:07 PM,eBird - Traveling Count,39,1,1.35,,1
S255759518,Gray Catbird,Dumetella carolinensis,28000,2,US-MD,Montgomery,L31569197,"Malcolm King Park (39.121, -77.212)",39.1205865,-77.212024,2025-06-30,08:01 PM,eBird - Traveling Count,20,1,1.035,,1
S289206931,Gray Catbird,Dumetella carolinensis,28000,1,US-MD,Montgomery,L31569197,"Malcolm King Park (39.121, -77.212)",39.1205865,-77.212024,2025-12-19,12:37 PM,eBird - Traveling Count,13,1,.484,,1
S230664462,Gray Catbird,Dumetella carolinensis,28000,1,US-MD,Montgomery,L41905651,"Seneca Greenway Trail, Gaithersburg, Maryland, US (39.167, -77.229)",39.1672893,-77.2288242,2025-04-28,06:28 PM,eBird - Traveling Count,80,1,2.317,,1
S279738820,Gray Catbird,Dumetella carolinensis,28000,1,US-MD,Montgomery,L54114773,"Washington Woods Park, Gaithersburg, Maryland, US (39.113, -77.224)",39.11282,-77.2236712,2025-10-16,01:21 PM,eBird - Traveling Count,34,1,.56,,1
S173679398,Gray Catbird,Dumetella carolinensis,28000,1,US-FL,Sarasota,L607892,Venice Rookery,27.04598,-82.39989,2024-03-25,09:40 AM,eBird - Stationary Count,90,1,,,3,,,My kiddo got to participate in the nest egg count with the Audubon society for the purple martins.
S181474802,Gray Catbird,Dumetella carolinensis,28000,2,US-MA,Suffolk,L515554,Charles River Esplanade,42.3553409,-71.0790968,2024-06-14,04:19 PM,eBird - Traveling Count,45,1,.674,,1
S175564443,Gray Catbird,Dumetella carolinensis,28000,2,US-MD,Washington,L31950817,"3716 Harpers Ferry Road, Sharpsburg, Maryland, US (39.415, -77.737)",39.4153833,-77.7371018,2024-05-19,07:57 AM,eBird - Stationary Count,90,1,,,1
S177419574,Gray Catbird,Dumetella carolinensis,28000,1,US-MD,Washington,L31950817,"3716 Harpers Ferry Road, Sharpsburg, Maryland, US (39.415, -77.737)",39.4153833,-77.7371018,2024-05-26,06:06 PM,eBird - Traveling Count,15,0,12.975,,1
S183379922,Gray Catbird,Dumetella carolinensis,28000,X,US-MD,Washington,L31950817,"3716 Harpers Ferry Road, Sharpsburg, Maryland, US (39.415, -77.737)",39.4153833,-77.7371018,2024-06-23,05:41 PM,eBird - Casual Observation,,0,,,1
S252687295,Gray Catbird,Dumetella carolinensis,28000,3,US-MD,Washington,L31950817,"3716 Harpers Ferry Road, Sharpsburg, Maryland, US (39.415, -77.737)",39.4153833,-77.7371018,2025-06-21,08:44 AM,eBird - Stationary Count,31,1,,,1
S180295745,Gray Catbird,Dumetella carolinensis,28000,X,US-MD,Washington,L33056912,"Rohrbach Campground, Sharpsburg, Maryland, US (39.454, -77.731)",39.4543401,-77.7314234,2024-06-09,05:48 AM,eBird - Stationary Count,4,0,,,1
S226075152,Brown Thrasher,Toxostoma rufum,28037,1,US-FL,Charlotte,L618537,Amberjack Environmental Park--Lemon Lake,26.8725833,-82.3001289,2025-04-16,08:52 AM,eBird - Traveling Count,100,1,1.018,,4
S226075158,Brown Thrasher,Toxostoma rufum,28037,1,US-FL,Charlotte,L618537,Amberjack Environmental Park--Lemon Lake,26.8725833,-82.3001289,2025-04-16,08:52 AM,eBird - Traveling Count,100,1,1.018,,4
S225947772,Brown Thrasher,Toxostoma rufum,28037,1,US-FL,Charlotte,L1345169,Wildflower Preserve,26.8814148,-82.3046701,2025-04-15,06:40 PM,eBird - Traveling Count,9,1,.964,,1
S268294117,Brown Thrasher,Toxostoma rufum,28037,1,US-ME,Cumberland,L6199827,Maine Wildlife Park,43.9293181,-70.35254,2025-08-19,01:45 PM,eBird - Traveling Count,103,1,1.256,,4
S239842745,Brown Thrasher,Toxostoma rufum,28037,1,US-MD,Frederick,L281578,Sugarloaf Mt.,39.2626685,-77.3972133,2025-05-18,12:09 PM,eBird - Traveling Count,111,1,4.442,,1,,"On the summit of Sugarloaf, distinguished from the wood thrush by its curved bill."
S219838300,Brown Thrasher,Toxostoma rufum,28037,1,US-MD,Montgomery,L41478272,"18303 Muncaster Road, Rockville, Maryland, US (39.152, -77.129)",39.1521235,-77.1293639,2025-03-21,04:45 PM,eBird - Traveling Count,15,1,.676,,1
S173968054,Brown Thrasher,Toxostoma rufum,28037,4,US-MD,Montgomery,L285049,Agricultural History Farm Park,39.1610805,-77.1322894,2024-05-12,10:26 AM,eBird - Traveling Count,104,1,2.414,,1,,"Two Nesting in a bush near the entrance of the bluebird trail, two more along the field"
S253101356,Brown Thrasher,Toxostoma rufum,28037,2,US-MD,Montgomery,L9055068,Hibiscus court Maryland,39.1187154,-77.2108193,2025-06-22,10:19 AM,eBird - Stationary Count,2,1,,,1
S240002346,Brown Thrasher,Toxostoma rufum,28037,1,US-MD,Montgomery,L2769057,Little Bennett RP--Western Piedmont Trail,39.27653,-77.3071432,2025-05-18,06:20 PM,eBird - Traveling Count,44,1,1.223,,1
S175564443,Brown Thrasher,Toxostoma rufum,28037,X,US-MD,Washington,L31950817,"3716 Harpers Ferry Road, Sharpsburg, Maryland, US (39.415, -77.737)",39.4153833,-77.7371018,2024-05-19,07:57 AM,eBird - Stationary Count,90,1,,,1
S300536527,Northern Mockingbird,Mimus polyglottos,28114,1,US-MD,Baltimore,L449294,Fort McHenry NM,39.2625631,-76.5791702,2026-02-14,12:02 PM,eBird - Traveling Count,84,1,1.31,,2
S226075152,Northern Mockingbird,Mimus polyglottos,28114,3,US-FL,Charlotte,L618537,Amberjack Environmental Park--Lemon Lake,26.8725833,-82.3001289,2025-04-16,08:52 AM,eBird - Traveling Count,100,1,1.018,,4
S226075158,Northern Mockingbird,Mimus polyglottos,28114,3,US-FL,Charlotte,L618537,Amberjack Environmental Park--Lemon Lake,26.8725833,-82.3001289,2025-04-16,08:52 AM,eBird - Traveling Count,100,1,1.018,,4
S225653591,Northern Mockingbird,Mimus polyglottos,28114,1,US-FL,Charlotte,L618241,Cedar Point Environmental Park,26.9253511,-82.334868,2025-04-14,02:41 PM,eBird - Traveling Count,95,1,4.216,,4
S299140266,Northern Mockingbird,Mimus polyglottos,28114,1,US-FL,Charlotte,L618241,Cedar Point Environmental Park,26.9253511,-82.334868,2026-02-09,08:29 AM,eBird - Traveling Count,114,1,1.533,,2
S225656554,Northern Mockingbird,Mimus polyglottos,28114,1,US-FL,Charlotte,L42656865,"Downing Street, Englewood, Florida, US (26.898, -82.321)",26.8978819,-82.3212738,2025-04-14,04:23 PM,eBird - Traveling Count,5,1,.527,,1
S298683570,Northern Mockingbird,Mimus polyglottos,28114,2,US-FL,Charlotte,L21750506,"Live Oak Blvd, Prairie Creek Preserve entrance road",27.005263,-81.929974,2026-02-07,09:07 AM,eBird - Traveling Count,83,1,4.837,,2
S226336345,Northern Mockingbird,Mimus polyglottos,28114,2,US-FL,Charlotte,L617642,Ollie's Pond Park,26.9860616,-82.1496961,2025-04-17,09:25 AM,eBird - Traveling Count,86,1,2.382,,3
S225947772,Northern Mockingbird,Mimus polyglottos,28114,1,US-FL,Charlotte,L1345169,Wildflower Preserve,26.8814148,-82.3046701,2025-04-15,06:40 PM,eBird - Traveling Count,9,1,.964,,1
S246372176,Northern Mockingbird,Mimus polyglottos,28114,2,US-DC,District of Columbia,L473521,Constitution Gardens and Reflecting Pool,38.8901142,-77.043364,2025-06-03,02:15 PM,eBird - Traveling Count,27,1,1.625,,1
S189294100,Northern Mockingbird,Mimus polyglottos,28114,2,US-DC,District of Columbia,L247770,Kenilworth Park and Aquatic Gardens,38.9133204,-76.9443433,2024-07-28,12:32 PM,eBird - Traveling Count,71,1,2.366,,2
S187599424,Northern Mockingbird,Mimus polyglottos,28114,1,US-DC,District of Columbia,L1013541,The White House,38.8975294,-77.0364976,2024-07-18,06:29 PM,eBird - Traveling Count,10,1,.29,,1
S205242909,Northern Mockingbird,Mimus polyglottos,28114,1,US-DC,District of Columbia,L1013541,The White House,38.8975294,-77.0364976,2024-12-13,10:27 AM,eBird - Traveling Count,2,1,.061,,1
S250749828,Northern Mockingbird,Mimus polyglottos,28114,1,US-MD,Frederick,L2756806,Monocacy National Battlefield--Gambrill Mill Trail,39.3688266,-77.3877865,2025-06-15,01:10 PM,eBird - Traveling Count,80,1,1.175,,1
S256585579,Northern Mockingbird,Mimus polyglottos,28114,2,US-MD,Frederick,L12242883,Othello Regional Park,39.346886,-77.601207,2025-07-03,03:50 PM,eBird - Traveling Count,18,1,1.195,,1
S180197187,Northern Mockingbird,Mimus polyglottos,28114,4,US-MD,Montgomery,L33038592,"270 North (39.239, -77.291)",39.2393341,-77.291275,2024-06-08,10:32 AM,eBird - Traveling Count,57,0,68.459,,1
S175192347,Northern Mockingbird,Mimus polyglottos,28114,1,US-MD,Montgomery,L31909282,"9679 Lost Knife Road, Montgomery Village, Maryland, US (39.153, -77.199)",39.1532211,-77.1989898,2024-05-17,07:19 PM,eBird - Traveling Count,29,1,30.204,,1
S219833183,Northern Mockingbird,Mimus polyglottos,28114,3,US-MD,Montgomery,L230151,Blue Mash Nature Trail,39.1939588,-77.1060175,2025-03-21,04:14 PM,eBird - Traveling Count,10,1,3.14,,1
S297767655,Northern Mockingbird,Mimus polyglottos,28114,1,US-MD,Montgomery,L230151,Blue Mash Nature Trail,39.1939588,-77.1060175,2026-02-02,04:13 PM,eBird - Traveling Count,24,1,.449,,2
S316508959,Northern Mockingbird,Mimus polyglottos,28114,1,US-MD,Montgomery,L230151,Blue Mash Nature Trail,39.1939588,-77.1060175,2026-04-03,05:54 PM,eBird - Traveling Count,70,1,2.147,,1
S182634611,Northern Mockingbird,Mimus polyglottos,28114,1,US-MD,Montgomery,L7383392,Bohrer Park,39.1329353,-77.1933532,2024-06-20,08:42 AM,eBird - Traveling Count,28,1,1.094,,1
S189398872,Northern Mockingbird,Mimus polyglottos,28114,3,US-MD,Montgomery,L7383392,Bohrer Park,39.1329353,-77.1933532,2024-07-29,08:46 AM,eBird - Traveling Count,15,1,.933,,1
S263202719,Northern Mockingbird,Mimus polyglottos,28114,2,US-MD,Montgomery,L7383392,Bohrer Park,39.1329353,-77.1933532,2025-07-27,02:00 PM,eBird - Traveling Count,31,1,.123,,1
S233615339,Northern Mockingbird,Mimus polyglottos,28114,2,US-MD,Montgomery,L584300,C&O Canal--Edwards Ferry,39.1030006,-77.4737057,2025-05-05,06:00 PM,eBird - Traveling Count,42,1,1.493,,1
S173683775,Northern Mockingbird,Mimus polyglottos,28114,1,US-MD,Montgomery,L192824,C&O Canal--Violette's Lock,39.066803,-77.32951,2023-11-23,12:55 PM,eBird - Traveling Count,20,1,.547,,2
S191234658,Northern Mockingbird,Mimus polyglottos,28114,1,US-MD,Montgomery,L33913928,"Camden Retention Pond, Gaithersburg, Maryland, US (39.12, -77.206)",39.1197497,-77.2064087,2024-08-12,06:34 PM,eBird - Stationary Count,5,1,,,1
S197613650,Northern Mockingbird,Mimus polyglottos,28114,2,US-MD,Montgomery,L33913928,"Camden Retention Pond, Gaithersburg, Maryland, US (39.12, -77.206)",39.1197497,-77.2064087,2024-10-05,11:16 AM,eBird - Casual Observation,,0,,,1
S240410804,Northern Mockingbird,Mimus polyglottos,28114,1,US-MD,Montgomery,L33913928,"Camden Retention Pond, Gaithersburg, Maryland, US (39.12, -77.206)",39.1197497,-77.2064087,2025-05-19,08:13 PM,eBird - Stationary Count,4,1,,,1
S278986302,Northern Mockingbird,Mimus polyglottos,28114,1,US-MD,Montgomery,L33913928,"Camden Retention Pond, Gaithersburg, Maryland, US (39.12, -77.206)",39.1197497,-77.2064087,2025-10-12,02:33 PM,eBird - Traveling Count,16,1,.713,,1
S292971443,Northern Mockingbird,Mimus polyglottos,28114,1,US-MD,Montgomery,L33913928,"Camden Retention Pond, Gaithersburg, Maryland, US (39.12, -77.206)",39.1197497,-77.2064087,2026-01-07,12:17 PM,eBird - Traveling Count,22,1,.58,,1
S223512042,Northern Mockingbird,Mimus polyglottos,28114,1,US-MD,Montgomery,L42214720,"Camp Seneca, Maryland, US (39.177, -77.302)",39.1772081,-77.3018305,2025-04-06,02:51 PM,eBird - Traveling Count,57,1,1.207,,1
S294699461,Northern Mockingbird,Mimus polyglottos,28114,1,US-MD,Montgomery,L56914155,"Crown Woods, Gaithersburg, Maryland, US (39.117, -77.211)",39.1166315,-77.2109226,2026-01-17,10:01 AM,eBird - Traveling Count,41,1,.81,,1
S295165095,Northern Mockingbird,Mimus polyglottos,28114,2,US-MD,Montgomery,L56914155,"Crown Woods, Gaithersburg, Maryland, US (39.117, -77.211)",39.1166315,-77.2109226,2026-01-19,10:10 AM,eBird - Traveling Count,39,1,1.508,,1
S173332427,Northern Mockingbird,Mimus polyglottos,28114,1,US-MD,Montgomery,L9055068,Hibiscus court Maryland,39.1187154,-77.2108193,2023-11-22,10:10 AM,eBird - Stationary Count,30,1,,,2
S176723839,Northern Mockingbird,Mimus polyglottos,28114,1,US-MD,Montgomery,L9055068,Hibiscus court Maryland,39.1187154,-77.2108193,2024-05-24,08:49 AM,eBird - Traveling Count,19,1,.733,,1
S177681042,Northern Mockingbird,Mimus polyglottos,28114,1,US-MD,Montgomery,L9055068,Hibiscus court Maryland,39.1187154,-77.2108193,2024-05-27,04:45 PM,eBird - Traveling Count,89,1,1.979,,1
S213498174,Northern Mockingbird,Mimus polyglottos,28114,1,US-MD,Montgomery,L9055068,Hibiscus court Maryland,39.1187154,-77.2108193,2025-02-15,10:57 AM,eBird - Stationary Count,38,1,,,1
S239960481,Northern Mockingbird,Mimus polyglottos,28114,1,US-MD,Montgomery,L9055068,Hibiscus court Maryland,39.1187154,-77.2108193,2025-05-11,08:19 PM,eBird - Traveling Count,25,1,1.492,,1
S299526270,Northern Mockingbird,Mimus polyglottos,28114,1,US-MD,Montgomery,L9055068,Hibiscus court Maryland,39.1187154,-77.2108193,2026-02-11,08:47 AM,eBird - Traveling Count,21,1,.585,,1
S299961545,Northern Mockingbird,Mimus polyglottos,28114,1,US-MD,Montgomery,L9055068,Hibiscus court Maryland,39.1187154,-77.2108193,2026-02-13,08:44 AM,eBird - Traveling Count,9,1,.24,,1
S301327375,Northern Mockingbird,Mimus polyglottos,28114,1,US-MD,Montgomery,L9055068,Hibiscus court Maryland,39.1187154,-77.2108193,2026-02-16,08:38 AM,eBird - Stationary Count,35,1,,,1
S301950574,Northern Mockingbird,Mimus polyglottos,28114,1,US-MD,Montgomery,L9055068,Hibiscus court Maryland,39.1187154,-77.2108193,2026-02-18,07:24 AM,eBird - Traveling Count,94,1,.445,,1
S316020343,Northern Mockingbird,Mimus polyglottos,28114,1,US-MD,Montgomery,L9055068,Hibiscus court Maryland,39.1187154,-77.2108193,2026-04-02,02:22 PM,eBird - Stationary Count,104,1,,,1,,,It is a very cold day and the birds aren't very active outside my window.
S227622469,Northern Mockingbird,Mimus polyglottos,28114,1,US-MD,Montgomery,L126620,Hughes Hollow - McKee Beshers WMA,39.0803767,-77.4035096,2025-04-20,05:15 PM,eBird - Traveling Count,87,1,2.301,,1
S230262565,Northern Mockingbird,Mimus polyglottos,28114,2,US-MD,Montgomery,L22161519,Hughes Hollow - McKee Beshers WMA--sunflower area and eastern fields,39.076893,-77.3812916,2025-04-27,03:44 PM,eBird - Traveling Count,78,1,3.75,,3
S174427926,Northern Mockingbird,Mimus polyglottos,28114,2,US-MD,Montgomery,L31569197,"Malcolm King Park (39.121, -77.212)",39.1205865,-77.212024,2024-05-14,07:33 AM,eBird - Traveling Count,16,1,.805,,1
S184845781,Northern Mockingbird,Mimus polyglottos,28114,3,US-MD,Montgomery,L31569197,"Malcolm King Park (39.121, -77.212)",39.1205865,-77.212024,2024-07-01,06:57 PM,eBird - Traveling Count,60,1,.06,,1
S232178059,Northern Mockingbird,Mimus polyglottos,28114,2,US-MD,Montgomery,L31569197,"Malcolm King Park (39.121, -77.212)",39.1205865,-77.212024,2025-05-02,05:38 PM,eBird - Traveling Count,19,1,1.014,,1
S289206931,Northern Mockingbird,Mimus polyglottos,28114,1,US-MD,Montgomery,L31569197,"Malcolm King Park (39.121, -77.212)",39.1205865,-77.212024,2025-12-19,12:37 PM,eBird - Traveling Count,13,1,.484,,1
S290182812,Northern Mockingbird,Mimus polyglottos,28114,1,US-MD,Montgomery,L31569197,"Malcolm King Park (39.121, -77.212)",39.1205865,-77.212024,2025-12-25,12:06 PM,eBird - Traveling Count,27,1,1.078,,1
S292410625,Northern Mockingbird,Mimus polyglottos,28114,1,US-MD,Montgomery,L31569197,"Malcolm King Park (39.121, -77.212)",39.1205865,-77.212024,2026-01-04,11:17 AM,eBird - Traveling Count,77,1,1.98,,2
S219612076,Northern Mockingbird,Mimus polyglottos,28114,1,US-MD,Montgomery,L11101726,Muddy Branch Park,39.113044,-77.226531,2025-03-20,11:04 AM,eBird - Traveling Count,26,1,.547,,1
S233623669,Northern Mockingbird,Mimus polyglottos,28114,1,US-MD,Montgomery,L266131,Patton Farms (formerly Patton Turf Farm),39.1433333,-77.5103802,2025-05-05,06:56 PM,eBird - Traveling Count,10,1,3.919,,1
S216321009,Northern Mockingbird,Mimus polyglottos,28114,1,US-MD,Montgomery,L453705,Patuxent River SP--Rte. 97 (Montgomery Co.),39.2380827,-77.0571345,2025-03-02,02:47 PM,eBird - Traveling Count,43,1,1.497,,1
S288758503,Northern Mockingbird,Mimus polyglottos,28114,2,US-MD,Montgomery,L53737414,Royce Hanson Conservation Park at Broad Run,39.1324176,-77.4573434,2025-12-15,04:21 PM,eBird - Traveling Count,12,1,.433,,1
S177875501,Northern Mockingbird,Mimus polyglottos,28114,2,US-MD,Montgomery,L32507644,"Shady Grove Metro Station, Rockville, Maryland, US (39.121, -77.163)",39.1212152,-77.1634004,2024-05-28,05:41 PM,eBird - Traveling Count,8,1,.12,,1
S188156823,Northern Mockingbird,Mimus polyglottos,28114,2,US-MD,Montgomery,L19214285,"Welsh Park, Rockville",39.0908869,-77.1608661,2024-07-21,06:19 PM,eBird - Traveling Count,27,0,.756,,1
S183870068,Northern Mockingbird,Mimus polyglottos,28114,1,US-MD,Prince George's,L33936221,"NASA Goddard Space Flight Center, Greenbelt, Maryland, US (38.993, -76.848)",38.9929483,-76.8476183,2024-06-26,08:30 AM,eBird - Casual Observation,,0,,,1
S177579473,Northern Mockingbird,Mimus polyglottos,28114,5,US-MD,Prince George's,L305078,Patuxent Research Refuge--South Tract (National Wildlife Visitor Center),39.0270605,-76.7991731,2024-05-27,09:22 AM,eBird - Traveling Count,131,0,8.433,,2
S239213799,Northern Mockingbird,Mimus polyglottos,28114,2,US-MD,Prince George's,L305078,Patuxent Research Refuge--South Tract (National Wildlife Visitor Center),39.0270605,-76.7991731,2025-05-17,08:28 AM,eBird - Traveling Count,149,1,6.502,,1
S201148641,Northern Mockingbird,Mimus polyglottos,28114,2,US-MD,Prince George's,L37776401,"Peace and Friendship Garden, College Park, Maryland, US (38.986, -76.952)",38.9864419,-76.9522843,2024-10-23,02:05 PM,eBird - Traveling Count,15,1,.225,,1
S226419119,Northern Mockingbird,Mimus polyglottos,28114,1,US-FL,Sarasota,L625835,Lemon Bay Park,26.9727128,-82.3743725,2025-04-17,02:32 PM,eBird - Traveling Count,58,1,2.897,,1
S177419574,Northern Mockingbird,Mimus polyglottos,28114,1,US-MD,Washington,L31950817,"3716 Harpers Ferry Road, Sharpsburg, Maryland, US (39.415, -77.737)",39.4153833,-77.7371018,2024-05-26,06:06 PM,eBird - Traveling Count,15,0,12.975,,1
S221934041,Northern Mockingbird,Mimus polyglottos,28114,1,US-MD,Washington,L31950817,"3716 Harpers Ferry Road, Sharpsburg, Maryland, US (39.415, -77.737)",39.4153833,-77.7371018,2025-03-30,03:58 PM,eBird - Traveling Count,76,1,.07,,1
S199682839,Northern Mockingbird,Mimus polyglottos,28114,1,US-MD,Washington,L3108412,Antietam National Battlefield--Burnside Bridge,39.4505101,-77.7318442,2024-10-20,03:00 PM,eBird - Traveling Count,160,1,32.895,,3
S272056950,Northern Mockingbird,Mimus polyglottos,28114,1,US-MD,Washington,L7545582,Fort Frederick State Park,39.6103016,-78.0052128,2025-09-07,12:29 PM,eBird - Traveling Count,30,1,1.335,,1
S206657640,Northern Mockingbird,Mimus polyglottos,28114,1,US-MD,Washington,L1135587,Mt. Briar Wetlands Preserve,39.4412971,-77.6814508,2024-12-26,02:03 PM,eBird - Traveling Count,12,1,10.432,,1
S192337227,Eastern Bluebird,Sialia sialis,28126,3,US-NH,Coos,L5162343,Milan town,44.5762236,-71.1877477,2024-08-21,05:50 PM,eBird - Traveling Count,10,1,3.164,,3
S247226180,Eastern Bluebird,Sialia sialis,28126,2,US-DC,District of Columbia,L46925662,"THE Reach, Washington, District of Columbia, US (38.894, -77.056)",38.8943386,-77.0555275,2025-06-05,06:25 PM,eBird - Stationary Count,45,1,,,2
S292147729,Eastern Bluebird,Sialia sialis,28126,16,US-VA,Fairfax,L718485,Great Falls Park,38.9937,-77.2553,2026-01-03,12:19 PM,eBird - Traveling Count,8,1,.1,,1
S250749828,Eastern Bluebird,Sialia sialis,28126,1,US-MD,Frederick,L2756806,Monocacy National Battlefield--Gambrill Mill Trail,39.3688266,-77.3877865,2025-06-15,01:10 PM,eBird - Traveling Count,80,1,1.175,,1
S285631919,Eastern Bluebird,Sialia sialis,28126,3,US-MD,Frederick,L473415,New Design Road,39.2903356,-77.4676037,2025-11-02,12:56 PM,eBird - Traveling Count,207,1,7.02,,1
S256585579,Eastern Bluebird,Sialia sialis,28126,4,US-MD,Frederick,L12242883,Othello Regional Park,39.346886,-77.601207,2025-07-03,03:50 PM,eBird - Traveling Count,18,1,1.195,,1
S309217693,Eastern Bluebird,Sialia sialis,28126,2,US-MD,Montgomery,L60238913,"14321 Piccadilly Road, Silver Spring, Maryland, US (39.092, -77.035)",39.0923058,-77.0352297,2026-03-14,04:50 PM,eBird - Traveling Count,34,1,.158,,1
S201163113,Eastern Bluebird,Sialia sialis,28126,1,US-MD,Montgomery,L37779595,"18953 Abbotsford Circle, Germantown, Maryland, US (39.164, -77.239)",39.1644592,-77.238655,2024-11-02,01:37 PM,eBird - Traveling Count,30,0,45.575,,1
S173968054,Eastern Bluebird,Sialia sialis,28126,8,US-MD,Montgomery,L285049,Agricultural History Farm Park,39.1610805,-77.1322894,2024-05-12,10:26 AM,eBird - Traveling Count,104,1,2.414,,1
S245500420,Eastern Bluebird,Sialia sialis,28126,X,US-MD,Montgomery,L285049,Agricultural History Farm Park,39.1610805,-77.1322894,2025-06-01,10:11 AM,eBird - Traveling Count,66,1,3.46,,1
S278435561,Eastern Bluebird,Sialia sialis,28126,7,US-MD,Montgomery,L285049,Agricultural History Farm Park,39.1610805,-77.1322894,2025-10-10,05:49 PM,eBird - Traveling Count,36,1,1.343,,1
S287726423,Eastern Bluebird,Sialia sialis,28126,5,US-MD,Montgomery,L285049,Agricultural History Farm Park,39.1610805,-77.1322894,2025-12-07,03:07 PM,eBird - Traveling Count,87,1,1.583,,2
S316508959,Eastern Bluebird,Sialia sialis,28126,2,US-MD,Montgomery,L230151,Blue Mash Nature Trail,39.1939588,-77.1060175,2026-04-03,05:54 PM,eBird - Traveling Count,70,1,2.147,,1
S216306884,Eastern Bluebird,Sialia sialis,28126,2,US-MD,Montgomery,L34819685,Brighton Dam Azalea Garden,39.1917702,-77.0070275,2025-03-02,01:06 PM,eBird - Traveling Count,66,0,5.263,,1
S210247451,Eastern Bluebird,Sialia sialis,28126,2,US-MD,Montgomery,L214293,C&O Canal--Great Falls,38.9994802,-77.2450634,2022-01-08,09:00 AM,Historical,60,0,3.219
S173683785,Eastern Bluebird,Sialia sialis,28126,2,US-MD,Montgomery,L360157,C&O Canal--Riley's Lock,39.0682467,-77.3431492,2023-11-23,11:24 AM,eBird - Traveling Count,65,1,.668,,2
S249924330,Eastern Bluebird,Sialia sialis,28126,1,US-MD,Montgomery,L360157,C&O Canal--Riley's Lock,39.0682467,-77.3431492,2025-06-12,07:45 PM,eBird - Traveling Count,61,1,.287,,1
S214123451,Eastern Bluebird,Sialia sialis,28126,4,US-MD,Montgomery,L282688,C&O Canal--White's Ferry,39.155215,-77.517221,2025-02-17,02:55 PM,eBird - Traveling Count,9,1,.966,,1
S305086064,Eastern Bluebird,Sialia sialis,28126,3,US-MD,Montgomery,L282688,C&O Canal--White's Ferry,39.155215,-77.517221,2026-03-01,01:46 PM,eBird - Traveling Count,25,1,.46,,1
S183770250,Eastern Bluebird,Sialia sialis,28126,1,US-MD,Montgomery,L33913928,"Camden Retention Pond, Gaithersburg, Maryland, US (39.12, -77.206)",39.1197497,-77.2064087,2024-06-25,07:46 PM,eBird - Stationary Count,24,1,,,1
S186245651,Eastern Bluebird,Sialia sialis,28126,2,US-MD,Montgomery,L33913928,"Camden Retention Pond, Gaithersburg, Maryland, US (39.12, -77.206)",39.1197497,-77.2064087,2024-07-08,06:37 PM,eBird - Traveling Count,59,1,1.078,,1
S292971443,Eastern Bluebird,Sialia sialis,28126,2,US-MD,Montgomery,L33913928,"Camden Retention Pond, Gaithersburg, Maryland, US (39.12, -77.206)",39.1197497,-77.2064087,2026-01-07,12:17 PM,eBird - Traveling Count,22,1,.58,,1
S223512042,Eastern Bluebird,Sialia sialis,28126,2,US-MD,Montgomery,L42214720,"Camp Seneca, Maryland, US (39.177, -77.302)",39.1772081,-77.3018305,2025-04-06,02:51 PM,eBird - Traveling Count,57,1,1.207,,1
S222948122,Eastern Bluebird,Sialia sialis,28126,3,US-MD,Montgomery,L42096446,"Dufief Muddy Branch Park, North Potomac, Maryland, US (39.105, -77.236)",39.1045983,-77.2364397,2025-04-04,03:51 PM,eBird - Traveling Count,26,1,.885,,2
S176529751,Eastern Bluebird,Sialia sialis,28126,2,US-MD,Montgomery,L9055068,Hibiscus court Maryland,39.1187154,-77.2108193,2024-05-23,08:49 AM,eBird - Traveling Count,46,1,1.706,,1
S177681042,Eastern Bluebird,Sialia sialis,28126,2,US-MD,Montgomery,L9055068,Hibiscus court Maryland,39.1187154,-77.2108193,2024-05-27,04:45 PM,eBird - Traveling Count,89,1,1.979,,1
S178096709,Eastern Bluebird,Sialia sialis,28126,1,US-MD,Montgomery,L9055068,Hibiscus court Maryland,39.1187154,-77.2108193,2024-05-29,07:32 PM,eBird - Traveling Count,20,1,.563,,1
S212334920,Eastern Bluebird,Sialia sialis,28126,4,US-MD,Montgomery,L9055068,Hibiscus court Maryland,39.1187154,-77.2108193,2025-02-07,02:23 PM,eBird - Traveling Count,70,1,1.77,,1
S307587013,Eastern Bluebird,Sialia sialis,28126,4,US-MD,Montgomery,L9055068,Hibiscus court Maryland,39.1187154,-77.2108193,2026-03-09,09:15 AM,eBird - Traveling Count,18,1,.498,,1,,,Gorgeous morning. So many resident birds chirping and building nests.
S194193514,Eastern Bluebird,Sialia sialis,28126,1,US-MD,Montgomery,L126620,Hughes Hollow - McKee Beshers WMA,39.0803767,-77.4035096,2024-09-06,05:47 PM,eBird - Traveling Count,56,1,3.219,,4
S307723981,Eastern Bluebird,Sialia sialis,28126,4,US-MD,Montgomery,L126620,Hughes Hollow - McKee Beshers WMA,39.0803767,-77.4035096,2026-03-09,01:41 PM,eBird - Traveling Count,104,1,6.038,,1
S314489044,Eastern Bluebird,Sialia sialis,28126,2,US-MD,Montgomery,L126620,Hughes Hollow - McKee Beshers WMA,39.0803767,-77.4035096,2026-03-29,02:54 PM,eBird - Traveling Count,36,1,2.047,,2
S187792544,Eastern Bluebird,Sialia sialis,28126,4,US-MD,Montgomery,L22161519,Hughes Hollow - McKee Beshers WMA--sunflower area and eastern fields,39.076893,-77.3812916,2024-07-19,06:29 PM,eBird - Traveling Count,119,1,5.601,,1
S285631806,Eastern Bluebird,Sialia sialis,28126,1,US-MD,Montgomery,L22161519,Hughes Hollow - McKee Beshers WMA--sunflower area and eastern fields,39.076893,-77.3812916,2025-11-22,12:53 PM,eBird - Traveling Count,53,1,3.085,,2
S245062525,Eastern Bluebird,Sialia sialis,28126,1,US-MD,Montgomery,L224286,Lake Frank,39.1028755,-77.1198104,2025-05-31,11:53 AM,eBird - Traveling Count,38,1,.75,,1
S232693931,Eastern Bluebird,Sialia sialis,28126,2,US-MD,Montgomery,L44046276,"Lake Varuna, Gaithersburg, Maryland, US (39.119, -77.228)",39.1190779,-77.227522,2025-05-03,05:46 PM,eBird - Stationary Count,3,1,,,1
S240002346,Eastern Bluebird,Sialia sialis,28126,1,US-MD,Montgomery,L2769057,Little Bennett RP--Western Piedmont Trail,39.27653,-77.3071432,2025-05-18,06:20 PM,eBird - Traveling Count,44,1,1.223,,1
S173483643,Eastern Bluebird,Sialia sialis,28126,4,US-MD,Montgomery,L31569197,"Malcolm King Park (39.121, -77.212)",39.1205865,-77.212024,2024-05-11,09:34 AM,eBird - Traveling Count,37,1,1.189,,2,,,Just our daily morning dog walk!
S174427926,Eastern Bluebird,Sialia sialis,28126,3,US-MD,Montgomery,L31569197,"Malcolm King Park (39.121, -77.212)",39.1205865,-77.212024,2024-05-14,07:33 AM,eBird - Traveling Count,16,1,.805,,1
S302680251,Eastern Bluebird,Sialia sialis,28126,2,US-MD,Montgomery,L31569197,"Malcolm King Park (39.121, -77.212)",39.1205865,-77.212024,2026-02-21,08:56 AM,eBird - Traveling Count,15,1,.76,,1
S306793326,Eastern Bluebird,Sialia sialis,28126,1,US-MD,Montgomery,L31569197,"Malcolm King Park (39.121, -77.212)",39.1205865,-77.212024,2026-03-07,09:48 AM,eBird - Traveling Count,17,1,.749,,1,,,"Very humid day. Most of the birds are pretty angry about the two red shoulder hawks flying around, filling a nest near the park bench at the shady Grove Park entrance."
S307216901,Eastern Bluebird,Sialia sialis,28126,1,US-MD,Montgomery,L31569197,"Malcolm King Park (39.121, -77.212)",39.1205865,-77.212024,2026-03-08,09:51 AM,eBird - Traveling Count,76,1,1.346,,1,,,70f this morning on the walk. Watched a few crows try to take The nest that one of our pairs of red shouldered Hawks are building. The Hawks were not amused.
S219612076,Eastern Bluebird,Sialia sialis,28126,2,US-MD,Montgomery,L11101726,Muddy Branch Park,39.113044,-77.226531,2025-03-20,11:04 AM,eBird - Traveling Count,26,1,.547,,1
S283561628,Eastern Bluebird,Sialia sialis,28126,1,US-MD,Montgomery,L505316,Seneca Creek SP--Clopper Lake,39.142381,-77.252465,2025-11-08,03:09 PM,eBird - Traveling Count,18,1,.151,,1
S221956322,Eastern Bluebird,Sialia sialis,28126,2,US-MD,Montgomery,L41905651,"Seneca Greenway Trail, Gaithersburg, Maryland, US (39.167, -77.229)",39.1672893,-77.2288242,2025-03-30,06:33 PM,eBird - Traveling Count,28,1,.35,,1
S247455766,Eastern Bluebird,Sialia sialis,28126,1,US-MD,Montgomery,L41905651,"Seneca Greenway Trail, Gaithersburg, Maryland, US (39.167, -77.229)",39.1672893,-77.2288242,2025-06-06,05:55 PM,eBird - Traveling Count,51,1,.37,,1
S238951279,Eastern Bluebird,Sialia sialis,28126,1,US-MD,Montgomery,L32507644,"Shady Grove Metro Station, Rockville, Maryland, US (39.121, -77.163)",39.1212152,-77.1634004,2025-05-16,07:32 PM,eBird - Traveling Count,5,1,.204,,1
S251200103,Eastern Bluebird,Sialia sialis,28126,2,US-MD,Montgomery,L32507644,"Shady Grove Metro Station, Rockville, Maryland, US (39.121, -77.163)",39.1212152,-77.1634004,2025-06-16,06:54 PM,eBird - Casual Observation,,0,,,1
S253804122,Eastern Bluebird,Sialia sialis,28126,1,US-MD,Montgomery,L32507644,"Shady Grove Metro Station, Rockville, Maryland, US (39.121, -77.163)",39.1212152,-77.1634004,2025-06-24,05:50 PM,eBird - Stationary Count,2,0,,,1
S203796738,Eastern Bluebird,Sialia sialis,28126,1,US-MD,Montgomery,L2055457,Sycamore Landing Rd. fields,39.0839717,-77.4146461,2024-11-27,02:08 PM,eBird - Traveling Count,89,1,4.361,,2
S304654981,Eastern Bluebird,Sialia sialis,28126,2,US-MD,Montgomery,L54114773,"Washington Woods Park, Gaithersburg, Maryland, US (39.113, -77.224)",39.11282,-77.2236712,2026-02-28,11:12 AM,eBird - Traveling Count,82,1,.627,,1
S192185217,Eastern Bluebird,Sialia sialis,28126,2,US-ME,Oxford,L35938426,"8 Bear River Road, Newry, Maine, US (44.488, -70.788)",44.487575,-70.7881486,2024-08-20,03:36 PM,eBird - Traveling Count,34,1,31.777,,2
S183870068,Eastern Bluebird,Sialia sialis,28126,1,US-MD,Prince George's,L33936221,"NASA Goddard Space Flight Center, Greenbelt, Maryland, US (38.993, -76.848)",38.9929483,-76.8476183,2024-06-26,08:30 AM,eBird - Casual Observation,,0,,,1
S239253914,Eastern Bluebird,Sialia sialis,28126,5,US-MD,Prince George's,L42706061,Patuxent Research Refuge--Central Tract (Restricted Access),39.0491905,-76.7986274,2025-05-17,11:28 AM,eBird - Traveling Count,35,1,3.206,,1
S177579473,Eastern Bluebird,Sialia sialis,28126,9,US-MD,Prince George's,L305078,Patuxent Research Refuge--South Tract (National Wildlife Visitor Center),39.0270605,-76.7991731,2024-05-27,09:22 AM,eBird - Traveling Count,131,0,8.433,,2
S239213799,Eastern Bluebird,Sialia sialis,28126,5,US-MD,Prince George's,L305078,Patuxent Research Refuge--South Tract (National Wildlife Visitor Center),39.0270605,-76.7991731,2025-05-17,08:28 AM,eBird - Traveling Count,149,1,6.502,,1
S295252172,Eastern Bluebird,Sialia sialis,28126,7,US-MD,Washington,L57442056,"3106 Chestnut Grove Road, Keedysville, Maryland, US (39.4, -77.703)",39.3995503,-77.7026681,2026-01-17,02:05 PM,eBird - Stationary Count,15,1,,,1
S175383303,Eastern Bluebird,Sialia sialis,28126,1,US-MD,Washington,L31950817,"3716 Harpers Ferry Road, Sharpsburg, Maryland, US (39.415, -77.737)",39.4153833,-77.7371018,2024-05-18,01:58 PM,eBird - Stationary Count,2,1,,,1
S175564443,Eastern Bluebird,Sialia sialis,28126,3,US-MD,Washington,L31950817,"3716 Harpers Ferry Road, Sharpsburg, Maryland, US (39.415, -77.737)",39.4153833,-77.7371018,2024-05-19,07:57 AM,eBird - Stationary Count,90,1,,,1
S177419574,Eastern Bluebird,Sialia sialis,28126,1,US-MD,Washington,L31950817,"3716 Harpers Ferry Road, Sharpsburg, Maryland, US (39.415, -77.737)",39.4153833,-77.7371018,2024-05-26,06:06 PM,eBird - Traveling Count,15,0,12.975,,1
S183379922,Eastern Bluebird,Sialia sialis,28126,2,US-MD,Washington,L31950817,"3716 Harpers Ferry Road, Sharpsburg, Maryland, US (39.415, -77.737)",39.4153833,-77.7371018,2024-06-23,05:41 PM,eBird - Casual Observation,,0,,,1,,,,620983095
S191828104,Eastern Bluebird,Sialia sialis,28126,1,US-MD,Washington,L31950817,"3716 Harpers Ferry Road, Sharpsburg, Maryland, US (39.415, -77.737)",39.4153833,-77.7371018,2024-08-17,04:38 PM,eBird - Casual Observation,,0,,,1
S193754988,Eastern Bluebird,Sialia sialis,28126,1,US-MD,Washington,L31950817,"3716 Harpers Ferry Road, Sharpsburg, Maryland, US (39.415, -77.737)",39.4153833,-77.7371018,2024-09-02,03:51 PM,eBird - Casual Observation,,0,,,1
S221934041,Eastern Bluebird,Sialia sialis,28126,2,US-MD,Washington,L31950817,"3716 Harpers Ferry Road, Sharpsburg, Maryland, US (39.415, -77.737)",39.4153833,-77.7371018,2025-03-30,03:58 PM,eBird - Traveling Count,76,1,.07,,1
S252687295,Eastern Bluebird,Sialia sialis,28126,2,US-MD,Washington,L31950817,"3716 Harpers Ferry Road, Sharpsburg, Maryland, US (39.415, -77.737)",39.4153833,-77.7371018,2025-06-21,08:44 AM,eBird - Stationary Count,31,1,,,1
S275759758,Eastern Bluebird,Sialia sialis,28126,1,US-MD,Washington,L31950817,"3716 Harpers Ferry Road, Sharpsburg, Maryland, US (39.415, -77.737)",39.4153833,-77.7371018,2025-09-27,09:16 AM,eBird - Stationary Count,14,1,,,1
S288632117,Eastern Bluebird,Sialia sialis,28126,1,US-MD,Washington,L31950817,"3716 Harpers Ferry Road, Sharpsburg, Maryland, US (39.415, -77.737)",39.4153833,-77.7371018,2025-12-14,03:54 PM,eBird - Stationary Count,67,1,,,1
S288402383,Eastern Bluebird,Sialia sialis,28126,2,US-MD,Washington,L47901776,"3909 Mills Road, Sharpsburg, Maryland, US (39.42, -77.725)",39.4204997,-77.7254397,2025-12-13,10:46 AM,eBird - Traveling Count,3,1,2.607,,1
S257633796,Eastern Bluebird,Sialia sialis,28126,2,US-MD,Washington,L5825627,Antietam National Battlefield--Snavely Ford Trail,39.449291,-77.7314029,2025-07-06,04:30 PM,eBird - Traveling Count,39,1,1.113,,1
S203796974,Eastern Bluebird,Sialia sialis,28126,1,US-MD,Washington,L512641,C&O Canal--Antietam Creek,39.417434,-77.745801,2024-11-02,04:11 PM,eBird - Traveling Count,111,1,2.35,,1
S317015664,Eastern Bluebird,Sialia sialis,28126,1,US-MD,Washington,L512641,C&O Canal--Antietam Creek,39.417434,-77.745801,2026-04-04,04:56 PM,eBird - Traveling Count,21,1,.163,,2
S306960721,Eastern Bluebird,Sialia sialis,28126,2,US-MD,Washington,L59209237,"Private Yard, Sharpsburg, Maryland, US (39.416, -77.737)",39.4157499,-77.7373156,2026-03-07,04:48 PM,eBird - Traveling Count,41,1,.048,,2
S180559422,Eastern Bluebird,Sialia sialis,28126,2,US-MD,Washington,L33056912,"Rohrbach Campground, Sharpsburg, Maryland, US (39.454, -77.731)",39.4543401,-77.7314234,2024-06-08,02:29 PM,eBird - Traveling Count,113,1,.402,,1
S180559345,Eastern Bluebird,Sialia sialis,28126,2,US-MD,Washington,L33056912,"Rohrbach Campground, Sharpsburg, Maryland, US (39.454, -77.731)",39.4543401,-77.7314234,2024-06-09,09:12 AM,eBird - Traveling Count,60,1,.298,,1
S259302581,Eastern Bluebird,Sialia sialis,28126,4,US-MD,Washington,L33056912,"Rohrbach Campground, Sharpsburg, Maryland, US (39.454, -77.731)",39.4543401,-77.7314234,2025-07-12,03:12 PM,eBird - Traveling Count,99,1,2.404,,1
S280415029,Western Bluebird,Sialia mexicana,28136,4,US-CA,San Diego,L10053177,La Costa Ranch,33.0895832,-117.2502914,2025-10-19,03:57 PM,eBird - Stationary Count,74,1,,,1
S280793659,Western Bluebird,Sialia mexicana,28136,6,US-CA,San Diego,L10053177,La Costa Ranch,33.0895832,-117.2502914,2025-10-22,07:18 AM,eBird - Traveling Count,12,1,.225,,1
S192063566,Bicknell's Thrush,Catharus bicknelli,28321,1,US-NH,Grafton,L926014,"Cannon Mt., Franconia",44.1566853,-71.6987032,2024-08-19,09:41 AM,eBird - Stationary Count,183,1,,,1,,I saw exactly two birds at the top of the mountain. One Raven and one thrush.,"This was a very quick trip specifically to see the thrush at the top of the mountain. There was a raven there as well. And there was a chickadee calling on the way up, which I did not see but I could hear very distinctly."
S292145747,Hermit Thrush,Catharus guttatus,28333,2,US-VA,Fairfax,L718485,Great Falls Park,38.9937,-77.2553,2026-01-03,10:48 AM,eBird - Traveling Count,75,1,1.28,,1
S184336723,Hermit Thrush,Catharus guttatus,28333,1,US-MD,Frederick,L281578,Sugarloaf Mt.,39.2626685,-77.3972133,2018-04-01,10:45 AM,eBird - Traveling Count,130,1,4.828,,1
S305134693,Hermit Thrush,Catharus guttatus,28333,1,US-MD,Montgomery,L584300,C&O Canal--Edwards Ferry,39.1030006,-77.4737057,2026-03-01,04:03 PM,eBird - Traveling Count,7,1,.224,,1,,,This app is messed up. We were here for 40 minutes. It's saying 7:00.,651962714
S173683785,Hermit Thrush,Catharus guttatus,28333,1,US-MD,Montgomery,L360157,C&O Canal--Riley's Lock,39.0682467,-77.3431492,2023-11-23,11:24 AM,eBird - Traveling Count,65,1,.668,,2
S282549377,Hermit Thrush,Catharus guttatus,28333,2,US-MD,Montgomery,L31569197,"Malcolm King Park (39.121, -77.212)",39.1205865,-77.212024,2025-11-02,10:30 AM,eBird - Traveling Count,24,1,.873,,1
S175887634,Hermit Thrush,Catharus guttatus,28333,X,US-AZ,Pima,L211809,Madera Canyon--Proctor Rd.,31.739938,-110.886147,2008-05-01,09:01 AM,Historical,150,1,,,2,,,Corrected checklist to be accurate as historical.
S197672933,Hermit Thrush,Catharus guttatus,28333,2,US-MD,Washington,L512641,C&O Canal--Antietam Creek,39.417434,-77.745801,2024-10-05,05:15 PM,eBird - Traveling Count,60,1,6.26,,3
S225653591,Wood Thrush,Hylocichla mustelina,28347,2,US-FL,Charlotte,L618241,Cedar Point Environmental Park,26.9253511,-82.334868,2025-04-14,02:41 PM,eBird - Traveling Count,95,1,4.216,,4,,,,633779980
S233615339,Wood Thrush,Hylocichla mustelina,28347,2,US-MD,Montgomery,L584300,C&O Canal--Edwards Ferry,39.1030006,-77.4737057,2025-05-05,06:00 PM,eBird - Traveling Count,42,1,1.493,,1
S259649565,Wood Thrush,Hylocichla mustelina,28347,1,US-MD,Montgomery,L22161519,Hughes Hollow - McKee Beshers WMA--sunflower area and eastern fields,39.076893,-77.3812916,2025-07-13,03:51 PM,eBird - Traveling Count,9,1,.612,,1
S239253914,Wood Thrush,Hylocichla mustelina,28347,1,US-MD,Prince George's,L42706061,Patuxent Research Refuge--Central Tract (Restricted Access),39.0491905,-76.7986274,2025-05-17,11:28 AM,eBird - Traveling Count,35,1,3.206,,1
S235499091,Wood Thrush,Hylocichla mustelina,28347,2,US-DE,Sussex,L44556825,"Cranberry Park, Rehoboth Beach, Delaware, US (38.718, -75.083)",38.7178331,-75.0831735,2025-05-09,06:30 PM,eBird - Casual Observation,,0,,,2
S257633796,Wood Thrush,Hylocichla mustelina,28347,1,US-MD,Washington,L5825627,Antietam National Battlefield--Snavely Ford Trail,39.449291,-77.7314029,2025-07-06,04:30 PM,eBird - Traveling Count,39,1,1.113,,1
S313007777,Song Thrush,Turdus philomelos,28433,1,DE-BE,Berlin (Kreisfreie Stadt),L29026686,Pariser Platz,52.5162796,13.3776999,2026-03-25,04:30 PM,eBird - Traveling Count,24,1,1.097,,1,,,Very chilly day
S313599446,Eurasian Blackbird,Turdus merula,28500,1,DE-BE,Berlin (Kreisfreie Stadt),L24881624,Köllnischer Park,52.5128862,13.4144725,2026-03-27,02:18 PM,eBird - Traveling Count,59,1,2.978,,1
S312470602,Eurasian Blackbird,Turdus merula,28500,1,DE-BE,Berlin (Kreisfreie Stadt),L13796433,Monbijoupark,52.5230958,13.3960127,2026-03-23,06:57 PM,eBird - Traveling Count,3,1,.145,,1
S313834645,Eurasian Blackbird,Turdus merula,28500,2,DE-BB,Dahme-Spreewald,L14839150,Flughafen Berlin Brandenburg,52.3648622,13.5122737,2026-03-28,10:02 AM,eBird - Stationary Count,33,1,,,1
S199452331,Eurasian Blackbird,Turdus merula,28500,X,IT-72,,L37440837,"Au Naturale, Capri, Campania, IT (40.546, 14.242)",40.5464255,14.2421554,2011-06-27,10:20 AM,eBird - Casual Observation,,0,,,1
S250341411,American Robin,Turdus migratorius,28633,2,US-MD,Baltimore,L126626,Fort Howard Park,39.199,-76.44,2025-06-14,03:50 PM,eBird - Traveling Count,51,1,1.658,,1
S298683570,American Robin,Turdus migratorius,28633,1,US-FL,Charlotte,L21750506,"Live Oak Blvd, Prairie Creek Preserve entrance road",27.005263,-81.929974,2026-02-07,09:07 AM,eBird - Traveling Count,83,1,4.837,,2
S267714441,American Robin,Turdus migratorius,28633,3,US-NH,Coos,L51626476,"9 School Street, Whitefield, New Hampshire, US (44.374, -71.614)",44.3742577,-71.6135718,2025-08-16,06:00 PM,eBird - Traveling Count,90,1,.056,,1
S192337224,American Robin,Turdus migratorius,28633,1,US-NH,Coos,L3547211,"Errol, private yards",44.7891067,-71.1536837,2024-08-19,05:00 PM,eBird - Stationary Count,15,1,,,3
S268111225,American Robin,Turdus migratorius,28633,1,US-NH,Coos,L1209933,"Umbagog NWR--Magalloway River Trail, Wentworths Location",44.8424719,-71.0572958,2025-08-18,02:08 PM,eBird - Traveling Count,70,1,1.903,,1
S249151317,American Robin,Turdus migratorius,28633,4,US-DC,District of Columbia,L47353153,"450 F Street Northwest, Washington, District of Columbia, US (38.897, -77.017)",38.8971325,-77.0174344,2025-06-11,08:37 AM,eBird - Traveling Count,6,1,.432,,1
S173683770,American Robin,Turdus migratorius,28633,15,US-DC,District of Columbia,L490336,C&O Canal--Fletcher's Cove (Fletcher's Boathouse),38.9188853,-77.1022224,2017-04-05,01:25 PM,eBird - Traveling Count,75,1,2.414,,3,,,With Paul Charron and Chris Marcum
S246372176,American Robin,Turdus migratorius,28633,X,US-DC,District of Columbia,L473521,Constitution Gardens and Reflecting Pool,38.8901142,-77.043364,2025-06-03,02:15 PM,eBird - Traveling Count,27,1,1.625,,1
S189294100,American Robin,Turdus migratorius,28633,3,US-DC,District of Columbia,L247770,Kenilworth Park and Aquatic Gardens,38.9133204,-76.9443433,2024-07-28,12:32 PM,eBird - Traveling Count,71,1,2.366,,2
S309588450,American Robin,Turdus migratorius,28633,11,US-DC,District of Columbia,L585694,Kingman Island South - Kingman Lake/Heritage Island,38.893872,-76.965301,2026-03-15,02:12 PM,eBird - Traveling Count,97,1,1.668,,1
S217090868,American Robin,Turdus migratorius,28633,10,US-DC,District of Columbia,L40002483,Lincoln Memorial,38.8892792,-77.0501876,2025-03-07,12:55 PM,eBird - Traveling Count,206,1,3.058,,1
S173683759,American Robin,Turdus migratorius,28633,12,US-DC,District of Columbia,L5658941,TJM a District of Columbia,38.8818381,-77.0346951,2017-04-05,10:30 AM,eBird - Traveling Count,60,1,1.609,,3,,,With Paul Charron And Chris Marcum
S217261941,American Robin,Turdus migratorius,28633,1,US-MD,Frederick,L1739857,Catoctin Creek Park,39.392925,-77.5639615,2025-03-08,11:54 AM,eBird - Traveling Count,32,0,43.418,,1
S270705952,American Robin,Turdus migratorius,28633,2,US-MD,Frederick,L909320,Gambrill SP--North Frederick Overlook,39.4697856,-77.494297,2025-08-31,02:17 PM,eBird - Traveling Count,78,1,.525,,1
S250749828,American Robin,Turdus migratorius,28633,X,US-MD,Frederick,L2756806,Monocacy National Battlefield--Gambrill Mill Trail,39.3688266,-77.3877865,2025-06-15,01:10 PM,eBird - Traveling Count,80,1,1.175,,1
S256585579,American Robin,Turdus migratorius,28633,1,US-MD,Frederick,L12242883,Othello Regional Park,39.346886,-77.601207,2025-07-03,03:50 PM,eBird - Traveling Count,18,1,1.195,,1
S184336723,American Robin,Turdus migratorius,28633,4,US-MD,Frederick,L281578,Sugarloaf Mt.,39.2626685,-77.3972133,2018-04-01,10:45 AM,eBird - Traveling Count,130,1,4.828,,1
S290168731,American Robin,Turdus migratorius,28633,10,US-MD,Montgomery,L56319480,"17505 Beauvoir Boulevard, Rockville, Maryland, US (39.144, -77.147)",39.14352,-77.1468984,2025-12-25,10:19 AM,eBird - Stationary Count,78,1,,,1
S177587312,American Robin,Turdus migratorius,28633,1,US-MD,Montgomery,L32440929,"208 Skidmore Boulevard, Gaithersburg, Maryland, US (39.125, -77.179)",39.1248054,-77.1793975,2024-05-27,12:02 PM,eBird - Casual Observation,,0,,,1
S286493297,American Robin,Turdus migratorius,28633,1,US-MD,Montgomery,L17792207,"25 Hibiscus Court, Gaithersburg, Maryland, US (39.119, -77.211)",39.1187963,-77.210908,2025-11-26,04:33 PM,eBird - Traveling Count,365,1,.837,,1
S256885128,American Robin,Turdus migratorius,28633,1,US-MD,Montgomery,L33038592,"270 North (39.239, -77.291)",39.2393341,-77.291275,2025-07-04,02:42 PM,eBird - Traveling Count,7,1,13.648,,1
S302222394,American Robin,Turdus migratorius,28633,2,US-MD,Montgomery,L57047379,"A Fields Road Elementary, Gaithersburg, Maryland, US (39.119, -77.215)",39.1188882,-77.2150482,2026-02-19,08:34 AM,eBird - Traveling Count,78,1,.82,,1
S173968054,American Robin,Turdus migratorius,28633,6,US-MD,Montgomery,L285049,Agricultural History Farm Park,39.1610805,-77.1322894,2024-05-12,10:26 AM,eBird - Traveling Count,104,1,2.414,,1
S245500420,American Robin,Turdus migratorius,28633,2,US-MD,Montgomery,L285049,Agricultural History Farm Park,39.1610805,-77.1322894,2025-06-01,10:11 AM,eBird - Traveling Count,66,1,3.46,,1
S218916728,American Robin,Turdus migratorius,28633,5,US-MD,Montgomery,L459907,"Black Hill RP--Little Seneca Lake, Rte.121",39.189427,-77.309455,2025-03-16,01:31 PM,eBird - Traveling Count,39,1,15.224,,1
S233083528,American Robin,Turdus migratorius,28633,X,US-MD,Montgomery,L196528,Black Hill Regional Park,39.192365,-77.295757,2025-05-04,12:18 PM,eBird - Traveling Count,64,1,3.541,,1
S316508959,American Robin,Turdus migratorius,28633,5,US-MD,Montgomery,L230151,Blue Mash Nature Trail,39.1939588,-77.1060175,2026-04-03,05:54 PM,eBird - Traveling Count,70,1,2.147,,1
S182634611,American Robin,Turdus migratorius,28633,8,US-MD,Montgomery,L7383392,Bohrer Park,39.1329353,-77.1933532,2024-06-20,08:42 AM,eBird - Traveling Count,28,1,1.094,,1
S183556228,American Robin,Turdus migratorius,28633,3,US-MD,Montgomery,L7383392,Bohrer Park,39.1329353,-77.1933532,2024-06-24,03:35 PM,eBird - Traveling Count,39,1,.174,,1
S186447746,American Robin,Turdus migratorius,28633,2,US-MD,Montgomery,L7383392,Bohrer Park,39.1329353,-77.1933532,2024-07-11,08:29 AM,eBird - Traveling Count,12,0,.467,,1,,,Quite a few birds flying around at the top of trees. I couldn't identify cuz I didn't have binocs
S252450521,American Robin,Turdus migratorius,28633,5,US-MD,Montgomery,L7383392,Bohrer Park,39.1329353,-77.1933532,2025-06-20,08:18 AM,eBird - Traveling Count,20,1,.52,,1
S264217194,American Robin,Turdus migratorius,28633,6,US-MD,Montgomery,L7383392,Bohrer Park,39.1329353,-77.1933532,2025-07-17,08:41 AM,eBird - Traveling Count,15,1,.744,,1
S263202719,American Robin,Turdus migratorius,28633,5,US-MD,Montgomery,L7383392,Bohrer Park,39.1329353,-77.1933532,2025-07-27,02:00 PM,eBird - Traveling Count,31,1,.123,,1
S216306884,American Robin,Turdus migratorius,28633,1,US-MD,Montgomery,L34819685,Brighton Dam Azalea Garden,39.1917702,-77.0070275,2025-03-02,01:06 PM,eBird - Traveling Count,66,0,5.263,,1
S173642100,American Robin,Turdus migratorius,28633,3,US-MD,Montgomery,L515805,C&O Canal--Mouth of the Monocacy (Mont. Co.),39.221687,-77.451432,2024-05-11,03:00 PM,eBird - Stationary Count,60,1,,,1
S173683785,American Robin,Turdus migratorius,28633,10,US-MD,Montgomery,L360157,C&O Canal--Riley's Lock,39.0682467,-77.3431492,2023-11-23,11:24 AM,eBird - Traveling Count,65,1,.668,,2
S186245651,American Robin,Turdus migratorius,28633,1,US-MD,Montgomery,L33913928,"Camden Retention Pond, Gaithersburg, Maryland, US (39.12, -77.206)",39.1197497,-77.2064087,2024-07-08,06:37 PM,eBird - Traveling Count,59,1,1.078,,1
S231014378,American Robin,Turdus migratorius,28633,1,US-MD,Montgomery,L33913928,"Camden Retention Pond, Gaithersburg, Maryland, US (39.12, -77.206)",39.1197497,-77.2064087,2025-04-29,07:54 PM,eBird - Traveling Count,7,1,.082,,1
S232647749,American Robin,Turdus migratorius,28633,1,US-MD,Montgomery,L33913928,"Camden Retention Pond, Gaithersburg, Maryland, US (39.12, -77.206)",39.1197497,-77.2064087,2025-05-03,03:19 PM,eBird - Traveling Count,32,1,1.03,,1
S240410804,American Robin,Turdus migratorius,28633,1,US-MD,Montgomery,L33913928,"Camden Retention Pond, Gaithersburg, Maryland, US (39.12, -77.206)",39.1197497,-77.2064087,2025-05-19,08:13 PM,eBird - Stationary Count,4,1,,,1
S270764740,American Robin,Turdus migratorius,28633,1,US-MD,Montgomery,L33913928,"Camden Retention Pond, Gaithersburg, Maryland, US (39.12, -77.206)",39.1197497,-77.2064087,2025-08-31,07:33 PM,eBird - Traveling Count,97,1,1.031,,1
S314269634,American Robin,Turdus migratorius,28633,2,US-MD,Montgomery,L33913928,"Camden Retention Pond, Gaithersburg, Maryland, US (39.12, -77.206)",39.1197497,-77.2064087,2026-03-29,07:51 AM,eBird - Traveling Count,19,1,.649,,1,,,Very chilly morning. Some frost on the grass. Lots of bird activity though.
S223512042,American Robin,Turdus migratorius,28633,7,US-MD,Montgomery,L42214720,"Camp Seneca, Maryland, US (39.177, -77.302)",39.1772081,-77.3018305,2025-04-06,02:51 PM,eBird - Traveling Count,57,1,1.207,,1
S230164377,American Robin,Turdus migratorius,28633,2,US-MD,Montgomery,L42214720,"Camp Seneca, Maryland, US (39.177, -77.302)",39.1772081,-77.3018305,2025-04-27,01:45 PM,eBird - Traveling Count,50,1,.49,,1
S228011793,American Robin,Turdus migratorius,28633,5,US-MD,Montgomery,L3043543,Crabbs Branch Pond,39.122276,-77.1587741,2025-04-21,07:07 PM,eBird - Traveling Count,19,1,.917,,1
S248990243,American Robin,Turdus migratorius,28633,2,US-MD,Montgomery,L3043543,Crabbs Branch Pond,39.122276,-77.1587741,2025-06-10,05:46 PM,eBird - Traveling Count,13,1,.29,,1
S294699461,American Robin,Turdus migratorius,28633,5,US-MD,Montgomery,L56914155,"Crown Woods, Gaithersburg, Maryland, US (39.117, -77.211)",39.1166315,-77.2109226,2026-01-17,10:01 AM,eBird - Traveling Count,41,1,.81,,1
S295165095,American Robin,Turdus migratorius,28633,3,US-MD,Montgomery,L56914155,"Crown Woods, Gaithersburg, Maryland, US (39.117, -77.211)",39.1166315,-77.2109226,2026-01-19,10:10 AM,eBird - Traveling Count,39,1,1.508,,1
S311533358,American Robin,Turdus migratorius,28633,1,US-MD,Montgomery,L56914155,"Crown Woods, Gaithersburg, Maryland, US (39.117, -77.211)",39.1166315,-77.2109226,2026-03-21,01:16 PM,eBird - Traveling Count,8,1,.434,,1,,,Gorgeous walk through crownwoods
S308124285,American Robin,Turdus migratorius,28633,1,US-MD,Montgomery,L42096446,"Dufief Muddy Branch Park, North Potomac, Maryland, US (39.105, -77.236)",39.1045983,-77.2364397,2026-03-10,06:10 PM,eBird - Traveling Count,35,1,.668,,1
S174850650,American Robin,Turdus migratorius,28633,3,US-MD,Montgomery,L9055068,Hibiscus court Maryland,39.1187154,-77.2108193,2024-05-16,08:44 AM,eBird - Traveling Count,18,1,.853,,1
S175882870,American Robin,Turdus migratorius,28633,X,US-MD,Montgomery,L9055068,Hibiscus court Maryland,39.1187154,-77.2108193,2024-05-20,08:45 AM,eBird - Stationary Count,4,1,,,1
S176115246,American Robin,Turdus migratorius,28633,1,US-MD,Montgomery,L9055068,Hibiscus court Maryland,39.1187154,-77.2108193,2024-05-21,07:09 AM,eBird - Traveling Count,14,1,.694,,1
S176529751,American Robin,Turdus migratorius,28633,1,US-MD,Montgomery,L9055068,Hibiscus court Maryland,39.1187154,-77.2108193,2024-05-23,08:49 AM,eBird - Traveling Count,46,1,1.706,,1
S176723839,American Robin,Turdus migratorius,28633,1,US-MD,Montgomery,L9055068,Hibiscus court Maryland,39.1187154,-77.2108193,2024-05-24,08:49 AM,eBird - Traveling Count,19,1,.733,,1
S177681042,American Robin,Turdus migratorius,28633,5,US-MD,Montgomery,L9055068,Hibiscus court Maryland,39.1187154,-77.2108193,2024-05-27,04:45 PM,eBird - Traveling Count,89,1,1.979,,1
S182239020,American Robin,Turdus migratorius,28633,1,US-MD,Montgomery,L9055068,Hibiscus court Maryland,39.1187154,-77.2108193,2024-06-18,07:32 AM,eBird - Traveling Count,23,1,1.094,,1
S229607559,American Robin,Turdus migratorius,28633,2,US-MD,Montgomery,L9055068,Hibiscus court Maryland,39.1187154,-77.2108193,2025-04-26,11:07 AM,eBird - Traveling Count,5,1,.272,,1
S239960481,American Robin,Turdus migratorius,28633,X,US-MD,Montgomery,L9055068,Hibiscus court Maryland,39.1187154,-77.2108193,2025-05-11,08:19 PM,eBird - Traveling Count,25,1,1.492,,1
S239703804,American Robin,Turdus migratorius,28633,1,US-MD,Montgomery,L9055068,Hibiscus court Maryland,39.1187154,-77.2108193,2025-05-18,10:01 AM,eBird - Stationary Count,30,1,,,1
S240755396,American Robin,Turdus migratorius,28633,6,US-MD,Montgomery,L9055068,Hibiscus court Maryland,39.1187154,-77.2108193,2025-05-20,07:29 PM,eBird - Traveling Count,22,1,.981,,1
S245892700,American Robin,Turdus migratorius,28633,5,US-MD,Montgomery,L9055068,Hibiscus court Maryland,39.1187154,-77.2108193,2025-06-02,09:09 AM,eBird - Traveling Count,9,1,.177,,1
S254502123,American Robin,Turdus migratorius,28633,3,US-MD,Montgomery,L9055068,Hibiscus court Maryland,39.1187154,-77.2108193,2025-06-27,08:24 AM,eBird - Traveling Count,14,1,.633,,1
S264217115,American Robin,Turdus migratorius,28633,2,US-MD,Montgomery,L9055068,Hibiscus court Maryland,39.1187154,-77.2108193,2025-08-01,11:16 AM,eBird - Stationary Count,12,1,,,1
S292771563,American Robin,Turdus migratorius,28633,1,US-MD,Montgomery,L9055068,Hibiscus court Maryland,39.1187154,-77.2108193,2026-01-06,08:31 AM,eBird - Stationary Count,84,1,,,1
S293088711,American Robin,Turdus migratorius,28633,1,US-MD,Montgomery,L9055068,Hibiscus court Maryland,39.1187154,-77.2108193,2026-01-08,08:04 AM,eBird - Traveling Count,32,1,1.292,,2
S295476283,American Robin,Turdus migratorius,28633,1,US-MD,Montgomery,L9055068,Hibiscus court Maryland,39.1187154,-77.2108193,2026-01-21,07:53 AM,eBird - Stationary Count,33,1,,,1
S295629570,American Robin,Turdus migratorius,28633,4,US-MD,Montgomery,L9055068,Hibiscus court Maryland,39.1187154,-77.2108193,2026-01-22,08:38 AM,eBird - Traveling Count,20,1,.414,,1
S296397089,American Robin,Turdus migratorius,28633,1,US-MD,Montgomery,L9055068,Hibiscus court Maryland,39.1187154,-77.2108193,2026-01-26,07:26 AM,eBird - Stationary Count,68,1,,,1
S299961545,American Robin,Turdus migratorius,28633,1,US-MD,Montgomery,L9055068,Hibiscus court Maryland,39.1187154,-77.2108193,2026-02-13,08:44 AM,eBird - Traveling Count,9,1,.24,,1
S301950574,American Robin,Turdus migratorius,28633,1,US-MD,Montgomery,L9055068,Hibiscus court Maryland,39.1187154,-77.2108193,2026-02-18,07:24 AM,eBird - Traveling Count,94,1,.445,,1
S308062000,American Robin,Turdus migratorius,28633,1,US-MD,Montgomery,L9055068,Hibiscus court Maryland,39.1187154,-77.2108193,2026-03-10,08:52 AM,eBird - Traveling Count,211,1,.414,,1
S310001255,American Robin,Turdus migratorius,28633,1,US-MD,Montgomery,L9055068,Hibiscus court Maryland,39.1187154,-77.2108193,2026-03-17,09:00 AM,eBird - Traveling Count,33,1,.315,,1,,,Very cold morning after a big storm. Only the crows seem to be about today.
S316020343,American Robin,Turdus migratorius,28633,2,US-MD,Montgomery,L9055068,Hibiscus court Maryland,39.1187154,-77.2108193,2026-04-02,02:22 PM,eBird - Stationary Count,104,1,,,1,,,It is a very cold day and the birds aren't very active outside my window.
S315703473,American Robin,Turdus migratorius,28633,1,US-MD,Montgomery,L126620,Hughes Hollow - McKee Beshers WMA,39.0803767,-77.4035096,2026-04-01,05:00 PM,eBird - Traveling Count,58,1,.544,,1,,,This was an absolutely stunning evening. Lots of birds. Couple of unexpected visitors like the blue winged teal and a nice show from the red-headed woodpeckers.
S186245620,American Robin,Turdus migratorius,28633,1,US-MD,Montgomery,L32216879,"Kaiser Permanente, Gaithersburg, Maryland, US (39.156, -77.222)",39.1558353,-77.2220648,2024-07-09,05:42 PM,eBird - Traveling Count,13,0,.274,,1,,,I think I saw a yellow billed cuckoo but only from the back and it flew off before I could catch up.
S253542219,American Robin,Turdus migratorius,28633,1,US-MD,Montgomery,L48335959,"Kaiser Retention Pomd, Gaithersburg, Maryland, US (39.155, -77.222)",39.1553049,-77.221738,2025-06-23,06:47 PM,eBird - Stationary Count,4,1,,,1
S177901809,American Robin,Turdus migratorius,28633,3,US-MD,Montgomery,L32512991,"Lake Halcyon, Gaithersburg, Maryland, US (39.12, -77.219)",39.120175,-77.2190739,2024-05-28,07:44 PM,eBird - Traveling Count,60,1,2.044,,1
S276176191,American Robin,Turdus migratorius,28633,2,US-MD,Montgomery,L53412458,"Little Bennett Park Day Use Area, Clarksburg, Maryland, US (39.26, -77.302)",39.2601836,-77.3018111,2025-09-28,06:19 PM,eBird - Traveling Count,51,1,1.785,,1
S240002346,American Robin,Turdus migratorius,28633,2,US-MD,Montgomery,L2769057,Little Bennett RP--Western Piedmont Trail,39.27653,-77.3071432,2025-05-18,06:20 PM,eBird - Traveling Count,44,1,1.223,,1
S173483643,American Robin,Turdus migratorius,28633,X,US-MD,Montgomery,L31569197,"Malcolm King Park (39.121, -77.212)",39.1205865,-77.212024,2024-05-11,09:34 AM,eBird - Traveling Count,37,1,1.189,,2,,,Just our daily morning dog walk!
S174220089,American Robin,Turdus migratorius,28633,3,US-MD,Montgomery,L31569197,"Malcolm King Park (39.121, -77.212)",39.1205865,-77.212024,2024-05-13,08:59 AM,eBird - Traveling Count,13,1,.803,,1,,,Another day another Cardinal LOL.
S232178059,American Robin,Turdus migratorius,28633,2,US-MD,Montgomery,L31569197,"Malcolm King Park (39.121, -77.212)",39.1205865,-77.212024,2025-05-02,05:38 PM,eBird - Traveling Count,19,1,1.014,,1
S250837526,American Robin,Turdus migratorius,28633,1,US-MD,Montgomery,L31569197,"Malcolm King Park (39.121, -77.212)",39.1205865,-77.212024,2025-06-15,05:46 PM,eBird - Traveling Count,36,1,2.063,,1
S252450226,American Robin,Turdus migratorius,28633,2,US-MD,Montgomery,L31569197,"Malcolm King Park (39.121, -77.212)",39.1205865,-77.212024,2025-06-19,07:07 PM,eBird - Traveling Count,39,1,1.35,,1
S282549377,American Robin,Turdus migratorius,28633,7,US-MD,Montgomery,L31569197,"Malcolm King Park (39.121, -77.212)",39.1205865,-77.212024,2025-11-02,10:30 AM,eBird - Traveling Count,24,1,.873,,1
S292410625,American Robin,Turdus migratorius,28633,3,US-MD,Montgomery,L31569197,"Malcolm King Park (39.121, -77.212)",39.1205865,-77.212024,2026-01-04,11:17 AM,eBird - Traveling Count,77,1,1.98,,2
S302680251,American Robin,Turdus migratorius,28633,2,US-MD,Montgomery,L31569197,"Malcolm King Park (39.121, -77.212)",39.1205865,-77.212024,2026-02-21,08:56 AM,eBird - Traveling Count,15,1,.76,,1
S306793326,American Robin,Turdus migratorius,28633,1,US-MD,Montgomery,L31569197,"Malcolm King Park (39.121, -77.212)",39.1205865,-77.212024,2026-03-07,09:48 AM,eBird - Traveling Count,17,1,.749,,1,,,"Very humid day. Most of the birds are pretty angry about the two red shoulder hawks flying around, filling a nest near the park bench at the shady Grove Park entrance."
S307216901,American Robin,Turdus migratorius,28633,1,US-MD,Montgomery,L31569197,"Malcolm King Park (39.121, -77.212)",39.1205865,-77.212024,2026-03-08,09:51 AM,eBird - Traveling Count,76,1,1.346,,1,,,70f this morning on the walk. Watched a few crows try to take The nest that one of our pairs of red shouldered Hawks are building. The Hawks were not amused.
S296608543,American Robin,Turdus migratorius,28633,1,US-MD,Montgomery,L57724492,"McKee-Beshers Turnoff, Poolesville, Maryland, US (39.085, -77.422)",39.0847532,-77.4220001,2026-01-27,04:31 PM,eBird - Stationary Count,20,1,,,1
S219612076,American Robin,Turdus migratorius,28633,4,US-MD,Montgomery,L11101726,Muddy Branch Park,39.113044,-77.226531,2025-03-20,11:04 AM,eBird - Traveling Count,26,1,.547,,1
S291915273,American Robin,Turdus migratorius,28633,2,US-MD,Montgomery,L11140089,"Rio Park, Gaithersburg",39.1168491,-77.1972698,2026-01-02,01:10 PM,eBird - Traveling Count,9,1,.207,,2
S283561628,American Robin,Turdus migratorius,28633,1,US-MD,Montgomery,L505316,Seneca Creek SP--Clopper Lake,39.142381,-77.252465,2025-11-08,03:09 PM,eBird - Traveling Count,18,1,.151,,1
S230664462,American Robin,Turdus migratorius,28633,2,US-MD,Montgomery,L41905651,"Seneca Greenway Trail, Gaithersburg, Maryland, US (39.167, -77.229)",39.1672893,-77.2288242,2025-04-28,06:28 PM,eBird - Traveling Count,80,1,2.317,,1
S238951279,American Robin,Turdus migratorius,28633,X,US-MD,Montgomery,L32507644,"Shady Grove Metro Station, Rockville, Maryland, US (39.121, -77.163)",39.1212152,-77.1634004,2025-05-16,07:32 PM,eBird - Traveling Count,5,1,.204,,1
S298126159,American Robin,Turdus migratorius,28633,1,US-MD,Montgomery,L32507644,"Shady Grove Metro Station, Rockville, Maryland, US (39.121, -77.163)",39.1212152,-77.1634004,2026-02-04,04:44 PM,eBird - Traveling Count,2,1,.158,,1
S203796738,American Robin,Turdus migratorius,28633,2,US-MD,Montgomery,L2055457,Sycamore Landing Rd. fields,39.0839717,-77.4146461,2024-11-27,02:08 PM,eBird - Traveling Count,89,1,4.361,,2
S314372032,American Robin,Turdus migratorius,28633,3,US-MD,Montgomery,L48823610,Washington Grove Conservation Park,39.136651,-77.171927,2026-03-29,10:35 AM,eBird - Traveling Count,47,1,1.727,,1
S188156823,American Robin,Turdus migratorius,28633,3,US-MD,Montgomery,L19214285,"Welsh Park, Rockville",39.0908869,-77.1608661,2024-07-21,06:19 PM,eBird - Traveling Count,27,0,.756,,1
S221466591,American Robin,Turdus migratorius,28633,2,US-NY,New York,L1007196,Battery Park City--Nelson A. Rockefeller Jr Park,40.7172332,-74.0166778,2025-03-29,06:49 AM,eBird - Traveling Count,37,0,1.99,,1
S177235263,American Robin,Turdus migratorius,28633,2,US-MD,Prince George's,L32358887,"6914 Trowbridge Place, Fort Washington, Maryland, US (38.795, -76.965)",38.7953122,-76.9652352,2024-05-25,01:34 PM,eBird - Stationary Count,1,1,,,1
S183870068,American Robin,Turdus migratorius,28633,1,US-MD,Prince George's,L33936221,"NASA Goddard Space Flight Center, Greenbelt, Maryland, US (38.993, -76.848)",38.9929483,-76.8476183,2024-06-26,08:30 AM,eBird - Casual Observation,,0,,,1
S239253914,American Robin,Turdus migratorius,28633,2,US-MD,Prince George's,L42706061,Patuxent Research Refuge--Central Tract (Restricted Access),39.0491905,-76.7986274,2025-05-17,11:28 AM,eBird - Traveling Count,35,1,3.206,,1
S177579473,American Robin,Turdus migratorius,28633,5,US-MD,Prince George's,L305078,Patuxent Research Refuge--South Tract (National Wildlife Visitor Center),39.0270605,-76.7991731,2024-05-27,09:22 AM,eBird - Traveling Count,131,0,8.433,,2
S239213799,American Robin,Turdus migratorius,28633,X,US-MD,Prince George's,L305078,Patuxent Research Refuge--South Tract (National Wildlife Visitor Center),39.0270605,-76.7991731,2025-05-17,08:28 AM,eBird - Traveling Count,149,1,6.502,,1
S290845555,American Robin,Turdus migratorius,28633,12,US-MD,Queen Anne's,L5194688,Kent Point Marina,38.8382982,-76.3732617,2025-12-28,02:14 PM,eBird - Traveling Count,17,1,4.058,,1,,Could have been more. They were in a big cluster in the woods.
S180824684,American Robin,Turdus migratorius,28633,4,US-MA,Suffolk,L33185579,"91 Harborside Drive, Boston, Massachusetts, US (42.359, -71.029)",42.359204,-71.0287974,2024-06-11,12:43 PM,eBird - Traveling Count,35,1,2.351,,1
S181474802,American Robin,Turdus migratorius,28633,3,US-MA,Suffolk,L515554,Charles River Esplanade,42.3553409,-71.0790968,2024-06-14,04:19 PM,eBird - Traveling Count,45,1,.674,,1
S235749233,American Robin,Turdus migratorius,28633,X,US-DE,Sussex,L1265319,Cape Henlopen SP--The Point,38.8000272,-75.092376,2025-05-10,02:06 PM,eBird - Traveling Count,42,1,5.472,,1
S175564443,American Robin,Turdus migratorius,28633,X,US-MD,Washington,L31950817,"3716 Harpers Ferry Road, Sharpsburg, Maryland, US (39.415, -77.737)",39.4153833,-77.7371018,2024-05-19,07:57 AM,eBird - Stationary Count,90,1,,,1
S183379922,American Robin,Turdus migratorius,28633,X,US-MD,Washington,L31950817,"3716 Harpers Ferry Road, Sharpsburg, Maryland, US (39.415, -77.737)",39.4153833,-77.7371018,2024-06-23,05:41 PM,eBird - Casual Observation,,0,,,1
S221934041,American Robin,Turdus migratorius,28633,1,US-MD,Washington,L31950817,"3716 Harpers Ferry Road, Sharpsburg, Maryland, US (39.415, -77.737)",39.4153833,-77.7371018,2025-03-30,03:58 PM,eBird - Traveling Count,76,1,.07,,1
S275759758,American Robin,Turdus migratorius,28633,2,US-MD,Washington,L31950817,"3716 Harpers Ferry Road, Sharpsburg, Maryland, US (39.415, -77.737)",39.4153833,-77.7371018,2025-09-27,09:16 AM,eBird - Stationary Count,14,1,,,1
S257633796,American Robin,Turdus migratorius,28633,2,US-MD,Washington,L5825627,Antietam National Battlefield--Snavely Ford Trail,39.449291,-77.7314029,2025-07-06,04:30 PM,eBird - Traveling Count,39,1,1.113,,1
S270449595,American Robin,Turdus migratorius,28633,1,US-MD,Washington,L1135534,C&O Canal--Dargan's Bend,39.3650609,-77.7403951,2025-08-30,02:58 PM,eBird - Traveling Count,28,1,.269,,1
S272056950,American Robin,Turdus migratorius,28633,1,US-MD,Washington,L7545582,Fort Frederick State Park,39.6103016,-78.0052128,2025-09-07,12:29 PM,eBird - Traveling Count,30,1,1.335,,1
S255372516,American Robin,Turdus migratorius,28633,1,US-MD,Washington,L33056912,"Rohrbach Campground, Sharpsburg, Maryland, US (39.454, -77.731)",39.4543401,-77.7314234,2025-06-29,02:50 PM,eBird - Traveling Count,58,1,2.214,,1
S192336954,European Robin,Erithacus rubecula,29253,X,FR-IDF,Paris,L35971489,"Montparnasse, Paris, Île-de-France, FR (48.838, 2.326)",48.8382362,2.3260925,2024-01-26,07:32 AM,eBird - Casual Observation,,0,,,1
S199452331,European Robin,Erithacus rubecula,29253,X,IT-72,,L37440837,"Au Naturale, Capri, Campania, IT (40.546, 14.242)",40.5464255,14.2421554,2011-06-27,10:20 AM,eBird - Casual Observation,,0,,,1
S273283091,European Robin,Erithacus rubecula,29253,1,CH-VD,,L2545642,Bois de Chênes,46.4377534,6.2347841,2025-09-14,11:21 AM,eBird - Stationary Count,47,1,,,1
S273320633,European Robin,Erithacus rubecula,29253,1,CH-VD,,L52825255,Domaine La Capitaine,46.4356944,6.2608663,2025-09-14,01:52 PM,eBird - Traveling Count,54,1,1.063,,1
S292145747,Red-flanked Bluetail,Tarsiger cyanurus,29480,1,US-VA,Fairfax,L718485,Great Falls Park,38.9937,-77.2553,2026-01-03,10:48 AM,eBird - Traveling Count,75,1,1.28,,1,,Continuing. Female. Very active. Moving from Bush to Bush between the Logan next to the river and then across the trail about 50 yd up from the parking lot to a small Grove of sycamores. Hard to keep track of. There's about 30 people here that saw it.
S294986972,Red-flanked Bluetail,Tarsiger cyanurus,29480,1,US-VA,Fairfax,L718485,Great Falls Park,38.9937,-77.2553,2026-01-18,12:14 PM,eBird - Traveling Count,51,1,.724,,1,,Continuing. Was less active today - still hanging out at the stakeout. stood still for some of the photographers to take good photos. Bobbing about across the trail. About 11 observers at noon.
S274490359,European Pied Flycatcher,Ficedula hypoleuca,29558,2,CH-GE,,L9307354,CERN (restricted access),46.2324564,6.0521808,2025-09-16,02:34 PM,eBird - Traveling Count,205,1,5.692,,1
S274490359,Black Redstart,Phoenicurus ochruros,29617,2,CH-GE,,L9307354,CERN (restricted access),46.2324564,6.0521808,2025-09-16,02:34 PM,eBird - Traveling Count,205,1,5.692,,1
S272049115,Cedar Waxwing,Bombycilla cedrorum,29888,1,US-MD,Allegany,L2462463,Rocky Gap SP--camping loop,39.7113795,-78.6453509,2025-09-06,02:44 PM,eBird - Traveling Count,433,1,2.497,,2
S268294117,Cedar Waxwing,Bombycilla cedrorum,29888,4,US-ME,Cumberland,L6199827,Maine Wildlife Park,43.9293181,-70.35254,2025-08-19,01:45 PM,eBird - Traveling Count,103,1,1.256,,4
S285631919,Cedar Waxwing,Bombycilla cedrorum,29888,4,US-MD,Frederick,L473415,New Design Road,39.2903356,-77.4676037,2025-11-02,12:56 PM,eBird - Traveling Count,207,1,7.02,,1
S245500420,Cedar Waxwing,Bombycilla cedrorum,29888,2,US-MD,Montgomery,L285049,Agricultural History Farm Park,39.1610805,-77.1322894,2025-06-01,10:11 AM,eBird - Traveling Count,66,1,3.46,,1
S233083528,Cedar Waxwing,Bombycilla cedrorum,29888,12,US-MD,Montgomery,L196528,Black Hill Regional Park,39.192365,-77.295757,2025-05-04,12:18 PM,eBird - Traveling Count,64,1,3.541,,1
S173683785,Cedar Waxwing,Bombycilla cedrorum,29888,3,US-MD,Montgomery,L360157,C&O Canal--Riley's Lock,39.0682467,-77.3431492,2023-11-23,11:24 AM,eBird - Traveling Count,65,1,.668,,2
S243074956,Cedar Waxwing,Bombycilla cedrorum,29888,1,US-MD,Montgomery,L192824,C&O Canal--Violette's Lock,39.066803,-77.32951,2025-05-26,11:56 AM,eBird - Traveling Count,55,1,.8,,2
S307416067,Cedar Waxwing,Bombycilla cedrorum,29888,14,US-MD,Montgomery,L56914155,"Crown Woods, Gaithersburg, Maryland, US (39.117, -77.211)",39.1166315,-77.2109226,2026-03-08,06:00 PM,eBird - Traveling Count,5,1,.101,,1,,,74°. Nice big gang of cedar wax wings
S199449237,Cedar Waxwing,Bombycilla cedrorum,29888,2,US-MD,Montgomery,L9055068,Hibiscus court Maryland,39.1187154,-77.2108193,2024-10-16,08:36 AM,eBird - Casual Observation,,0,,,1
S239703804,Cedar Waxwing,Bombycilla cedrorum,29888,X,US-MD,Montgomery,L9055068,Hibiscus court Maryland,39.1187154,-77.2108193,2025-05-18,10:01 AM,eBird - Stationary Count,30,1,,,1,,Could Hear them but I couldn't see them
S295476283,Cedar Waxwing,Bombycilla cedrorum,29888,1,US-MD,Montgomery,L9055068,Hibiscus court Maryland,39.1187154,-77.2108193,2026-01-21,07:53 AM,eBird - Stationary Count,33,1,,,1
S285631806,Cedar Waxwing,Bombycilla cedrorum,29888,3,US-MD,Montgomery,L22161519,Hughes Hollow - McKee Beshers WMA--sunflower area and eastern fields,39.076893,-77.3812916,2025-11-22,12:53 PM,eBird - Traveling Count,53,1,3.085,,2
S282549377,Cedar Waxwing,Bombycilla cedrorum,29888,5,US-MD,Montgomery,L31569197,"Malcolm King Park (39.121, -77.212)",39.1205865,-77.212024,2025-11-02,10:30 AM,eBird - Traveling Count,24,1,.873,,1
S302680251,Cedar Waxwing,Bombycilla cedrorum,29888,8,US-MD,Montgomery,L31569197,"Malcolm King Park (39.121, -77.212)",39.1205865,-77.212024,2026-02-21,08:56 AM,eBird - Traveling Count,15,1,.76,,1
S270982186,Cedar Waxwing,Bombycilla cedrorum,29888,2,US-MD,Montgomery,L453705,Patuxent River SP--Rte. 97 (Montgomery Co.),39.2380827,-77.0571345,2025-09-01,03:40 PM,eBird - Traveling Count,143,1,.802,,1
S291915273,Cedar Waxwing,Bombycilla cedrorum,29888,78,US-MD,Montgomery,L11140089,"Rio Park, Gaithersburg",39.1168491,-77.1972698,2026-01-02,01:10 PM,eBird - Traveling Count,9,1,.207,,2
S283561628,Cedar Waxwing,Bombycilla cedrorum,29888,2,US-MD,Montgomery,L505316,Seneca Creek SP--Clopper Lake,39.142381,-77.252465,2025-11-08,03:09 PM,eBird - Traveling Count,18,1,.151,,1
S203796738,Cedar Waxwing,Bombycilla cedrorum,29888,4,US-MD,Montgomery,L2055457,Sycamore Landing Rd. fields,39.0839717,-77.4146461,2024-11-27,02:08 PM,eBird - Traveling Count,89,1,4.361,,2
S248738652,Cedar Waxwing,Bombycilla cedrorum,29888,3,US-MD,Prince George's,L305078,Patuxent Research Refuge--South Tract (National Wildlife Visitor Center),39.0270605,-76.7991731,2024-05-27,09:00 AM,Historical,60,0,3.219,,,,several eating mulberries near the bird feeders,,637353630
S177579473,Cedar Waxwing,Bombycilla cedrorum,29888,2,US-MD,Prince George's,L305078,Patuxent Research Refuge--South Tract (National Wildlife Visitor Center),39.0270605,-76.7991731,2024-05-27,09:22 AM,eBird - Traveling Count,131,0,8.433,,2
S235749233,Cedar Waxwing,Bombycilla cedrorum,29888,1,US-DE,Sussex,L1265319,Cape Henlopen SP--The Point,38.8000272,-75.092376,2025-05-10,02:06 PM,eBird - Traveling Count,42,1,5.472,,1
S275759758,Cedar Waxwing,Bombycilla cedrorum,29888,2,US-MD,Washington,L31950817,"3716 Harpers Ferry Road, Sharpsburg, Maryland, US (39.415, -77.737)",39.4153833,-77.7371018,2025-09-27,09:16 AM,eBird - Stationary Count,14,1,,,1
S290209793,Cedar Waxwing,Bombycilla cedrorum,29888,1,US-MD,Washington,L9230656,Antietam National Battlefield--Cornfield Trail,39.4871863,-77.749304,2025-12-25,02:59 PM,eBird - Traveling Count,51,1,39.817,,2
S257633796,Cedar Waxwing,Bombycilla cedrorum,29888,2,US-MD,Washington,L5825627,Antietam National Battlefield--Snavely Ford Trail,39.449291,-77.7314029,2025-07-06,04:30 PM,eBird - Traveling Count,39,1,1.113,,1
S206657640,Cedar Waxwing,Bombycilla cedrorum,29888,5,US-MD,Washington,L1135587,Mt. Briar Wetlands Preserve,39.4412971,-77.6814508,2024-12-26,02:03 PM,eBird - Traveling Count,12,1,10.432,,1
S173207161,Phainopepla,Phainopepla nitens,29909,X,US-AZ,Pima,L267156,Danny Lopez Park (formerly Columbus Park),32.2856814,-111.0346556,2013-12-20,10:00 AM,eBird - Stationary Count,60,1,,,4
S175887634,Phainopepla,Phainopepla nitens,29909,1,US-AZ,Pima,L211809,Madera Canyon--Proctor Rd.,31.739938,-110.886147,2008-05-01,09:01 AM,Historical,150,1,,,2,,,Corrected checklist to be accurate as historical.
S280793659,Scaly-breasted Munia,Lonchura punctulata,31076,2,US-CA,San Diego,L10053177,La Costa Ranch,33.0895832,-117.2502914,2025-10-22,07:18 AM,eBird - Traveling Count,12,1,.225,,1
S180782840,House Sparrow,Passer domesticus,31534,2,US-VA,Arlington,L33175482,"Terminal B, Arlington, Virginia, US (38.852, -77.041)",38.8520522,-77.0410924,2024-06-11,10:24 AM,eBird - Casual Observation,,0,,,1,,There are two house sparrows building a nest inside the Terminal B Atrium at DCA. They're using lint and hair from the carpeted floor.
S298683570,House Sparrow,Passer domesticus,31534,X,US-FL,Charlotte,L21750506,"Live Oak Blvd, Prairie Creek Preserve entrance road",27.005263,-81.929974,2026-02-07,09:07 AM,eBird - Traveling Count,83,1,4.837,,2,,At the ranch feeders in their yard halfway up the road
S225947772,House Sparrow,Passer domesticus,31534,2,US-FL,Charlotte,L1345169,Wildflower Preserve,26.8814148,-82.3046701,2025-04-15,06:40 PM,eBird - Traveling Count,9,1,.964,,1
S190756985,House Sparrow,Passer domesticus,31534,X,US-OR,Clatsop,L2977912,Seaside (town),45.9930925,-123.9230647,2024-08-05,10:58 PM,eBird - Stationary Count,90,0,,,1
S249151317,House Sparrow,Passer domesticus,31534,X,US-DC,District of Columbia,L47353153,"450 F Street Northwest, Washington, District of Columbia, US (38.897, -77.017)",38.8971325,-77.0174344,2025-06-11,08:37 AM,eBird - Traveling Count,6,1,.432,,1
S173683770,House Sparrow,Passer domesticus,31534,8,US-DC,District of Columbia,L490336,C&O Canal--Fletcher's Cove (Fletcher's Boathouse),38.9188853,-77.1022224,2017-04-05,01:25 PM,eBird - Traveling Count,75,1,2.414,,3,,,With Paul Charron and Chris Marcum
S246372176,House Sparrow,Passer domesticus,31534,X,US-DC,District of Columbia,L473521,Constitution Gardens and Reflecting Pool,38.8901142,-77.043364,2025-06-03,02:15 PM,eBird - Traveling Count,27,1,1.625,,1
S174655903,House Sparrow,Passer domesticus,31534,X,US-DC,District of Columbia,L31800402,"Farragut Square (38.902, -77.038)",38.9016016,-77.0382998,2024-05-15,09:18 AM,eBird - Traveling Count,8,1,.32,,1
S188299193,House Sparrow,Passer domesticus,31534,X,US-DC,District of Columbia,L31800402,"Farragut Square (38.902, -77.038)",38.9016016,-77.0382998,2024-07-22,06:04 PM,eBird - Stationary Count,3,1,,,1
S199502389,House Sparrow,Passer domesticus,31534,X,US-DC,District of Columbia,L477896,LBJ Memorial Grove - Columbia Island Marina,38.8783386,-77.0510674,2024-10-19,01:47 PM,eBird - Traveling Count,81,1,1.738,,1
S176244827,House Sparrow,Passer domesticus,31534,X,US-DC,District of Columbia,L1088366,Lafayette Park,38.8994874,-77.036562,2024-05-21,06:22 PM,eBird - Traveling Count,6,1,.51,,1
S174457532,House Sparrow,Passer domesticus,31534,4,US-DC,District of Columbia,L31762502,"NEOB (38.899, -77.038)",38.8994845,-77.0384191,2024-05-14,10:11 AM,eBird - Casual Observation,,0,,,1
S254409296,House Sparrow,Passer domesticus,31534,4,US-DC,District of Columbia,L48530455,"NEOB COURTYARD, Washington, District of Columbia, US (38.9, -77.038)",38.8996468,-77.0384754,2025-06-26,09:55 AM,eBird - Casual Observation,,0,,,1
S247226180,House Sparrow,Passer domesticus,31534,X,US-DC,District of Columbia,L46925662,"THE Reach, Washington, District of Columbia, US (38.894, -77.056)",38.8943386,-77.0555275,2025-06-05,06:25 PM,eBird - Stationary Count,45,1,,,2
S173683759,House Sparrow,Passer domesticus,31534,8,US-DC,District of Columbia,L5658941,TJM a District of Columbia,38.8818381,-77.0346951,2017-04-05,10:30 AM,eBird - Traveling Count,60,1,1.609,,3,,,With Paul Charron And Chris Marcum
S199330970,House Sparrow,Passer domesticus,31534,X,US-DC,District of Columbia,L1013541,The White House,38.8975294,-77.0364976,2024-10-18,07:57 AM,eBird - Traveling Count,160,1,3.524,,1
S205242909,House Sparrow,Passer domesticus,31534,12,US-DC,District of Columbia,L1013541,The White House,38.8975294,-77.0364976,2024-12-13,10:27 AM,eBird - Traveling Count,2,1,.061,,1
S248611662,House Sparrow,Passer domesticus,31534,X,US-DC,District of Columbia,L47238423,"Union Station, (38.898, -77.007)",38.8977684,-77.0069474,2025-06-09,12:18 PM,eBird - Traveling Count,28,1,3.235,,1,,It's almost becoming a mono species for this area.
S285631919,House Sparrow,Passer domesticus,31534,1,US-MD,Frederick,L473415,New Design Road,39.2903356,-77.4676037,2025-11-02,12:56 PM,eBird - Traveling Count,207,1,7.02,,1
S180214827,House Sparrow,Passer domesticus,31534,X,US-HI,Kauai,L33043265,"3500 Kilauea Road, Kilauea, Hawaii, US (22.232, -159.402)",22.2317619,-159.4019182,2024-06-08,04:24 PM,eBird - Casual Observation,,0,,,2
S192410212,House Sparrow,Passer domesticus,31534,X,US-HI,Kauai,L8027824,Kīlauea Point NWR--Overlook (always open),22.2277391,-159.4012624,2009-10-18,07:59 PM,eBird - Casual Observation,,0,,,2
S290168731,House Sparrow,Passer domesticus,31534,12,US-MD,Montgomery,L56319480,"17505 Beauvoir Boulevard, Rockville, Maryland, US (39.144, -77.147)",39.14352,-77.1468984,2025-12-25,10:19 AM,eBird - Stationary Count,78,1,,,1
S102906952,House Sparrow,Passer domesticus,31534,2,US-MD,Montgomery,L17792207,"25 Hibiscus Court, Gaithersburg, Maryland, US (39.119, -77.211)",39.1187963,-77.210908,2022-02-18,03:20 PM,eBird - Stationary Count,1,1,,,1
S102907199,House Sparrow,Passer domesticus,31534,2,US-MD,Montgomery,L17792207,"25 Hibiscus Court, Gaithersburg, Maryland, US (39.119, -77.211)",39.1187963,-77.210908,2022-02-18,03:23 PM,eBird - Casual Observation,,0,,,1,,,Backyard bird count
S180197187,House Sparrow,Passer domesticus,31534,1,US-MD,Montgomery,L33038592,"270 North (39.239, -77.291)",39.2393341,-77.291275,2024-06-08,10:32 AM,eBird - Traveling Count,57,0,68.459,,1
S175192347,House Sparrow,Passer domesticus,31534,5,US-MD,Montgomery,L31909282,"9679 Lost Knife Road, Montgomery Village, Maryland, US (39.153, -77.199)",39.1532211,-77.1989898,2024-05-17,07:19 PM,eBird - Traveling Count,29,1,30.204,,1
S302222394,House Sparrow,Passer domesticus,31534,6,US-MD,Montgomery,L57047379,"A Fields Road Elementary, Gaithersburg, Maryland, US (39.119, -77.215)",39.1188882,-77.2150482,2026-02-19,08:34 AM,eBird - Traveling Count,78,1,.82,,1
S302434906,House Sparrow,Passer domesticus,31534,4,US-MD,Montgomery,L57047379,"A Fields Road Elementary, Gaithersburg, Maryland, US (39.119, -77.215)",39.1188882,-77.2150482,2026-02-20,09:10 AM,eBird - Traveling Count,91,1,1.206,,1
S303974969,House Sparrow,Passer domesticus,31534,3,US-MD,Montgomery,L57047379,"A Fields Road Elementary, Gaithersburg, Maryland, US (39.119, -77.215)",39.1188882,-77.2150482,2026-02-26,08:24 AM,eBird - Traveling Count,24,1,.427,,1
S304364531,House Sparrow,Passer domesticus,31534,3,US-MD,Montgomery,L57047379,"A Fields Road Elementary, Gaithersburg, Maryland, US (39.119, -77.215)",39.1188882,-77.2150482,2026-02-27,08:46 AM,eBird - Traveling Count,19,1,.435,,1
S305295338,House Sparrow,Passer domesticus,31534,1,US-MD,Montgomery,L57047379,"A Fields Road Elementary, Gaithersburg, Maryland, US (39.119, -77.215)",39.1188882,-77.2150482,2026-03-02,08:47 AM,eBird - Traveling Count,13,1,.458,,1
S173968054,House Sparrow,Passer domesticus,31534,X,US-MD,Montgomery,L285049,Agricultural History Farm Park,39.1610805,-77.1322894,2024-05-12,10:26 AM,eBird - Traveling Count,104,1,2.414,,1
S245500420,House Sparrow,Passer domesticus,31534,X,US-MD,Montgomery,L285049,Agricultural History Farm Park,39.1610805,-77.1322894,2025-06-01,10:11 AM,eBird - Traveling Count,66,1,3.46,,1
S233083528,House Sparrow,Passer domesticus,31534,X,US-MD,Montgomery,L196528,Black Hill Regional Park,39.192365,-77.295757,2025-05-04,12:18 PM,eBird - Traveling Count,64,1,3.541,,1
S183556228,House Sparrow,Passer domesticus,31534,4,US-MD,Montgomery,L7383392,Bohrer Park,39.1329353,-77.1933532,2024-06-24,03:35 PM,eBird - Traveling Count,39,1,.174,,1
S186447746,House Sparrow,Passer domesticus,31534,X,US-MD,Montgomery,L7383392,Bohrer Park,39.1329353,-77.1933532,2024-07-11,08:29 AM,eBird - Traveling Count,12,0,.467,,1,,,Quite a few birds flying around at the top of trees. I couldn't identify cuz I didn't have binocs
S189398872,House Sparrow,Passer domesticus,31534,X,US-MD,Montgomery,L7383392,Bohrer Park,39.1329353,-77.1933532,2024-07-29,08:46 AM,eBird - Traveling Count,15,1,.933,,1
S252450521,House Sparrow,Passer domesticus,31534,30,US-MD,Montgomery,L7383392,Bohrer Park,39.1329353,-77.1933532,2025-06-20,08:18 AM,eBird - Traveling Count,20,1,.52,,1,,Many. Estimate.
S264217194,House Sparrow,Passer domesticus,31534,6,US-MD,Montgomery,L7383392,Bohrer Park,39.1329353,-77.1933532,2025-07-17,08:41 AM,eBird - Traveling Count,15,1,.744,,1
S263202719,House Sparrow,Passer domesticus,31534,1,US-MD,Montgomery,L7383392,Bohrer Park,39.1329353,-77.1933532,2025-07-27,02:00 PM,eBird - Traveling Count,31,1,.123,,1
S186245651,House Sparrow,Passer domesticus,31534,X,US-MD,Montgomery,L33913928,"Camden Retention Pond, Gaithersburg, Maryland, US (39.12, -77.206)",39.1197497,-77.2064087,2024-07-08,06:37 PM,eBird - Traveling Count,59,1,1.078,,1
S191063486,House Sparrow,Passer domesticus,31534,X,US-MD,Montgomery,L33913928,"Camden Retention Pond, Gaithersburg, Maryland, US (39.12, -77.206)",39.1197497,-77.2064087,2024-08-11,01:03 PM,eBird - Stationary Count,1,1,,,1
S232647749,House Sparrow,Passer domesticus,31534,1,US-MD,Montgomery,L33913928,"Camden Retention Pond, Gaithersburg, Maryland, US (39.12, -77.206)",39.1197497,-77.2064087,2025-05-03,03:19 PM,eBird - Traveling Count,32,1,1.03,,1
S233512387,House Sparrow,Passer domesticus,31534,X,US-MD,Montgomery,L33913928,"Camden Retention Pond, Gaithersburg, Maryland, US (39.12, -77.206)",39.1197497,-77.2064087,2025-05-05,01:14 PM,eBird - Traveling Count,7,1,.563,,1
S281282055,House Sparrow,Passer domesticus,31534,X,US-MD,Montgomery,L33913928,"Camden Retention Pond, Gaithersburg, Maryland, US (39.12, -77.206)",39.1197497,-77.2064087,2025-10-25,12:08 PM,eBird - Traveling Count,28,1,.952,,1
S286498638,House Sparrow,Passer domesticus,31534,35,US-MD,Montgomery,L33913928,"Camden Retention Pond, Gaithersburg, Maryland, US (39.12, -77.206)",39.1197497,-77.2064087,2025-11-28,12:14 PM,eBird - Traveling Count,18,1,.577,,1,,This is just an est.  but there had to have been at least this many in just now which is pretty unusual
S292971443,House Sparrow,Passer domesticus,31534,12,US-MD,Montgomery,L33913928,"Camden Retention Pond, Gaithersburg, Maryland, US (39.12, -77.206)",39.1197497,-77.2064087,2026-01-07,12:17 PM,eBird - Traveling Count,22,1,.58,,1
S293934806,House Sparrow,Passer domesticus,31534,6,US-MD,Montgomery,L33913928,"Camden Retention Pond, Gaithersburg, Maryland, US (39.12, -77.206)",39.1197497,-77.2064087,2026-01-12,05:09 PM,eBird - Traveling Count,17,1,.755,,1
S314269634,House Sparrow,Passer domesticus,31534,X,US-MD,Montgomery,L33913928,"Camden Retention Pond, Gaithersburg, Maryland, US (39.12, -77.206)",39.1197497,-77.2064087,2026-03-29,07:51 AM,eBird - Traveling Count,19,1,.649,,1,,,Very chilly morning. Some frost on the grass. Lots of bird activity though.
S278982875,House Sparrow,Passer domesticus,31534,3,US-MD,Montgomery,L29852635,Conservation Lane,39.121784,-77.2222379,2025-10-11,10:58 AM,eBird - Traveling Count,28,0,11.821,,1
S228011793,House Sparrow,Passer domesticus,31534,X,US-MD,Montgomery,L3043543,Crabbs Branch Pond,39.122276,-77.1587741,2025-04-21,07:07 PM,eBird - Traveling Count,19,1,.917,,1
S248990243,House Sparrow,Passer domesticus,31534,X,US-MD,Montgomery,L3043543,Crabbs Branch Pond,39.122276,-77.1587741,2025-06-10,05:46 PM,eBird - Traveling Count,13,1,.29,,1
S292776205,House Sparrow,Passer domesticus,31534,X,US-MD,Montgomery,L56914155,"Crown Woods, Gaithersburg, Maryland, US (39.117, -77.211)",39.1166315,-77.2109226,2026-01-06,10:14 AM,eBird - Stationary Count,2,1,,,1
S294699461,House Sparrow,Passer domesticus,31534,2,US-MD,Montgomery,L56914155,"Crown Woods, Gaithersburg, Maryland, US (39.117, -77.211)",39.1166315,-77.2109226,2026-01-17,10:01 AM,eBird - Traveling Count,41,1,.81,,1
S295165095,House Sparrow,Passer domesticus,31534,8,US-MD,Montgomery,L56914155,"Crown Woods, Gaithersburg, Maryland, US (39.117, -77.211)",39.1166315,-77.2109226,2026-01-19,10:10 AM,eBird - Traveling Count,39,1,1.508,,1
S303474362,House Sparrow,Passer domesticus,31534,4,US-MD,Montgomery,L56914155,"Crown Woods, Gaithersburg, Maryland, US (39.117, -77.211)",39.1166315,-77.2109226,2026-02-24,08:16 AM,eBird - Traveling Count,16,1,.347,,1,,,Another cold February morning. Very few birds out and about this morning.
S308724484,House Sparrow,Passer domesticus,31534,3,US-MD,Montgomery,L56914155,"Crown Woods, Gaithersburg, Maryland, US (39.117, -77.211)",39.1166315,-77.2109226,2026-03-13,08:51 AM,eBird - Traveling Count,21,1,.606,,1,,,Looks like the crown woods red shouldered Hawks have lost their first nest and are building a second one in a different tree. Very brisk morning. Lots of alerts from the Hawks neighbors.
S311533358,House Sparrow,Passer domesticus,31534,2,US-MD,Montgomery,L56914155,"Crown Woods, Gaithersburg, Maryland, US (39.117, -77.211)",39.1166315,-77.2109226,2026-03-21,01:16 PM,eBird - Traveling Count,8,1,.434,,1,,,Gorgeous walk through crownwoods
S173332427,House Sparrow,Passer domesticus,31534,3,US-MD,Montgomery,L9055068,Hibiscus court Maryland,39.1187154,-77.2108193,2023-11-22,10:10 AM,eBird - Stationary Count,30,1,,,2
S174850650,House Sparrow,Passer domesticus,31534,2,US-MD,Montgomery,L9055068,Hibiscus court Maryland,39.1187154,-77.2108193,2024-05-16,08:44 AM,eBird - Traveling Count,18,1,.853,,1
S175882870,House Sparrow,Passer domesticus,31534,X,US-MD,Montgomery,L9055068,Hibiscus court Maryland,39.1187154,-77.2108193,2024-05-20,08:45 AM,eBird - Stationary Count,4,1,,,1
S176115246,House Sparrow,Passer domesticus,31534,X,US-MD,Montgomery,L9055068,Hibiscus court Maryland,39.1187154,-77.2108193,2024-05-21,07:09 AM,eBird - Traveling Count,14,1,.694,,1
S176529751,House Sparrow,Passer domesticus,31534,X,US-MD,Montgomery,L9055068,Hibiscus court Maryland,39.1187154,-77.2108193,2024-05-23,08:49 AM,eBird - Traveling Count,46,1,1.706,,1
S176723839,House Sparrow,Passer domesticus,31534,2,US-MD,Montgomery,L9055068,Hibiscus court Maryland,39.1187154,-77.2108193,2024-05-24,08:49 AM,eBird - Traveling Count,19,1,.733,,1
S177681042,House Sparrow,Passer domesticus,31534,X,US-MD,Montgomery,L9055068,Hibiscus court Maryland,39.1187154,-77.2108193,2024-05-27,04:45 PM,eBird - Traveling Count,89,1,1.979,,1
S178096709,House Sparrow,Passer domesticus,31534,X,US-MD,Montgomery,L9055068,Hibiscus court Maryland,39.1187154,-77.2108193,2024-05-29,07:32 PM,eBird - Traveling Count,20,1,.563,,1
S181716209,House Sparrow,Passer domesticus,31534,X,US-MD,Montgomery,L9055068,Hibiscus court Maryland,39.1187154,-77.2108193,2024-06-15,06:55 PM,eBird - Traveling Count,29,1,.354,,1
S182239020,House Sparrow,Passer domesticus,31534,X,US-MD,Montgomery,L9055068,Hibiscus court Maryland,39.1187154,-77.2108193,2024-06-18,07:32 AM,eBird - Traveling Count,23,1,1.094,,1
S184569567,House Sparrow,Passer domesticus,31534,X,US-MD,Montgomery,L9055068,Hibiscus court Maryland,39.1187154,-77.2108193,2024-06-30,10:16 AM,eBird - Traveling Count,22,1,.531,,1
S197341843,House Sparrow,Passer domesticus,31534,X,US-MD,Montgomery,L9055068,Hibiscus court Maryland,39.1187154,-77.2108193,2024-10-03,08:56 AM,eBird - Traveling Count,14,1,.867,,2
S203971701,House Sparrow,Passer domesticus,31534,X,US-MD,Montgomery,L9055068,Hibiscus court Maryland,39.1187154,-77.2108193,2024-11-29,12:14 PM,eBird - Casual Observation,,0,,,2,,Hundreds
S212334920,House Sparrow,Passer domesticus,31534,X,US-MD,Montgomery,L9055068,Hibiscus court Maryland,39.1187154,-77.2108193,2025-02-07,02:23 PM,eBird - Traveling Count,70,1,1.77,,1
S213498174,House Sparrow,Passer domesticus,31534,5,US-MD,Montgomery,L9055068,Hibiscus court Maryland,39.1187154,-77.2108193,2025-02-15,10:57 AM,eBird - Stationary Count,38,1,,,1
S232633334,House Sparrow,Passer domesticus,31534,2,US-MD,Montgomery,L9055068,Hibiscus court Maryland,39.1187154,-77.2108193,2025-05-03,03:08 PM,eBird - Traveling Count,10,1,.354,,1
S239960481,House Sparrow,Passer domesticus,31534,X,US-MD,Montgomery,L9055068,Hibiscus court Maryland,39.1187154,-77.2108193,2025-05-11,08:19 PM,eBird - Traveling Count,25,1,1.492,,1
S240755396,House Sparrow,Passer domesticus,31534,X,US-MD,Montgomery,L9055068,Hibiscus court Maryland,39.1187154,-77.2108193,2025-05-20,07:29 PM,eBird - Traveling Count,22,1,.981,,1
S248288214,House Sparrow,Passer domesticus,31534,X,US-MD,Montgomery,L9055068,Hibiscus court Maryland,39.1187154,-77.2108193,2025-06-08,04:40 PM,eBird - Casual Observation,,0,,,1
S251339864,House Sparrow,Passer domesticus,31534,X,US-MD,Montgomery,L9055068,Hibiscus court Maryland,39.1187154,-77.2108193,2025-06-17,08:28 AM,eBird - Traveling Count,6,1,.278,,1
S253652061,House Sparrow,Passer domesticus,31534,3,US-MD,Montgomery,L9055068,Hibiscus court Maryland,39.1187154,-77.2108193,2025-06-24,07:41 AM,eBird - Traveling Count,13,1,.508,,1
S254502123,House Sparrow,Passer domesticus,31534,10,US-MD,Montgomery,L9055068,Hibiscus court Maryland,39.1187154,-77.2108193,2025-06-27,08:24 AM,eBird - Traveling Count,14,1,.633,,1,,Estimate
S293088711,House Sparrow,Passer domesticus,31534,X,US-MD,Montgomery,L9055068,Hibiscus court Maryland,39.1187154,-77.2108193,2026-01-08,08:04 AM,eBird - Traveling Count,32,1,1.292,,2
S294011741,House Sparrow,Passer domesticus,31534,X,US-MD,Montgomery,L9055068,Hibiscus court Maryland,39.1187154,-77.2108193,2026-01-13,08:48 AM,eBird - Traveling Count,16,1,.827,,1
S294686388,House Sparrow,Passer domesticus,31534,4,US-MD,Montgomery,L9055068,Hibiscus court Maryland,39.1187154,-77.2108193,2026-01-17,09:57 AM,eBird - Stationary Count,12,1,,,1
S295476283,House Sparrow,Passer domesticus,31534,X,US-MD,Montgomery,L9055068,Hibiscus court Maryland,39.1187154,-77.2108193,2026-01-21,07:53 AM,eBird - Stationary Count,33,1,,,1
S295629570,House Sparrow,Passer domesticus,31534,X,US-MD,Montgomery,L9055068,Hibiscus court Maryland,39.1187154,-77.2108193,2026-01-22,08:38 AM,eBird - Traveling Count,20,1,.414,,1
S295783274,House Sparrow,Passer domesticus,31534,5,US-MD,Montgomery,L9055068,Hibiscus court Maryland,39.1187154,-77.2108193,2026-01-23,08:43 AM,eBird - Traveling Count,10,1,.476,,1
S296204796,House Sparrow,Passer domesticus,31534,3,US-MD,Montgomery,L9055068,Hibiscus court Maryland,39.1187154,-77.2108193,2026-01-25,08:51 AM,eBird - Stationary Count,91,1,,,1
S296397089,House Sparrow,Passer domesticus,31534,2,US-MD,Montgomery,L9055068,Hibiscus court Maryland,39.1187154,-77.2108193,2026-01-26,07:26 AM,eBird - Stationary Count,68,1,,,1
S297204985,House Sparrow,Passer domesticus,31534,2,US-MD,Montgomery,L9055068,Hibiscus court Maryland,39.1187154,-77.2108193,2026-01-31,07:54 AM,eBird - Stationary Count,100,1,,,1
S297843285,House Sparrow,Passer domesticus,31534,1,US-MD,Montgomery,L9055068,Hibiscus court Maryland,39.1187154,-77.2108193,2026-02-03,07:52 AM,eBird - Stationary Count,25,1,,,1
S299526270,House Sparrow,Passer domesticus,31534,X,US-MD,Montgomery,L9055068,Hibiscus court Maryland,39.1187154,-77.2108193,2026-02-11,08:47 AM,eBird - Traveling Count,21,1,.585,,1
S299756045,House Sparrow,Passer domesticus,31534,6,US-MD,Montgomery,L9055068,Hibiscus court Maryland,39.1187154,-77.2108193,2026-02-12,10:39 AM,eBird - Traveling Count,26,1,.501,,1
S299961545,House Sparrow,Passer domesticus,31534,5,US-MD,Montgomery,L9055068,Hibiscus court Maryland,39.1187154,-77.2108193,2026-02-13,08:44 AM,eBird - Traveling Count,9,1,.24,,1
S300432928,House Sparrow,Passer domesticus,31534,10,US-MD,Montgomery,L9055068,Hibiscus court Maryland,39.1187154,-77.2108193,2026-02-14,10:38 AM,eBird - Traveling Count,9,1,.447,,1
S301133523,House Sparrow,Passer domesticus,31534,4,US-MD,Montgomery,L9055068,Hibiscus court Maryland,39.1187154,-77.2108193,2026-02-15,02:50 PM,eBird - Stationary Count,130,1,,,2
S301327375,House Sparrow,Passer domesticus,31534,1,US-MD,Montgomery,L9055068,Hibiscus court Maryland,39.1187154,-77.2108193,2026-02-16,08:38 AM,eBird - Stationary Count,35,1,,,1
S301916007,House Sparrow,Passer domesticus,31534,4,US-MD,Montgomery,L9055068,Hibiscus court Maryland,39.1187154,-77.2108193,2026-02-17,03:30 PM,eBird - Stationary Count,35,1,,,1
S301950574,House Sparrow,Passer domesticus,31534,6,US-MD,Montgomery,L9055068,Hibiscus court Maryland,39.1187154,-77.2108193,2026-02-18,07:24 AM,eBird - Traveling Count,94,1,.445,,1
S307587013,House Sparrow,Passer domesticus,31534,8,US-MD,Montgomery,L9055068,Hibiscus court Maryland,39.1187154,-77.2108193,2026-03-09,09:15 AM,eBird - Traveling Count,18,1,.498,,1,,,Gorgeous morning. So many resident birds chirping and building nests.
S308062000,House Sparrow,Passer domesticus,31534,5,US-MD,Montgomery,L9055068,Hibiscus court Maryland,39.1187154,-77.2108193,2026-03-10,08:52 AM,eBird - Traveling Count,211,1,.414,,1
S308298400,House Sparrow,Passer domesticus,31534,4,US-MD,Montgomery,L9055068,Hibiscus court Maryland,39.1187154,-77.2108193,2026-03-11,08:44 AM,eBird - Traveling Count,11,1,.415,,1,,,Another beautiful spring morning. It's trash day in my neighborhood so the crows were pretty excited.
S308522559,House Sparrow,Passer domesticus,31534,1,US-MD,Montgomery,L9055068,Hibiscus court Maryland,39.1187154,-77.2108193,2026-03-12,10:46 AM,eBird - Stationary Count,6,1,,,1,,,A miserable day with a wintry mix of precipitation and very few birds about.
S309775448,House Sparrow,Passer domesticus,31534,2,US-MD,Montgomery,L9055068,Hibiscus court Maryland,39.1187154,-77.2108193,2026-03-16,10:09 AM,eBird - Traveling Count,37,1,.068,,1
S316020343,House Sparrow,Passer domesticus,31534,2,US-MD,Montgomery,L9055068,Hibiscus court Maryland,39.1187154,-77.2108193,2026-04-02,02:22 PM,eBird - Stationary Count,104,1,,,1,,,It is a very cold day and the birds aren't very active outside my window.
S316727021,House Sparrow,Passer domesticus,31534,4,US-MD,Montgomery,L9055068,Hibiscus court Maryland,39.1187154,-77.2108193,2026-04-04,08:41 AM,eBird - Traveling Count,15,1,.656,,1,,,Nice warm morning. Lots of bird activity and a gentle warm rain.
S317291213,House Sparrow,Passer domesticus,31534,4,US-MD,Montgomery,L9055068,Hibiscus court Maryland,39.1187154,-77.2108193,2026-04-05,09:26 AM,eBird - Traveling Count,19,1,.322,,2,,,Stormy morning
S177901809,House Sparrow,Passer domesticus,31534,1,US-MD,Montgomery,L32512991,"Lake Halcyon, Gaithersburg, Maryland, US (39.12, -77.219)",39.120175,-77.2190739,2024-05-28,07:44 PM,eBird - Traveling Count,60,1,2.044,,1
S173483643,House Sparrow,Passer domesticus,31534,X,US-MD,Montgomery,L31569197,"Malcolm King Park (39.121, -77.212)",39.1205865,-77.212024,2024-05-11,09:34 AM,eBird - Traveling Count,37,1,1.189,,2,,,Just our daily morning dog walk!
S174220089,House Sparrow,Passer domesticus,31534,X,US-MD,Montgomery,L31569197,"Malcolm King Park (39.121, -77.212)",39.1205865,-77.212024,2024-05-13,08:59 AM,eBird - Traveling Count,13,1,.803,,1,,,Another day another Cardinal LOL.
S174427926,House Sparrow,Passer domesticus,31534,X,US-MD,Montgomery,L31569197,"Malcolm King Park (39.121, -77.212)",39.1205865,-77.212024,2024-05-14,07:33 AM,eBird - Traveling Count,16,1,.805,,1
S212659650,House Sparrow,Passer domesticus,31534,X,US-MD,Montgomery,L31569197,"Malcolm King Park (39.121, -77.212)",39.1205865,-77.212024,2025-02-09,02:21 PM,eBird - Traveling Count,39,1,2.06,,1,,"Yet again, too many to count."
S232178059,House Sparrow,Passer domesticus,31534,X,US-MD,Montgomery,L31569197,"Malcolm King Park (39.121, -77.212)",39.1205865,-77.212024,2025-05-02,05:38 PM,eBird - Traveling Count,19,1,1.014,,1
S246582636,House Sparrow,Passer domesticus,31534,X,US-MD,Montgomery,L31569197,"Malcolm King Park (39.121, -77.212)",39.1205865,-77.212024,2025-06-04,08:20 AM,eBird - Traveling Count,9,1,.554,,1
S249019190,House Sparrow,Passer domesticus,31534,X,US-MD,Montgomery,L31569197,"Malcolm King Park (39.121, -77.212)",39.1205865,-77.212024,2025-06-10,07:24 PM,eBird - Traveling Count,34,1,1.754,,1
S250837526,House Sparrow,Passer domesticus,31534,X,US-MD,Montgomery,L31569197,"Malcolm King Park (39.121, -77.212)",39.1205865,-77.212024,2025-06-15,05:46 PM,eBird - Traveling Count,36,1,2.063,,1
S252450226,House Sparrow,Passer domesticus,31534,30,US-MD,Montgomery,L31569197,"Malcolm King Park (39.121, -77.212)",39.1205865,-77.212024,2025-06-19,07:07 PM,eBird - Traveling Count,39,1,1.35,,1,,"Many birds, estimate"
S253943888,House Sparrow,Passer domesticus,31534,10,US-MD,Montgomery,L31569197,"Malcolm King Park (39.121, -77.212)",39.1205865,-77.212024,2025-06-25,08:14 AM,eBird - Traveling Count,12,1,.602,,1,,Estimate
S290182812,House Sparrow,Passer domesticus,31534,7,US-MD,Montgomery,L31569197,"Malcolm King Park (39.121, -77.212)",39.1205865,-77.212024,2025-12-25,12:06 PM,eBird - Traveling Count,27,1,1.078,,1
S292410625,House Sparrow,Passer domesticus,31534,X,US-MD,Montgomery,L31569197,"Malcolm King Park (39.121, -77.212)",39.1205865,-77.212024,2026-01-04,11:17 AM,eBird - Traveling Count,77,1,1.98,,2
S294532327,House Sparrow,Passer domesticus,31534,3,US-MD,Montgomery,L31569197,"Malcolm King Park (39.121, -77.212)",39.1205865,-77.212024,2026-01-16,10:11 AM,eBird - Traveling Count,20,1,.786,,1
S302680251,House Sparrow,Passer domesticus,31534,6,US-MD,Montgomery,L31569197,"Malcolm King Park (39.121, -77.212)",39.1205865,-77.212024,2026-02-21,08:56 AM,eBird - Traveling Count,15,1,.76,,1
S306793326,House Sparrow,Passer domesticus,31534,8,US-MD,Montgomery,L31569197,"Malcolm King Park (39.121, -77.212)",39.1205865,-77.212024,2026-03-07,09:48 AM,eBird - Traveling Count,17,1,.749,,1,,,"Very humid day. Most of the birds are pretty angry about the two red shoulder hawks flying around, filling a nest near the park bench at the shady Grove Park entrance."
S307216901,House Sparrow,Passer domesticus,31534,4,US-MD,Montgomery,L31569197,"Malcolm King Park (39.121, -77.212)",39.1205865,-77.212024,2026-03-08,09:51 AM,eBird - Traveling Count,76,1,1.346,,1,,,70f this morning on the walk. Watched a few crows try to take The nest that one of our pairs of red shouldered Hawks are building. The Hawks were not amused.
S315548994,House Sparrow,Passer domesticus,31534,1,US-MD,Montgomery,L31569197,"Malcolm King Park (39.121, -77.212)",39.1205865,-77.212024,2026-04-01,09:42 AM,eBird - Traveling Count,28,1,.749,,1
S177345442,House Sparrow,Passer domesticus,31534,4,US-MD,Montgomery,L32384015,"Montgomery County Landfill, Gaithersburg, Maryland, US (39.123, -77.173)",39.1229591,-77.1734085,2024-05-26,01:30 PM,eBird - Traveling Count,14,1,1.384,,1
S216321009,House Sparrow,Passer domesticus,31534,1,US-MD,Montgomery,L453705,Patuxent River SP--Rte. 97 (Montgomery Co.),39.2380827,-77.0571345,2025-03-02,02:47 PM,eBird - Traveling Count,43,1,1.497,,1
S247845111,House Sparrow,Passer domesticus,31534,X,US-MD,Montgomery,L11140089,"Rio Park, Gaithersburg",39.1168491,-77.1972698,2025-06-07,04:51 PM,eBird - Traveling Count,37,1,.285,,1
S269564870,House Sparrow,Passer domesticus,31534,3,US-MD,Montgomery,L11140089,"Rio Park, Gaithersburg",39.1168491,-77.1972698,2025-08-25,06:56 PM,eBird - Traveling Count,56,1,.389,,1
S276159653,House Sparrow,Passer domesticus,31534,X,US-MD,Montgomery,L11140089,"Rio Park, Gaithersburg",39.1168491,-77.1972698,2025-09-28,11:11 AM,eBird - Traveling Count,206,1,8.384,,1
S291915273,House Sparrow,Passer domesticus,31534,X,US-MD,Montgomery,L11140089,"Rio Park, Gaithersburg",39.1168491,-77.1972698,2026-01-02,01:10 PM,eBird - Traveling Count,9,1,.207,,2
S296602619,House Sparrow,Passer domesticus,31534,15,US-MD,Montgomery,L53737414,Royce Hanson Conservation Park at Broad Run,39.1324176,-77.4573434,2026-01-27,03:24 PM,eBird - Traveling Count,36,1,2.222,,1
S177875501,House Sparrow,Passer domesticus,31534,X,US-MD,Montgomery,L32507644,"Shady Grove Metro Station, Rockville, Maryland, US (39.121, -77.163)",39.1212152,-77.1634004,2024-05-28,05:41 PM,eBird - Traveling Count,8,1,.12,,1
S238951279,House Sparrow,Passer domesticus,31534,X,US-MD,Montgomery,L32507644,"Shady Grove Metro Station, Rockville, Maryland, US (39.121, -77.163)",39.1212152,-77.1634004,2025-05-16,07:32 PM,eBird - Traveling Count,5,1,.204,,1
S241509048,House Sparrow,Passer domesticus,31534,X,US-MD,Montgomery,L32507644,"Shady Grove Metro Station, Rockville, Maryland, US (39.121, -77.163)",39.1212152,-77.1634004,2025-05-23,09:18 AM,eBird - Traveling Count,2,1,.173,,1
S251200103,House Sparrow,Passer domesticus,31534,X,US-MD,Montgomery,L32507644,"Shady Grove Metro Station, Rockville, Maryland, US (39.121, -77.163)",39.1212152,-77.1634004,2025-06-16,06:54 PM,eBird - Casual Observation,,0,,,1
S295425265,House Sparrow,Passer domesticus,31534,X,US-MD,Montgomery,L32507644,"Shady Grove Metro Station, Rockville, Maryland, US (39.121, -77.163)",39.1212152,-77.1634004,2026-01-20,04:37 PM,eBird - Casual Observation,,0,,,1
S298126159,House Sparrow,Passer domesticus,31534,4,US-MD,Montgomery,L32507644,"Shady Grove Metro Station, Rockville, Maryland, US (39.121, -77.163)",39.1212152,-77.1634004,2026-02-04,04:44 PM,eBird - Traveling Count,2,1,.158,,1
S304654981,House Sparrow,Passer domesticus,31534,1,US-MD,Montgomery,L54114773,"Washington Woods Park, Gaithersburg, Maryland, US (39.113, -77.224)",39.11282,-77.2236712,2026-02-28,11:12 AM,eBird - Traveling Count,82,1,.627,,1
S221466591,House Sparrow,Passer domesticus,31534,X,US-NY,New York,L1007196,Battery Park City--Nelson A. Rockefeller Jr Park,40.7172332,-74.0166778,2025-03-29,06:49 AM,eBird - Traveling Count,37,0,1.99,,1
S184721389,House Sparrow,Passer domesticus,31534,X,US-VA,Page,L718715,White House Boat Ramp,38.6461269,-78.5346106,2024-06-30,02:01 PM,eBird - Traveling Count,40,1,1.03,,4
S310405370,House Sparrow,Passer domesticus,31534,4,US-CA,San Francisco,L60484350,"Internet Archive, San Francisco, California, US (37.782, -122.472)",37.782363,-122.4717618,2026-03-18,11:16 AM,eBird - Traveling Count,110,1,1.828,,1
S180824684,House Sparrow,Passer domesticus,31534,X,US-MA,Suffolk,L33185579,"91 Harborside Drive, Boston, Massachusetts, US (42.359, -71.029)",42.359204,-71.0287974,2024-06-11,12:43 PM,eBird - Traveling Count,35,1,2.351,,1,,Dozens of them in the common.
S181474802,House Sparrow,Passer domesticus,31534,X,US-MA,Suffolk,L515554,Charles River Esplanade,42.3553409,-71.0790968,2024-06-14,04:19 PM,eBird - Traveling Count,45,1,.674,,1
S235499091,House Sparrow,Passer domesticus,31534,X,US-DE,Sussex,L44556825,"Cranberry Park, Rehoboth Beach, Delaware, US (38.718, -75.083)",38.7178331,-75.0831735,2025-05-09,06:30 PM,eBird - Casual Observation,,0,,,2
S175564443,House Sparrow,Passer domesticus,31534,X,US-MD,Washington,L31950817,"3716 Harpers Ferry Road, Sharpsburg, Maryland, US (39.415, -77.737)",39.4153833,-77.7371018,2024-05-19,07:57 AM,eBird - Stationary Count,90,1,,,1
S177419574,House Sparrow,Passer domesticus,31534,2,US-MD,Washington,L31950817,"3716 Harpers Ferry Road, Sharpsburg, Maryland, US (39.415, -77.737)",39.4153833,-77.7371018,2024-05-26,06:06 PM,eBird - Traveling Count,15,0,12.975,,1
S221934041,House Sparrow,Passer domesticus,31534,2,US-MD,Washington,L31950817,"3716 Harpers Ferry Road, Sharpsburg, Maryland, US (39.415, -77.737)",39.4153833,-77.7371018,2025-03-30,03:58 PM,eBird - Traveling Count,76,1,.07,,1
S252687295,House Sparrow,Passer domesticus,31534,3,US-MD,Washington,L31950817,"3716 Harpers Ferry Road, Sharpsburg, Maryland, US (39.415, -77.737)",39.4153833,-77.7371018,2025-06-21,08:44 AM,eBird - Stationary Count,31,1,,,1
S288632117,House Sparrow,Passer domesticus,31534,2,US-MD,Washington,L31950817,"3716 Harpers Ferry Road, Sharpsburg, Maryland, US (39.415, -77.737)",39.4153833,-77.7371018,2025-12-14,03:54 PM,eBird - Stationary Count,67,1,,,1
S295956741,House Sparrow,Passer domesticus,31534,2,US-MD,Washington,L47901776,"3909 Mills Road, Sharpsburg, Maryland, US (39.42, -77.725)",39.4204997,-77.7254397,2026-01-24,08:31 AM,eBird - Traveling Count,7,1,6.113,,1
S206617034,House Sparrow,Passer domesticus,31534,10,PR-NG,,L4451634,Bosque Nacional El Yunque--Río Cubuy,18.2653604,-65.801062,2022-05-15,,eBird - Casual Observation,,0,,,2,,,Kept notes but birding was not my primary objective.
S274490359,House Sparrow,Passer domesticus,31534,1,CH-GE,,L9307354,CERN (restricted access),46.2324564,6.0521808,2025-09-16,02:34 PM,eBird - Traveling Count,205,1,5.692,,1
S273320633,House Sparrow,Passer domesticus,31534,12,CH-VD,,L52825255,Domaine La Capitaine,46.4356944,6.2608663,2025-09-14,01:52 PM,eBird - Traveling Count,54,1,1.063,,1
S273267681,House Sparrow,Passer domesticus,31534,1,CH-VD,,L4446346,Port de Founex,46.3340545,6.2030804,2025-09-14,09:43 AM,eBird - Traveling Count,14,1,19.304,,1
S199452331,Italian Sparrow,Passer italiae,31549,X,IT-72,,L37440837,"Au Naturale, Capri, Campania, IT (40.546, 14.242)",40.5464255,14.2421554,2011-06-27,10:20 AM,eBird - Casual Observation,,0,,,1
S199451432,Rock Pipit,Anthus petrosus,31876,X,GB-ENG,East Sussex,L37440658,"Brighton Beach, England, GB (50.819, -0.133)",50.8191163,-.1328981,2015-06-25,10:14 AM,eBird - Casual Observation,,0,,,1
S285631919,American Pipit,Anthus rubescens,31883,2,US-MD,Frederick,L473415,New Design Road,39.2903356,-77.4676037,2025-11-02,12:56 PM,eBird - Traveling Count,207,1,7.02,,1,,Two individuals feeding with a bunch of warblers and tits.
S296602619,American Pipit,Anthus rubescens,31883,2,US-MD,Montgomery,L53737414,Royce Hanson Conservation Park at Broad Run,39.1324176,-77.4573434,2026-01-27,03:24 PM,eBird - Traveling Count,36,1,2.222,,1,,"Mistakenly identified this as LAPLO at first, Roy Howard and Lori Charron helped compare photos and ID correctly."
S206613560,Evening Grosbeak,Hesperiphona vespertina,32085,56,US-NH,Coos,L12723083,Errol Downtown,44.7801749,-71.1354232,2024-12-20,05:17 PM,eBird - Casual Observation,,0,,,2,,"2 males, 7 females"
S206174934,Evening Grosbeak,Hesperiphona vespertina,32085,51,US-NH,Coos,L3547211,"Errol, private yards",44.7891067,-71.1536837,2024-12-21,09:55 AM,eBird - Stationary Count,70,1,,,4,,Exact count! All at the feeders. Have photow
S246372176,House Finch,Haemorhous mexicanus,32310,X,US-DC,District of Columbia,L473521,Constitution Gardens and Reflecting Pool,38.8901142,-77.043364,2025-06-03,02:15 PM,eBird - Traveling Count,27,1,1.625,,1
S248611662,House Finch,Haemorhous mexicanus,32310,2,US-DC,District of Columbia,L47238423,"Union Station, (38.898, -77.007)",38.8977684,-77.0069474,2025-06-09,12:18 PM,eBird - Traveling Count,28,1,3.235,,1
S292147729,House Finch,Haemorhous mexicanus,32310,1,US-VA,Fairfax,L718485,Great Falls Park,38.9937,-77.2553,2026-01-03,12:19 PM,eBird - Traveling Count,8,1,.1,,1
S256585579,House Finch,Haemorhous mexicanus,32310,2,US-MD,Frederick,L12242883,Othello Regional Park,39.346886,-77.601207,2025-07-03,03:50 PM,eBird - Traveling Count,18,1,1.195,,1
S242111995,House Finch,Haemorhous mexicanus,32310,1,US-MD,Montgomery,L45854782,"23425 Slidell Road, Ten Mile Creek, Maryland, US (39.241, -77.32)",39.2410277,-77.3204555,2025-05-24,02:32 PM,eBird - Traveling Count,73,1,1.191,,1
S302222394,House Finch,Haemorhous mexicanus,32310,1,US-MD,Montgomery,L57047379,"A Fields Road Elementary, Gaithersburg, Maryland, US (39.119, -77.215)",39.1188882,-77.2150482,2026-02-19,08:34 AM,eBird - Traveling Count,78,1,.82,,1
S233083528,House Finch,Haemorhous mexicanus,32310,X,US-MD,Montgomery,L196528,Black Hill Regional Park,39.192365,-77.295757,2025-05-04,12:18 PM,eBird - Traveling Count,64,1,3.541,,1
S316508959,House Finch,Haemorhous mexicanus,32310,1,US-MD,Montgomery,L230151,Blue Mash Nature Trail,39.1939588,-77.1060175,2026-04-03,05:54 PM,eBird - Traveling Count,70,1,2.147,,1
S182634611,House Finch,Haemorhous mexicanus,32310,X,US-MD,Montgomery,L7383392,Bohrer Park,39.1329353,-77.1933532,2024-06-20,08:42 AM,eBird - Traveling Count,28,1,1.094,,1
S252450521,House Finch,Haemorhous mexicanus,32310,5,US-MD,Montgomery,L7383392,Bohrer Park,39.1329353,-77.1933532,2025-06-20,08:18 AM,eBird - Traveling Count,20,1,.52,,1,,Estimate
S263202719,House Finch,Haemorhous mexicanus,32310,3,US-MD,Montgomery,L7383392,Bohrer Park,39.1329353,-77.1933532,2025-07-27,02:00 PM,eBird - Traveling Count,31,1,.123,,1
S232647749,House Finch,Haemorhous mexicanus,32310,X,US-MD,Montgomery,L33913928,"Camden Retention Pond, Gaithersburg, Maryland, US (39.12, -77.206)",39.1197497,-77.2064087,2025-05-03,03:19 PM,eBird - Traveling Count,32,1,1.03,,1
S292971443,House Finch,Haemorhous mexicanus,32310,6,US-MD,Montgomery,L33913928,"Camden Retention Pond, Gaithersburg, Maryland, US (39.12, -77.206)",39.1197497,-77.2064087,2026-01-07,12:17 PM,eBird - Traveling Count,22,1,.58,,1
S314269634,House Finch,Haemorhous mexicanus,32310,2,US-MD,Montgomery,L33913928,"Camden Retention Pond, Gaithersburg, Maryland, US (39.12, -77.206)",39.1197497,-77.2064087,2026-03-29,07:51 AM,eBird - Traveling Count,19,1,.649,,1,,,Very chilly morning. Some frost on the grass. Lots of bird activity though.
S223512042,House Finch,Haemorhous mexicanus,32310,1,US-MD,Montgomery,L42214720,"Camp Seneca, Maryland, US (39.177, -77.302)",39.1772081,-77.3018305,2025-04-06,02:51 PM,eBird - Traveling Count,57,1,1.207,,1
S230164377,House Finch,Haemorhous mexicanus,32310,2,US-MD,Montgomery,L42214720,"Camp Seneca, Maryland, US (39.177, -77.302)",39.1772081,-77.3018305,2025-04-27,01:45 PM,eBird - Traveling Count,50,1,.49,,1
S278982875,House Finch,Haemorhous mexicanus,32310,2,US-MD,Montgomery,L29852635,Conservation Lane,39.121784,-77.2222379,2025-10-11,10:58 AM,eBird - Traveling Count,28,0,11.821,,1
S228011793,House Finch,Haemorhous mexicanus,32310,X,US-MD,Montgomery,L3043543,Crabbs Branch Pond,39.122276,-77.1587741,2025-04-21,07:07 PM,eBird - Traveling Count,19,1,.917,,1
S248990243,House Finch,Haemorhous mexicanus,32310,X,US-MD,Montgomery,L3043543,Crabbs Branch Pond,39.122276,-77.1587741,2025-06-10,05:46 PM,eBird - Traveling Count,13,1,.29,,1
S315223385,House Finch,Haemorhous mexicanus,32310,1,US-MD,Montgomery,L42096446,"Dufief Muddy Branch Park, North Potomac, Maryland, US (39.105, -77.236)",39.1045983,-77.2364397,2026-03-31,01:10 PM,eBird - Traveling Count,41,1,.693,,1
S174850650,House Finch,Haemorhous mexicanus,32310,1,US-MD,Montgomery,L9055068,Hibiscus court Maryland,39.1187154,-77.2108193,2024-05-16,08:44 AM,eBird - Traveling Count,18,1,.853,,1
S176529751,House Finch,Haemorhous mexicanus,32310,X,US-MD,Montgomery,L9055068,Hibiscus court Maryland,39.1187154,-77.2108193,2024-05-23,08:49 AM,eBird - Traveling Count,46,1,1.706,,1
S177681042,House Finch,Haemorhous mexicanus,32310,2,US-MD,Montgomery,L9055068,Hibiscus court Maryland,39.1187154,-77.2108193,2024-05-27,04:45 PM,eBird - Traveling Count,89,1,1.979,,1
S181716209,House Finch,Haemorhous mexicanus,32310,1,US-MD,Montgomery,L9055068,Hibiscus court Maryland,39.1187154,-77.2108193,2024-06-15,06:55 PM,eBird - Traveling Count,29,1,.354,,1
S182239020,House Finch,Haemorhous mexicanus,32310,1,US-MD,Montgomery,L9055068,Hibiscus court Maryland,39.1187154,-77.2108193,2024-06-18,07:32 AM,eBird - Traveling Count,23,1,1.094,,1
S253652061,House Finch,Haemorhous mexicanus,32310,1,US-MD,Montgomery,L9055068,Hibiscus court Maryland,39.1187154,-77.2108193,2025-06-24,07:41 AM,eBird - Traveling Count,13,1,.508,,1
S296397089,House Finch,Haemorhous mexicanus,32310,2,US-MD,Montgomery,L9055068,Hibiscus court Maryland,39.1187154,-77.2108193,2026-01-26,07:26 AM,eBird - Stationary Count,68,1,,,1
S309775448,House Finch,Haemorhous mexicanus,32310,1,US-MD,Montgomery,L9055068,Hibiscus court Maryland,39.1187154,-77.2108193,2026-03-16,10:09 AM,eBird - Traveling Count,37,1,.068,,1
S316727021,House Finch,Haemorhous mexicanus,32310,1,US-MD,Montgomery,L9055068,Hibiscus court Maryland,39.1187154,-77.2108193,2026-04-04,08:41 AM,eBird - Traveling Count,15,1,.656,,1,,,Nice warm morning. Lots of bird activity and a gentle warm rain.
S259644861,House Finch,Haemorhous mexicanus,32310,1,US-MD,Montgomery,L126620,Hughes Hollow - McKee Beshers WMA,39.0803767,-77.4035096,2025-07-13,03:26 PM,eBird - Traveling Count,15,1,.342,,2
S285631806,House Finch,Haemorhous mexicanus,32310,2,US-MD,Montgomery,L22161519,Hughes Hollow - McKee Beshers WMA--sunflower area and eastern fields,39.076893,-77.3812916,2025-11-22,12:53 PM,eBird - Traveling Count,53,1,3.085,,2
S186245620,House Finch,Haemorhous mexicanus,32310,4,US-MD,Montgomery,L32216879,"Kaiser Permanente, Gaithersburg, Maryland, US (39.156, -77.222)",39.1558353,-77.2220648,2024-07-09,05:42 PM,eBird - Traveling Count,13,0,.274,,1,,,I think I saw a yellow billed cuckoo but only from the back and it flew off before I could catch up.
S245099547,House Finch,Haemorhous mexicanus,32310,1,US-MD,Montgomery,L32512991,"Lake Halcyon, Gaithersburg, Maryland, US (39.12, -77.219)",39.120175,-77.2190739,2025-05-31,01:29 PM,eBird - Traveling Count,19,1,.495,,1
S174220089,House Finch,Haemorhous mexicanus,32310,X,US-MD,Montgomery,L31569197,"Malcolm King Park (39.121, -77.212)",39.1205865,-77.212024,2024-05-13,08:59 AM,eBird - Traveling Count,13,1,.803,,1,,,Another day another Cardinal LOL.
S232178059,House Finch,Haemorhous mexicanus,32310,X,US-MD,Montgomery,L31569197,"Malcolm King Park (39.121, -77.212)",39.1205865,-77.212024,2025-05-02,05:38 PM,eBird - Traveling Count,19,1,1.014,,1
S290182812,House Finch,Haemorhous mexicanus,32310,2,US-MD,Montgomery,L31569197,"Malcolm King Park (39.121, -77.212)",39.1205865,-77.212024,2025-12-25,12:06 PM,eBird - Traveling Count,27,1,1.078,,1
S307216901,House Finch,Haemorhous mexicanus,32310,1,US-MD,Montgomery,L31569197,"Malcolm King Park (39.121, -77.212)",39.1205865,-77.212024,2026-03-08,09:51 AM,eBird - Traveling Count,76,1,1.346,,1,,,70f this morning on the walk. Watched a few crows try to take The nest that one of our pairs of red shouldered Hawks are building. The Hawks were not amused.
S219612076,House Finch,Haemorhous mexicanus,32310,1,US-MD,Montgomery,L11101726,Muddy Branch Park,39.113044,-77.226531,2025-03-20,11:04 AM,eBird - Traveling Count,26,1,.547,,1
S296602619,House Finch,Haemorhous mexicanus,32310,2,US-MD,Montgomery,L53737414,Royce Hanson Conservation Park at Broad Run,39.1324176,-77.4573434,2026-01-27,03:24 PM,eBird - Traveling Count,36,1,2.222,,1
S177875501,House Finch,Haemorhous mexicanus,32310,1,US-MD,Montgomery,L32507644,"Shady Grove Metro Station, Rockville, Maryland, US (39.121, -77.163)",39.1212152,-77.1634004,2024-05-28,05:41 PM,eBird - Traveling Count,8,1,.12,,1
S238951279,House Finch,Haemorhous mexicanus,32310,X,US-MD,Montgomery,L32507644,"Shady Grove Metro Station, Rockville, Maryland, US (39.121, -77.163)",39.1212152,-77.1634004,2025-05-16,07:32 PM,eBird - Traveling Count,5,1,.204,,1
S241509048,House Finch,Haemorhous mexicanus,32310,X,US-MD,Montgomery,L32507644,"Shady Grove Metro Station, Rockville, Maryland, US (39.121, -77.163)",39.1212152,-77.1634004,2025-05-23,09:18 AM,eBird - Traveling Count,2,1,.173,,1
S304654981,House Finch,Haemorhous mexicanus,32310,1,US-MD,Montgomery,L54114773,"Washington Woods Park, Gaithersburg, Maryland, US (39.113, -77.224)",39.11282,-77.2236712,2026-02-28,11:12 AM,eBird - Traveling Count,82,1,.627,,1
S221320287,House Finch,Haemorhous mexicanus,32310,1,US-NY,New York,L3044567,"Hudson River Park--Pier 55 (Little Island, W 12th-14th St.)",40.7420139,-74.0106444,2025-03-28,11:55 AM,eBird - Traveling Count,38,1,.95,,1
S280851263,House Finch,Haemorhous mexicanus,32310,4,US-CA,San Diego,L6351012,Batiquitos Lagoon--Cholla Point,33.0935914,-117.2709236,2025-10-22,01:59 PM,eBird - Traveling Count,34,1,1.082,,1
S280793659,House Finch,Haemorhous mexicanus,32310,X,US-CA,San Diego,L10053177,La Costa Ranch,33.0895832,-117.2502914,2025-10-22,07:18 AM,eBird - Traveling Count,12,1,.225,,1,,Bunch of them
S310405370,House Finch,Haemorhous mexicanus,32310,1,US-CA,San Francisco,L60484350,"Internet Archive, San Francisco, California, US (37.782, -122.472)",37.782363,-122.4717618,2026-03-18,11:16 AM,eBird - Traveling Count,110,1,1.828,,1
S175564443,House Finch,Haemorhous mexicanus,32310,X,US-MD,Washington,L31950817,"3716 Harpers Ferry Road, Sharpsburg, Maryland, US (39.415, -77.737)",39.4153833,-77.7371018,2024-05-19,07:57 AM,eBird - Stationary Count,90,1,,,1
S217439085,House Finch,Haemorhous mexicanus,32310,5,US-MD,Washington,L31950817,"3716 Harpers Ferry Road, Sharpsburg, Maryland, US (39.415, -77.737)",39.4153833,-77.7371018,2025-03-09,09:25 AM,eBird - Stationary Count,8,1,,,1,,Already in breeding plumage
S221934041,House Finch,Haemorhous mexicanus,32310,2,US-MD,Washington,L31950817,"3716 Harpers Ferry Road, Sharpsburg, Maryland, US (39.415, -77.737)",39.4153833,-77.7371018,2025-03-30,03:58 PM,eBird - Traveling Count,76,1,.07,,1
S252687295,House Finch,Haemorhous mexicanus,32310,2,US-MD,Washington,L31950817,"3716 Harpers Ferry Road, Sharpsburg, Maryland, US (39.415, -77.737)",39.4153833,-77.7371018,2025-06-21,08:44 AM,eBird - Stationary Count,31,1,,,1
S306960721,House Finch,Haemorhous mexicanus,32310,2,US-MD,Washington,L59209237,"Private Yard, Sharpsburg, Maryland, US (39.416, -77.737)",39.4157499,-77.7373156,2026-03-07,04:48 PM,eBird - Traveling Count,41,1,.048,,2
S190802916,Purple Finch,Haemorhous purpureus,32324,4,US-OR,Clackamas,L670999,Mt. Hood--Timberline Lodge,45.3299743,-121.7109632,2024-08-08,01:34 PM,eBird - Casual Observation,,0,,,1
S192337224,Purple Finch,Haemorhous purpureus,32324,2,US-NH,Coos,L3547211,"Errol, private yards",44.7891067,-71.1536837,2024-08-19,05:00 PM,eBird - Stationary Count,15,1,,,3
S203796738,Purple Finch,Haemorhous purpureus,32324,1,US-MD,Montgomery,L2055457,Sycamore Landing Rd. fields,39.0839717,-77.4146461,2024-11-27,02:08 PM,eBird - Traveling Count,89,1,4.361,,2
S217439085,Purple Finch,Haemorhous purpureus,32324,1,US-MD,Washington,L31950817,"3716 Harpers Ferry Road, Sharpsburg, Maryland, US (39.415, -77.737)",39.4153833,-77.7371018,2025-03-09,09:25 AM,eBird - Stationary Count,8,1,,,1,,"One female purple finch in with the goldfinches, easily distinguished by the striped, muted breast feathers"
S206613560,Redpoll,Acanthis flammea,32483,1,US-NH,Coos,L12723083,Errol Downtown,44.7801749,-71.1354232,2024-12-20,05:17 PM,eBird - Casual Observation,,0,,,2
S273283091,European Goldfinch,Carduelis carduelis,32552,2,CH-VD,,L2545642,Bois de Chênes,46.4377534,6.2347841,2025-09-14,11:21 AM,eBird - Stationary Count,47,1,,,1
S274969331,European Goldfinch,Carduelis carduelis,32552,1,CH-VD,,L5168431,Marais de la Versoix,46.3375508,6.1407137,2025-09-16,07:21 AM,eBird - Traveling Count,217,1,32.254,,1
S206613560,Pine Siskin,Spinus pinus,32595,6,US-NH,Coos,L12723083,Errol Downtown,44.7801749,-71.1354232,2024-12-20,05:17 PM,eBird - Casual Observation,,0,,,2
S206174934,Pine Siskin,Spinus pinus,32595,6,US-NH,Coos,L3547211,"Errol, private yards",44.7891067,-71.1536837,2024-12-21,09:55 AM,eBird - Stationary Count,70,1,,,4
S283561628,Pine Siskin,Spinus pinus,32595,2,US-MD,Montgomery,L505316,Seneca Creek SP--Clopper Lake,39.142381,-77.252465,2025-11-08,03:09 PM,eBird - Traveling Count,18,1,.151,,1
S175887634,Pine Siskin,Spinus pinus,32595,X,US-AZ,Pima,L211809,Madera Canyon--Proctor Rd.,31.739938,-110.886147,2008-05-01,09:01 AM,Historical,150,1,,,2,,,Corrected checklist to be accurate as historical.
S297574933,Pine Siskin,Spinus pinus,32595,1,US-MD,Washington,L31950817,"3716 Harpers Ferry Road, Sharpsburg, Maryland, US (39.415, -77.737)",39.4153833,-77.7371018,2026-02-01,02:22 PM,eBird - Traveling Count,134,1,.16,,1
S272049115,American Goldfinch,Spinus tristis,32617,1,US-MD,Allegany,L2462463,Rocky Gap SP--camping loop,39.7113795,-78.6453509,2025-09-06,02:44 PM,eBird - Traveling Count,433,1,2.497,,2
S192192710,American Goldfinch,Spinus tristis,32617,1,US-NH,Coos,L5343246,"Akers Pond, Errol",44.7979771,-71.1591339,2024-08-20,05:15 PM,eBird - Stationary Count,34,1,,,1
S192337224,American Goldfinch,Spinus tristis,32617,4,US-NH,Coos,L3547211,"Errol, private yards",44.7891067,-71.1536837,2024-08-19,05:00 PM,eBird - Stationary Count,15,1,,,3
S268111225,American Goldfinch,Spinus tristis,32617,2,US-NH,Coos,L1209933,"Umbagog NWR--Magalloway River Trail, Wentworths Location",44.8424719,-71.0572958,2025-08-18,02:08 PM,eBird - Traveling Count,70,1,1.903,,1
S268294117,American Goldfinch,Spinus tristis,32617,3,US-ME,Cumberland,L6199827,Maine Wildlife Park,43.9293181,-70.35254,2025-08-19,01:45 PM,eBird - Traveling Count,103,1,1.256,,4
S247226180,American Goldfinch,Spinus tristis,32617,2,US-DC,District of Columbia,L46925662,"THE Reach, Washington, District of Columbia, US (38.894, -77.056)",38.8943386,-77.0555275,2025-06-05,06:25 PM,eBird - Stationary Count,45,1,,,2
S270705952,American Goldfinch,Spinus tristis,32617,3,US-MD,Frederick,L909320,Gambrill SP--North Frederick Overlook,39.4697856,-77.494297,2025-08-31,02:17 PM,eBird - Traveling Count,78,1,.525,,1
S250749828,American Goldfinch,Spinus tristis,32617,X,US-MD,Frederick,L2756806,Monocacy National Battlefield--Gambrill Mill Trail,39.3688266,-77.3877865,2025-06-15,01:10 PM,eBird - Traveling Count,80,1,1.175,,1
S256585579,American Goldfinch,Spinus tristis,32617,3,US-MD,Frederick,L12242883,Othello Regional Park,39.346886,-77.601207,2025-07-03,03:50 PM,eBird - Traveling Count,18,1,1.195,,1
S267871655,American Goldfinch,Spinus tristis,32617,1,US-NH,Grafton,L7922375,Little Squam Lake (overall),43.7196644,-71.603472,2025-08-17,09:29 AM,eBird - Traveling Count,163,1,9.725,,1
S242111995,American Goldfinch,Spinus tristis,32617,1,US-MD,Montgomery,L45854782,"23425 Slidell Road, Ten Mile Creek, Maryland, US (39.241, -77.32)",39.2410277,-77.3204555,2025-05-24,02:32 PM,eBird - Traveling Count,73,1,1.191,,1
S173968054,American Goldfinch,Spinus tristis,32617,X,US-MD,Montgomery,L285049,Agricultural History Farm Park,39.1610805,-77.1322894,2024-05-12,10:26 AM,eBird - Traveling Count,104,1,2.414,,1
S245500420,American Goldfinch,Spinus tristis,32617,2,US-MD,Montgomery,L285049,Agricultural History Farm Park,39.1610805,-77.1322894,2025-06-01,10:11 AM,eBird - Traveling Count,66,1,3.46,,1
S233083528,American Goldfinch,Spinus tristis,32617,X,US-MD,Montgomery,L196528,Black Hill Regional Park,39.192365,-77.295757,2025-05-04,12:18 PM,eBird - Traveling Count,64,1,3.541,,1
S316508959,American Goldfinch,Spinus tristis,32617,1,US-MD,Montgomery,L230151,Blue Mash Nature Trail,39.1939588,-77.1060175,2026-04-03,05:54 PM,eBird - Traveling Count,70,1,2.147,,1
S252450521,American Goldfinch,Spinus tristis,32617,1,US-MD,Montgomery,L7383392,Bohrer Park,39.1329353,-77.1933532,2025-06-20,08:18 AM,eBird - Traveling Count,20,1,.52,,1
S278986302,American Goldfinch,Spinus tristis,32617,1,US-MD,Montgomery,L33913928,"Camden Retention Pond, Gaithersburg, Maryland, US (39.12, -77.206)",39.1197497,-77.2064087,2025-10-12,02:33 PM,eBird - Traveling Count,16,1,.713,,1
S292971443,American Goldfinch,Spinus tristis,32617,2,US-MD,Montgomery,L33913928,"Camden Retention Pond, Gaithersburg, Maryland, US (39.12, -77.206)",39.1197497,-77.2064087,2026-01-07,12:17 PM,eBird - Traveling Count,22,1,.58,,1
S316385681,American Goldfinch,Spinus tristis,32617,1,US-MD,Montgomery,L33913928,"Camden Retention Pond, Gaithersburg, Maryland, US (39.12, -77.206)",39.1197497,-77.2064087,2026-04-03,01:09 PM,eBird - Traveling Count,39,1,1.061,,1
S311533358,American Goldfinch,Spinus tristis,32617,2,US-MD,Montgomery,L56914155,"Crown Woods, Gaithersburg, Maryland, US (39.117, -77.211)",39.1166315,-77.2109226,2026-03-21,01:16 PM,eBird - Traveling Count,8,1,.434,,1,,,Gorgeous walk through crownwoods
S222948122,American Goldfinch,Spinus tristis,32617,X,US-MD,Montgomery,L42096446,"Dufief Muddy Branch Park, North Potomac, Maryland, US (39.105, -77.236)",39.1045983,-77.2364397,2025-04-04,03:51 PM,eBird - Traveling Count,26,1,.885,,2,,Could hear them but didn't see them
S176723839,American Goldfinch,Spinus tristis,32617,1,US-MD,Montgomery,L9055068,Hibiscus court Maryland,39.1187154,-77.2108193,2024-05-24,08:49 AM,eBird - Traveling Count,19,1,.733,,1
S181716209,American Goldfinch,Spinus tristis,32617,2,US-MD,Montgomery,L9055068,Hibiscus court Maryland,39.1187154,-77.2108193,2024-06-15,06:55 PM,eBird - Traveling Count,29,1,.354,,1
S212334920,American Goldfinch,Spinus tristis,32617,2,US-MD,Montgomery,L9055068,Hibiscus court Maryland,39.1187154,-77.2108193,2025-02-07,02:23 PM,eBird - Traveling Count,70,1,1.77,,1
S239703804,American Goldfinch,Spinus tristis,32617,X,US-MD,Montgomery,L9055068,Hibiscus court Maryland,39.1187154,-77.2108193,2025-05-18,10:01 AM,eBird - Stationary Count,30,1,,,1
S254502123,American Goldfinch,Spinus tristis,32617,1,US-MD,Montgomery,L9055068,Hibiscus court Maryland,39.1187154,-77.2108193,2025-06-27,08:24 AM,eBird - Traveling Count,14,1,.633,,1
S264217115,American Goldfinch,Spinus tristis,32617,2,US-MD,Montgomery,L9055068,Hibiscus court Maryland,39.1187154,-77.2108193,2025-08-01,11:16 AM,eBird - Stationary Count,12,1,,,1
S297204985,American Goldfinch,Spinus tristis,32617,2,US-MD,Montgomery,L9055068,Hibiscus court Maryland,39.1187154,-77.2108193,2026-01-31,07:54 AM,eBird - Stationary Count,100,1,,,1
S187792544,American Goldfinch,Spinus tristis,32617,13,US-MD,Montgomery,L22161519,Hughes Hollow - McKee Beshers WMA--sunflower area and eastern fields,39.076893,-77.3812916,2024-07-19,06:29 PM,eBird - Traveling Count,119,1,5.601,,1,,,,621675754
S230262565,American Goldfinch,Spinus tristis,32617,X,US-MD,Montgomery,L22161519,Hughes Hollow - McKee Beshers WMA--sunflower area and eastern fields,39.076893,-77.3812916,2025-04-27,03:44 PM,eBird - Traveling Count,78,1,3.75,,3
S259649565,American Goldfinch,Spinus tristis,32617,4,US-MD,Montgomery,L22161519,Hughes Hollow - McKee Beshers WMA--sunflower area and eastern fields,39.076893,-77.3812916,2025-07-13,03:51 PM,eBird - Traveling Count,9,1,.612,,1
S288199927,American Goldfinch,Spinus tristis,32617,1,US-MD,Montgomery,L3028209,ICC Bikepath--Rt.97 to Layhill Rd.,39.114851,-77.062614,2025-12-10,01:05 PM,eBird - Traveling Count,69,1,38.832,,1
S245099547,American Goldfinch,Spinus tristis,32617,1,US-MD,Montgomery,L32512991,"Lake Halcyon, Gaithersburg, Maryland, US (39.12, -77.219)",39.120175,-77.2190739,2025-05-31,01:29 PM,eBird - Traveling Count,19,1,.495,,1
S240002346,American Goldfinch,Spinus tristis,32617,X,US-MD,Montgomery,L2769057,Little Bennett RP--Western Piedmont Trail,39.27653,-77.3071432,2025-05-18,06:20 PM,eBird - Traveling Count,44,1,1.223,,1
S252450226,American Goldfinch,Spinus tristis,32617,1,US-MD,Montgomery,L31569197,"Malcolm King Park (39.121, -77.212)",39.1205865,-77.212024,2025-06-19,07:07 PM,eBird - Traveling Count,39,1,1.35,,1
S290182812,American Goldfinch,Spinus tristis,32617,2,US-MD,Montgomery,L31569197,"Malcolm King Park (39.121, -77.212)",39.1205865,-77.212024,2025-12-25,12:06 PM,eBird - Traveling Count,27,1,1.078,,1
S292410625,American Goldfinch,Spinus tristis,32617,2,US-MD,Montgomery,L31569197,"Malcolm King Park (39.121, -77.212)",39.1205865,-77.212024,2026-01-04,11:17 AM,eBird - Traveling Count,77,1,1.98,,2
S315548994,American Goldfinch,Spinus tristis,32617,1,US-MD,Montgomery,L31569197,"Malcolm King Park (39.121, -77.212)",39.1205865,-77.212024,2026-04-01,09:42 AM,eBird - Traveling Count,28,1,.749,,1
S317554838,American Goldfinch,Spinus tristis,32617,2,US-MD,Montgomery,L31569197,"Malcolm King Park (39.121, -77.212)",39.1205865,-77.212024,2026-04-05,05:33 PM,eBird - Traveling Count,29,1,.728,,1,,,Beautiful cool but quiet evening after a daytime storm.
S219612076,American Goldfinch,Spinus tristis,32617,X,US-MD,Montgomery,L11101726,Muddy Branch Park,39.113044,-77.226531,2025-03-20,11:04 AM,eBird - Traveling Count,26,1,.547,,1,,Many in a tree..
S270982186,American Goldfinch,Spinus tristis,32617,4,US-MD,Montgomery,L453705,Patuxent River SP--Rte. 97 (Montgomery Co.),39.2380827,-77.0571345,2025-09-01,03:40 PM,eBird - Traveling Count,143,1,.802,,1
S203796738,American Goldfinch,Spinus tristis,32617,2,US-MD,Montgomery,L2055457,Sycamore Landing Rd. fields,39.0839717,-77.4146461,2024-11-27,02:08 PM,eBird - Traveling Count,89,1,4.361,,2
S262226561,American Goldfinch,Spinus tristis,32617,4,US-MD,Montgomery,L2055457,Sycamore Landing Rd. fields,39.0839717,-77.4146461,2025-07-23,05:48 PM,eBird - Traveling Count,32,1,.636,,1
S314372032,American Goldfinch,Spinus tristis,32617,6,US-MD,Montgomery,L48823610,Washington Grove Conservation Park,39.136651,-77.171927,2026-03-29,10:35 AM,eBird - Traveling Count,47,1,1.727,,1
S188156823,American Goldfinch,Spinus tristis,32617,1,US-MD,Montgomery,L19214285,"Welsh Park, Rockville",39.0908869,-77.1608661,2024-07-21,06:19 PM,eBird - Traveling Count,27,0,.756,,1
S192185217,American Goldfinch,Spinus tristis,32617,5,US-ME,Oxford,L35938426,"8 Bear River Road, Newry, Maine, US (44.488, -70.788)",44.487575,-70.7881486,2024-08-20,03:36 PM,eBird - Traveling Count,34,1,31.777,,2
S177579473,American Goldfinch,Spinus tristis,32617,2,US-MD,Prince George's,L305078,Patuxent Research Refuge--South Tract (National Wildlife Visitor Center),39.0270605,-76.7991731,2024-05-27,09:22 AM,eBird - Traveling Count,131,0,8.433,,2
S239213799,American Goldfinch,Spinus tristis,32617,X,US-MD,Prince George's,L305078,Patuxent Research Refuge--South Tract (National Wildlife Visitor Center),39.0270605,-76.7991731,2025-05-17,08:28 AM,eBird - Traveling Count,149,1,6.502,,1
S310405370,American Goldfinch,Spinus tristis,32617,1,US-CA,San Francisco,L60484350,"Internet Archive, San Francisco, California, US (37.782, -122.472)",37.782363,-122.4717618,2026-03-18,11:16 AM,eBird - Traveling Count,110,1,1.828,,1
S235749233,American Goldfinch,Spinus tristis,32617,X,US-DE,Sussex,L1265319,Cape Henlopen SP--The Point,38.8000272,-75.092376,2025-05-10,02:06 PM,eBird - Traveling Count,42,1,5.472,,1
S175564443,American Goldfinch,Spinus tristis,32617,1,US-MD,Washington,L31950817,"3716 Harpers Ferry Road, Sharpsburg, Maryland, US (39.415, -77.737)",39.4153833,-77.7371018,2024-05-19,07:57 AM,eBird - Stationary Count,90,1,,,1
S183379922,American Goldfinch,Spinus tristis,32617,X,US-MD,Washington,L31950817,"3716 Harpers Ferry Road, Sharpsburg, Maryland, US (39.415, -77.737)",39.4153833,-77.7371018,2024-06-23,05:41 PM,eBird - Casual Observation,,0,,,1
S191828104,American Goldfinch,Spinus tristis,32617,4,US-MD,Washington,L31950817,"3716 Harpers Ferry Road, Sharpsburg, Maryland, US (39.415, -77.737)",39.4153833,-77.7371018,2024-08-17,04:38 PM,eBird - Casual Observation,,0,,,1
S217439085,American Goldfinch,Spinus tristis,32617,12,US-MD,Washington,L31950817,"3716 Harpers Ferry Road, Sharpsburg, Maryland, US (39.415, -77.737)",39.4153833,-77.7371018,2025-03-09,09:25 AM,eBird - Stationary Count,8,1,,,1
S221934041,American Goldfinch,Spinus tristis,32617,2,US-MD,Washington,L31950817,"3716 Harpers Ferry Road, Sharpsburg, Maryland, US (39.415, -77.737)",39.4153833,-77.7371018,2025-03-30,03:58 PM,eBird - Traveling Count,76,1,.07,,1
S252687295,American Goldfinch,Spinus tristis,32617,4,US-MD,Washington,L31950817,"3716 Harpers Ferry Road, Sharpsburg, Maryland, US (39.415, -77.737)",39.4153833,-77.7371018,2025-06-21,08:44 AM,eBird - Stationary Count,31,1,,,1
S257633796,American Goldfinch,Spinus tristis,32617,3,US-MD,Washington,L5825627,Antietam National Battlefield--Snavely Ford Trail,39.449291,-77.7314029,2025-07-06,04:30 PM,eBird - Traveling Count,39,1,1.113,,1
S173113419,American Goldfinch,Spinus tristis,32617,10,US-MD,Washington,L4053312,Devil's Backbone County Park,39.538741,-77.7100086,2024-05-08,01:00 PM,eBird - Traveling Count,120,1,8.047,,2,,Mixtures of males and females.
S272056950,American Goldfinch,Spinus tristis,32617,2,US-MD,Washington,L7545582,Fort Frederick State Park,39.6103016,-78.0052128,2025-09-07,12:29 PM,eBird - Traveling Count,30,1,1.335,,1
S180559422,American Goldfinch,Spinus tristis,32617,1,US-MD,Washington,L33056912,"Rohrbach Campground, Sharpsburg, Maryland, US (39.454, -77.731)",39.4543401,-77.7314234,2024-06-08,02:29 PM,eBird - Traveling Count,113,1,.402,,1
S180295745,American Goldfinch,Spinus tristis,32617,X,US-MD,Washington,L33056912,"Rohrbach Campground, Sharpsburg, Maryland, US (39.454, -77.731)",39.4543401,-77.7314234,2024-06-09,05:48 AM,eBird - Stationary Count,4,0,,,1
S180559345,American Goldfinch,Spinus tristis,32617,1,US-MD,Washington,L33056912,"Rohrbach Campground, Sharpsburg, Maryland, US (39.454, -77.731)",39.4543401,-77.7314234,2024-06-09,09:12 AM,eBird - Traveling Count,60,1,.298,,1
S206613560,Snow Bunting,Plectrophenax nivalis,32674,20,US-NH,Coos,L12723083,Errol Downtown,44.7801749,-71.1354232,2024-12-20,05:17 PM,eBird - Casual Observation,,0,,,2,,"Mostly white, black mottled small birds. Estimate number about 20. up on Errol Hill Rt.26 . Large flock on the side of the road near where you can see Mt. Washington"
S298683570,Grasshopper Sparrow,Ammodramus savannarum,32943,0,US-FL,Charlotte,L21750506,"Live Oak Blvd, Prairie Creek Preserve entrance road",27.005263,-81.929974,2026-02-07,09:07 AM,eBird - Traveling Count,83,1,4.837,,2
S256585579,Grasshopper Sparrow,Ammodramus savannarum,32943,1,US-MD,Frederick,L12242883,Othello Regional Park,39.346886,-77.601207,2025-07-03,03:50 PM,eBird - Traveling Count,18,1,1.195,,1
S239253914,Grasshopper Sparrow,Ammodramus savannarum,32943,1,US-MD,Prince George's,L42706061,Patuxent Research Refuge--Central Tract (Restricted Access),39.0491905,-76.7986274,2025-05-17,11:28 AM,eBird - Traveling Count,35,1,3.206,,1
S239213799,Grasshopper Sparrow,Ammodramus savannarum,32943,1,US-MD,Prince George's,L305078,Patuxent Research Refuge--South Tract (National Wildlife Visitor Center),39.0270605,-76.7991731,2025-05-17,08:28 AM,eBird - Traveling Count,149,1,6.502,,1
S192288648,Chipping Sparrow,Spizella passerina,32990,6,US-NH,Carroll,L2573426,"Story Land, Rt. 16, Glen",44.117161,-71.184298,2024-08-21,10:28 AM,eBird - Traveling Count,372,0,.791,,2,,,Storyland!
S190802916,Chipping Sparrow,Spizella passerina,32990,1,US-OR,Clackamas,L670999,Mt. Hood--Timberline Lodge,45.3299743,-121.7109632,2024-08-08,01:34 PM,eBird - Casual Observation,,0,,,1
S268827654,Chipping Sparrow,Spizella passerina,32990,8,US-NH,Coos,L748384,Dixville Notch--Wildlife Viewing Area,44.8537126,-71.2833416,2025-08-22,03:15 PM,eBird - Traveling Count,52,1,.761,,1
S268294117,Chipping Sparrow,Spizella passerina,32990,5,US-ME,Cumberland,L6199827,Maine Wildlife Park,43.9293181,-70.35254,2025-08-19,01:45 PM,eBird - Traveling Count,103,1,1.256,,4
S250749828,Chipping Sparrow,Spizella passerina,32990,1,US-MD,Frederick,L2756806,Monocacy National Battlefield--Gambrill Mill Trail,39.3688266,-77.3877865,2025-06-15,01:10 PM,eBird - Traveling Count,80,1,1.175,,1
S239842745,Chipping Sparrow,Spizella passerina,32990,2,US-MD,Frederick,L281578,Sugarloaf Mt.,39.2626685,-77.3972133,2025-05-18,12:09 PM,eBird - Traveling Count,111,1,4.442,,1
S242111995,Chipping Sparrow,Spizella passerina,32990,1,US-MD,Montgomery,L45854782,"23425 Slidell Road, Ten Mile Creek, Maryland, US (39.241, -77.32)",39.2410277,-77.3204555,2025-05-24,02:32 PM,eBird - Traveling Count,73,1,1.191,,1
S278435561,Chipping Sparrow,Spizella passerina,32990,1,US-MD,Montgomery,L285049,Agricultural History Farm Park,39.1610805,-77.1322894,2025-10-10,05:49 PM,eBird - Traveling Count,36,1,1.343,,1
S233083528,Chipping Sparrow,Spizella passerina,32990,1,US-MD,Montgomery,L196528,Black Hill Regional Park,39.192365,-77.295757,2025-05-04,12:18 PM,eBird - Traveling Count,64,1,3.541,,1
S233615339,Chipping Sparrow,Spizella passerina,32990,X,US-MD,Montgomery,L584300,C&O Canal--Edwards Ferry,39.1030006,-77.4737057,2025-05-05,06:00 PM,eBird - Traveling Count,42,1,1.493,,1
S173642100,Chipping Sparrow,Spizella passerina,32990,1,US-MD,Montgomery,L515805,C&O Canal--Mouth of the Monocacy (Mont. Co.),39.221687,-77.451432,2024-05-11,03:00 PM,eBird - Stationary Count,60,1,,,1
S245692718,Chipping Sparrow,Spizella passerina,32990,1,US-MD,Montgomery,L515805,C&O Canal--Mouth of the Monocacy (Mont. Co.),39.221687,-77.451432,2025-06-01,05:35 PM,eBird - Traveling Count,35,1,.52,,1
S183770250,Chipping Sparrow,Spizella passerina,32990,1,US-MD,Montgomery,L33913928,"Camden Retention Pond, Gaithersburg, Maryland, US (39.12, -77.206)",39.1197497,-77.2064087,2024-06-25,07:46 PM,eBird - Stationary Count,24,1,,,1
S278986302,Chipping Sparrow,Spizella passerina,32990,2,US-MD,Montgomery,L33913928,"Camden Retention Pond, Gaithersburg, Maryland, US (39.12, -77.206)",39.1197497,-77.2064087,2025-10-12,02:33 PM,eBird - Traveling Count,16,1,.713,,1
S229607559,Chipping Sparrow,Spizella passerina,32990,1,US-MD,Montgomery,L9055068,Hibiscus court Maryland,39.1187154,-77.2108193,2025-04-26,11:07 AM,eBird - Traveling Count,5,1,.272,,1
S230262565,Chipping Sparrow,Spizella passerina,32990,1,US-MD,Montgomery,L22161519,Hughes Hollow - McKee Beshers WMA--sunflower area and eastern fields,39.076893,-77.3812916,2025-04-27,03:44 PM,eBird - Traveling Count,78,1,3.75,,3
S176627258,Chipping Sparrow,Spizella passerina,32990,1,US-MD,Montgomery,L32216879,"Kaiser Permanente, Gaithersburg, Maryland, US (39.156, -77.222)",39.1558353,-77.2220648,2024-05-23,06:34 PM,eBird - Stationary Count,4,1,,,2
S240002346,Chipping Sparrow,Spizella passerina,32990,2,US-MD,Montgomery,L2769057,Little Bennett RP--Western Piedmont Trail,39.27653,-77.3071432,2025-05-18,06:20 PM,eBird - Traveling Count,44,1,1.223,,1
S174220089,Chipping Sparrow,Spizella passerina,32990,1,US-MD,Montgomery,L31569197,"Malcolm King Park (39.121, -77.212)",39.1205865,-77.212024,2024-05-13,08:59 AM,eBird - Traveling Count,13,1,.803,,1,,,Another day another Cardinal LOL.
S233623669,Chipping Sparrow,Spizella passerina,32990,1,US-MD,Montgomery,L266131,Patton Farms (formerly Patton Turf Farm),39.1433333,-77.5103802,2025-05-05,06:56 PM,eBird - Traveling Count,10,1,3.919,,1
S296602619,Chipping Sparrow,Spizella passerina,32990,2,US-MD,Montgomery,L53737414,Royce Hanson Conservation Park at Broad Run,39.1324176,-77.4573434,2026-01-27,03:24 PM,eBird - Traveling Count,36,1,2.222,,1
S227641632,Chipping Sparrow,Spizella passerina,32990,1,US-MD,Montgomery,L2055457,Sycamore Landing Rd. fields,39.0839717,-77.4146461,2025-04-20,06:54 PM,eBird - Traveling Count,41,1,2.494,,1
S314372032,Chipping Sparrow,Spizella passerina,32990,3,US-MD,Montgomery,L48823610,Washington Grove Conservation Park,39.136651,-77.171927,2026-03-29,10:35 AM,eBird - Traveling Count,47,1,1.727,,1
S183870068,Chipping Sparrow,Spizella passerina,32990,1,US-MD,Prince George's,L33936221,"NASA Goddard Space Flight Center, Greenbelt, Maryland, US (38.993, -76.848)",38.9929483,-76.8476183,2024-06-26,08:30 AM,eBird - Casual Observation,,0,,,1
S239253914,Chipping Sparrow,Spizella passerina,32990,1,US-MD,Prince George's,L42706061,Patuxent Research Refuge--Central Tract (Restricted Access),39.0491905,-76.7986274,2025-05-17,11:28 AM,eBird - Traveling Count,35,1,3.206,,1
S239213799,Chipping Sparrow,Spizella passerina,32990,1,US-MD,Prince George's,L305078,Patuxent Research Refuge--South Tract (National Wildlife Visitor Center),39.0270605,-76.7991731,2025-05-17,08:28 AM,eBird - Traveling Count,149,1,6.502,,1
S175564443,Chipping Sparrow,Spizella passerina,32990,X,US-MD,Washington,L31950817,"3716 Harpers Ferry Road, Sharpsburg, Maryland, US (39.415, -77.737)",39.4153833,-77.7371018,2024-05-19,07:57 AM,eBird - Stationary Count,90,1,,,1
S221934041,Chipping Sparrow,Spizella passerina,32990,1,US-MD,Washington,L31950817,"3716 Harpers Ferry Road, Sharpsburg, Maryland, US (39.415, -77.737)",39.4153833,-77.7371018,2025-03-30,03:58 PM,eBird - Traveling Count,76,1,.07,,1
S252687295,Chipping Sparrow,Spizella passerina,32990,3,US-MD,Washington,L31950817,"3716 Harpers Ferry Road, Sharpsburg, Maryland, US (39.415, -77.737)",39.4153833,-77.7371018,2025-06-21,08:44 AM,eBird - Stationary Count,31,1,,,1
S257633796,Chipping Sparrow,Spizella passerina,32990,3,US-MD,Washington,L5825627,Antietam National Battlefield--Snavely Ford Trail,39.449291,-77.7314029,2025-07-06,04:30 PM,eBird - Traveling Count,39,1,1.113,,1
S173113419,Chipping Sparrow,Spizella passerina,32990,1,US-MD,Washington,L4053312,Devil's Backbone County Park,39.538741,-77.7100086,2024-05-08,01:00 PM,eBird - Traveling Count,120,1,8.047,,2
S180559422,Chipping Sparrow,Spizella passerina,32990,1,US-MD,Washington,L33056912,"Rohrbach Campground, Sharpsburg, Maryland, US (39.454, -77.731)",39.4543401,-77.7314234,2024-06-08,02:29 PM,eBird - Traveling Count,113,1,.402,,1
S180295745,Chipping Sparrow,Spizella passerina,32990,X,US-MD,Washington,L33056912,"Rohrbach Campground, Sharpsburg, Maryland, US (39.454, -77.731)",39.4543401,-77.7314234,2024-06-09,05:48 AM,eBird - Stationary Count,4,0,,,1
S180559345,Chipping Sparrow,Spizella passerina,32990,1,US-MD,Washington,L33056912,"Rohrbach Campground, Sharpsburg, Maryland, US (39.454, -77.731)",39.4543401,-77.7314234,2024-06-09,09:12 AM,eBird - Traveling Count,60,1,.298,,1
S255372516,Chipping Sparrow,Spizella passerina,32990,1,US-MD,Washington,L33056912,"Rohrbach Campground, Sharpsburg, Maryland, US (39.454, -77.731)",39.4543401,-77.7314234,2025-06-29,02:50 PM,eBird - Traveling Count,58,1,2.214,,1
S259302581,Chipping Sparrow,Spizella passerina,32990,1,US-MD,Washington,L33056912,"Rohrbach Campground, Sharpsburg, Maryland, US (39.454, -77.731)",39.4543401,-77.7314234,2025-07-12,03:12 PM,eBird - Traveling Count,99,1,2.404,,1
S180197187,Field Sparrow,Spizella pusilla,33002,1,US-MD,Montgomery,L33038592,"270 North (39.239, -77.291)",39.2393341,-77.291275,2024-06-08,10:32 AM,eBird - Traveling Count,57,0,68.459,,1
S173968054,Field Sparrow,Spizella pusilla,33002,1,US-MD,Montgomery,L285049,Agricultural History Farm Park,39.1610805,-77.1322894,2024-05-12,10:26 AM,eBird - Traveling Count,104,1,2.414,,1
S316508959,Field Sparrow,Spizella pusilla,33002,2,US-MD,Montgomery,L230151,Blue Mash Nature Trail,39.1939588,-77.1060175,2026-04-03,05:54 PM,eBird - Traveling Count,70,1,2.147,,1
S233615339,Field Sparrow,Spizella pusilla,33002,2,US-MD,Montgomery,L584300,C&O Canal--Edwards Ferry,39.1030006,-77.4737057,2025-05-05,06:00 PM,eBird - Traveling Count,42,1,1.493,,1
S173642100,Field Sparrow,Spizella pusilla,33002,1,US-MD,Montgomery,L515805,C&O Canal--Mouth of the Monocacy (Mont. Co.),39.221687,-77.451432,2024-05-11,03:00 PM,eBird - Stationary Count,60,1,,,1
S223512042,Field Sparrow,Spizella pusilla,33002,7,US-MD,Montgomery,L42214720,"Camp Seneca, Maryland, US (39.177, -77.302)",39.1772081,-77.3018305,2025-04-06,02:51 PM,eBird - Traveling Count,57,1,1.207,,1
S289396816,Field Sparrow,Spizella pusilla,33002,5,US-MD,Montgomery,L56150939,"Dickerson Power Plant (39.205, -77.449)",39.2051467,-77.4488143,2025-12-20,03:38 PM,eBird - Traveling Count,9,1,1.385,,2
S297843285,Field Sparrow,Spizella pusilla,33002,1,US-MD,Montgomery,L9055068,Hibiscus court Maryland,39.1187154,-77.2108193,2026-02-03,07:52 AM,eBird - Stationary Count,25,1,,,1
S187792544,Field Sparrow,Spizella pusilla,33002,2,US-MD,Montgomery,L22161519,Hughes Hollow - McKee Beshers WMA--sunflower area and eastern fields,39.076893,-77.3812916,2024-07-19,06:29 PM,eBird - Traveling Count,119,1,5.601,,1
S259649565,Field Sparrow,Spizella pusilla,33002,1,US-MD,Montgomery,L22161519,Hughes Hollow - McKee Beshers WMA--sunflower area and eastern fields,39.076893,-77.3812916,2025-07-13,03:51 PM,eBird - Traveling Count,9,1,.612,,1
S174427926,Field Sparrow,Spizella pusilla,33002,X,US-MD,Montgomery,L31569197,"Malcolm King Park (39.121, -77.212)",39.1205865,-77.212024,2024-05-14,07:33 AM,eBird - Traveling Count,16,1,.805,,1
S288754158,Field Sparrow,Spizella pusilla,33002,7,US-MD,Montgomery,L11401283,Westerly Rd. Pond,39.135653,-77.432952,2025-12-15,04:10 PM,eBird - Traveling Count,10,1,6.318,,1
S257633796,Field Sparrow,Spizella pusilla,33002,2,US-MD,Washington,L5825627,Antietam National Battlefield--Snavely Ford Trail,39.449291,-77.7314029,2025-07-06,04:30 PM,eBird - Traveling Count,39,1,1.113,,1
S173113419,Field Sparrow,Spizella pusilla,33002,1,US-MD,Washington,L4053312,Devil's Backbone County Park,39.538741,-77.7100086,2024-05-08,01:00 PM,eBird - Traveling Count,120,1,8.047,,2
S294752709,Field Sparrow,Spizella pusilla,33002,2,US-MD,Washington,L57331192,"John Brown Farm, Sharpsburg, Maryland, US (39.371, -77.722)",39.3708534,-77.7217407,2026-01-17,01:30 PM,eBird - Traveling Count,23,1,1.456,,2
S306960721,Field Sparrow,Spizella pusilla,33002,1,US-MD,Washington,L59209237,"Private Yard, Sharpsburg, Maryland, US (39.416, -77.737)",39.4157499,-77.7373156,2026-03-07,04:48 PM,eBird - Traveling Count,41,1,.048,,2
S184417488,Field Sparrow,Spizella pusilla,33002,1,US-MD,Washington,L33056912,"Rohrbach Campground, Sharpsburg, Maryland, US (39.454, -77.731)",39.4543401,-77.7314234,2024-06-29,03:25 PM,eBird - Stationary Count,35,1,,,1
S259302581,Field Sparrow,Spizella pusilla,33002,3,US-MD,Washington,L33056912,"Rohrbach Campground, Sharpsburg, Maryland, US (39.454, -77.731)",39.4543401,-77.7314234,2025-07-12,03:12 PM,eBird - Traveling Count,99,1,2.404,,1
S217581672,Fox Sparrow,Passerella iliaca,33099,1,US-MD,Montgomery,L192824,C&O Canal--Violette's Lock,39.066803,-77.32951,2025-03-09,05:06 PM,eBird - Traveling Count,77,1,.493,,1
S203796738,Fox Sparrow,Passerella iliaca,33099,1,US-MD,Montgomery,L2055457,Sycamore Landing Rd. fields,39.0839717,-77.4146461,2024-11-27,02:08 PM,eBird - Traveling Count,89,1,4.361,,2,,"There was a single individual at the very top of the road. It was also reported by another birder. Nice, rusty plumage."
S221466591,Fox Sparrow,Passerella iliaca,33099,2,US-NY,New York,L1007196,Battery Park City--Nelson A. Rockefeller Jr Park,40.7172332,-74.0166778,2025-03-29,06:49 AM,eBird - Traveling Count,37,0,1.99,,1
S192288648,Dark-eyed Junco,Junco hyemalis,33124,1,US-NH,Carroll,L2573426,"Story Land, Rt. 16, Glen",44.117161,-71.184298,2024-08-21,10:28 AM,eBird - Traveling Count,372,0,.791,,2,,,Storyland!
S206613560,Dark-eyed Junco,Junco hyemalis,33124,5,US-NH,Coos,L12723083,Errol Downtown,44.7801749,-71.1354232,2024-12-20,05:17 PM,eBird - Casual Observation,,0,,,2
S206174934,Dark-eyed Junco,Junco hyemalis,33124,6,US-NH,Coos,L3547211,"Errol, private yards",44.7891067,-71.1536837,2024-12-21,09:55 AM,eBird - Stationary Count,70,1,,,4
S290168731,Dark-eyed Junco,Junco hyemalis,33124,5,US-MD,Montgomery,L56319480,"17505 Beauvoir Boulevard, Rockville, Maryland, US (39.144, -77.147)",39.14352,-77.1468984,2025-12-25,10:19 AM,eBird - Stationary Count,78,1,,,1
S287726423,Dark-eyed Junco,Junco hyemalis,33124,1,US-MD,Montgomery,L285049,Agricultural History Farm Park,39.1610805,-77.1322894,2025-12-07,03:07 PM,eBird - Traveling Count,87,1,1.583,,2
S296044910,Dark-eyed Junco,Junco hyemalis,33124,12,US-MD,Montgomery,L595310,Black Hill RP--Boat Ramp area,39.2009491,-77.2941077,2026-01-24,02:29 PM,eBird - Traveling Count,35,1,2.7,,1
S297767655,Dark-eyed Junco,Junco hyemalis,33124,3,US-MD,Montgomery,L230151,Blue Mash Nature Trail,39.1939588,-77.1060175,2026-02-02,04:13 PM,eBird - Traveling Count,24,1,.449,,2
S209075439,Dark-eyed Junco,Junco hyemalis,33124,3,US-MD,Montgomery,L214293,C&O Canal--Great Falls,38.9994802,-77.2450634,2025-01-12,03:40 PM,eBird - Traveling Count,62,1,.966,,1,,,The app stopped working repeatedly. It only recorded the first 6 minutes of our track. It should have recorded an entire 2/3 of a mile hike out and back to Olmsted Island.
S289393221,Dark-eyed Junco,Junco hyemalis,33124,10,US-MD,Montgomery,L515805,C&O Canal--Mouth of the Monocacy (Mont. Co.),39.221687,-77.451432,2025-12-20,01:56 PM,eBird - Traveling Count,93,1,3.015,,1
S173683785,Dark-eyed Junco,Junco hyemalis,33124,1,US-MD,Montgomery,L360157,C&O Canal--Riley's Lock,39.0682467,-77.3431492,2023-11-23,11:24 AM,eBird - Traveling Count,65,1,.668,,2
S286498638,Dark-eyed Junco,Junco hyemalis,33124,2,US-MD,Montgomery,L33913928,"Camden Retention Pond, Gaithersburg, Maryland, US (39.12, -77.206)",39.1197497,-77.2064087,2025-11-28,12:14 PM,eBird - Traveling Count,18,1,.577,,1
S291020793,Dark-eyed Junco,Junco hyemalis,33124,1,US-MD,Montgomery,L33913928,"Camden Retention Pond, Gaithersburg, Maryland, US (39.12, -77.206)",39.1197497,-77.2064087,2025-12-29,11:39 AM,eBird - Traveling Count,9,1,.336,,1
S314269634,Dark-eyed Junco,Junco hyemalis,33124,7,US-MD,Montgomery,L33913928,"Camden Retention Pond, Gaithersburg, Maryland, US (39.12, -77.206)",39.1197497,-77.2064087,2026-03-29,07:51 AM,eBird - Traveling Count,19,1,.649,,1,,,Very chilly morning. Some frost on the grass. Lots of bird activity though.
S316385681,Dark-eyed Junco,Junco hyemalis,33124,1,US-MD,Montgomery,L33913928,"Camden Retention Pond, Gaithersburg, Maryland, US (39.12, -77.206)",39.1197497,-77.2064087,2026-04-03,01:09 PM,eBird - Traveling Count,39,1,1.061,,1
S223512042,Dark-eyed Junco,Junco hyemalis,33124,2,US-MD,Montgomery,L42214720,"Camp Seneca, Maryland, US (39.177, -77.302)",39.1772081,-77.3018305,2025-04-06,02:51 PM,eBird - Traveling Count,57,1,1.207,,1
S292776205,Dark-eyed Junco,Junco hyemalis,33124,6,US-MD,Montgomery,L56914155,"Crown Woods, Gaithersburg, Maryland, US (39.117, -77.211)",39.1166315,-77.2109226,2026-01-06,10:14 AM,eBird - Stationary Count,2,1,,,1
S293148654,Dark-eyed Junco,Junco hyemalis,33124,1,US-MD,Montgomery,L56914155,"Crown Woods, Gaithersburg, Maryland, US (39.117, -77.211)",39.1166315,-77.2109226,2026-01-08,02:03 PM,eBird - Traveling Count,7,1,.074,,1
S294699461,Dark-eyed Junco,Junco hyemalis,33124,8,US-MD,Montgomery,L56914155,"Crown Woods, Gaithersburg, Maryland, US (39.117, -77.211)",39.1166315,-77.2109226,2026-01-17,10:01 AM,eBird - Traveling Count,41,1,.81,,1
S295165095,Dark-eyed Junco,Junco hyemalis,33124,2,US-MD,Montgomery,L56914155,"Crown Woods, Gaithersburg, Maryland, US (39.117, -77.211)",39.1166315,-77.2109226,2026-01-19,10:10 AM,eBird - Traveling Count,39,1,1.508,,1
S303474362,Dark-eyed Junco,Junco hyemalis,33124,1,US-MD,Montgomery,L56914155,"Crown Woods, Gaithersburg, Maryland, US (39.117, -77.211)",39.1166315,-77.2109226,2026-02-24,08:16 AM,eBird - Traveling Count,16,1,.347,,1,,,Another cold February morning. Very few birds out and about this morning.
S289396816,Dark-eyed Junco,Junco hyemalis,33124,10,US-MD,Montgomery,L56150939,"Dickerson Power Plant (39.205, -77.449)",39.2051467,-77.4488143,2025-12-20,03:38 PM,eBird - Traveling Count,9,1,1.385,,2
S222948122,Dark-eyed Junco,Junco hyemalis,33124,2,US-MD,Montgomery,L42096446,"Dufief Muddy Branch Park, North Potomac, Maryland, US (39.105, -77.236)",39.1045983,-77.2364397,2025-04-04,03:51 PM,eBird - Traveling Count,26,1,.885,,2
S173332427,Dark-eyed Junco,Junco hyemalis,33124,2,US-MD,Montgomery,L9055068,Hibiscus court Maryland,39.1187154,-77.2108193,2023-11-22,10:10 AM,eBird - Stationary Count,30,1,,,2
S207069439,Dark-eyed Junco,Junco hyemalis,33124,10,US-MD,Montgomery,L9055068,Hibiscus court Maryland,39.1187154,-77.2108193,2024-12-28,01:24 PM,eBird - Stationary Count,133,1,,,1
S293088711,Dark-eyed Junco,Junco hyemalis,33124,3,US-MD,Montgomery,L9055068,Hibiscus court Maryland,39.1187154,-77.2108193,2026-01-08,08:04 AM,eBird - Traveling Count,32,1,1.292,,2
S293642036,Dark-eyed Junco,Junco hyemalis,33124,5,US-MD,Montgomery,L9055068,Hibiscus court Maryland,39.1187154,-77.2108193,2026-01-10,10:27 AM,eBird - Traveling Count,91,1,.281,,1
S293693389,Dark-eyed Junco,Junco hyemalis,33124,3,US-MD,Montgomery,L9055068,Hibiscus court Maryland,39.1187154,-77.2108193,2026-01-11,11:32 AM,eBird - Traveling Count,10,1,.36,,1
S294686388,Dark-eyed Junco,Junco hyemalis,33124,23,US-MD,Montgomery,L9055068,Hibiscus court Maryland,39.1187154,-77.2108193,2026-01-17,09:57 AM,eBird - Stationary Count,12,1,,,1
S295476283,Dark-eyed Junco,Junco hyemalis,33124,1,US-MD,Montgomery,L9055068,Hibiscus court Maryland,39.1187154,-77.2108193,2026-01-21,07:53 AM,eBird - Stationary Count,33,1,,,1
S296204796,Dark-eyed Junco,Junco hyemalis,33124,2,US-MD,Montgomery,L9055068,Hibiscus court Maryland,39.1187154,-77.2108193,2026-01-25,08:51 AM,eBird - Stationary Count,91,1,,,1
S296397089,Dark-eyed Junco,Junco hyemalis,33124,1,US-MD,Montgomery,L9055068,Hibiscus court Maryland,39.1187154,-77.2108193,2026-01-26,07:26 AM,eBird - Stationary Count,68,1,,,1
S296999698,Dark-eyed Junco,Junco hyemalis,33124,5,US-MD,Montgomery,L9055068,Hibiscus court Maryland,39.1187154,-77.2108193,2026-01-30,08:07 AM,eBird - Stationary Count,5,1,,,1
S297204985,Dark-eyed Junco,Junco hyemalis,33124,1,US-MD,Montgomery,L9055068,Hibiscus court Maryland,39.1187154,-77.2108193,2026-01-31,07:54 AM,eBird - Stationary Count,100,1,,,1
S301327375,Dark-eyed Junco,Junco hyemalis,33124,1,US-MD,Montgomery,L9055068,Hibiscus court Maryland,39.1187154,-77.2108193,2026-02-16,08:38 AM,eBird - Stationary Count,35,1,,,1
S303255172,Dark-eyed Junco,Junco hyemalis,33124,3,US-MD,Montgomery,L9055068,Hibiscus court Maryland,39.1187154,-77.2108193,2026-02-23,08:11 AM,eBird - Stationary Count,54,1,,,1,,,That is incredibly snowy and frigid day here.
S307587013,Dark-eyed Junco,Junco hyemalis,33124,1,US-MD,Montgomery,L9055068,Hibiscus court Maryland,39.1187154,-77.2108193,2026-03-09,09:15 AM,eBird - Traveling Count,18,1,.498,,1,,,Gorgeous morning. So many resident birds chirping and building nests.
S309775448,Dark-eyed Junco,Junco hyemalis,33124,4,US-MD,Montgomery,L9055068,Hibiscus court Maryland,39.1187154,-77.2108193,2026-03-16,10:09 AM,eBird - Traveling Count,37,1,.068,,1
S285631806,Dark-eyed Junco,Junco hyemalis,33124,5,US-MD,Montgomery,L22161519,Hughes Hollow - McKee Beshers WMA--sunflower area and eastern fields,39.076893,-77.3812916,2025-11-22,12:53 PM,eBird - Traveling Count,53,1,3.085,,2
S315322313,Dark-eyed Junco,Junco hyemalis,33124,1,US-MD,Montgomery,L2769057,Little Bennett RP--Western Piedmont Trail,39.27653,-77.3071432,2026-03-31,06:10 PM,eBird - Traveling Count,67,1,.97,,1
S212659650,Dark-eyed Junco,Junco hyemalis,33124,8,US-MD,Montgomery,L31569197,"Malcolm King Park (39.121, -77.212)",39.1205865,-77.212024,2025-02-09,02:21 PM,eBird - Traveling Count,39,1,2.06,,1
S282549377,Dark-eyed Junco,Junco hyemalis,33124,2,US-MD,Montgomery,L31569197,"Malcolm King Park (39.121, -77.212)",39.1205865,-77.212024,2025-11-02,10:30 AM,eBird - Traveling Count,24,1,.873,,1
S290182812,Dark-eyed Junco,Junco hyemalis,33124,12,US-MD,Montgomery,L31569197,"Malcolm King Park (39.121, -77.212)",39.1205865,-77.212024,2025-12-25,12:06 PM,eBird - Traveling Count,27,1,1.078,,1
S292410625,Dark-eyed Junco,Junco hyemalis,33124,11,US-MD,Montgomery,L31569197,"Malcolm King Park (39.121, -77.212)",39.1205865,-77.212024,2026-01-04,11:17 AM,eBird - Traveling Count,77,1,1.98,,2
S294532327,Dark-eyed Junco,Junco hyemalis,33124,5,US-MD,Montgomery,L31569197,"Malcolm King Park (39.121, -77.212)",39.1205865,-77.212024,2026-01-16,10:11 AM,eBird - Traveling Count,20,1,.786,,1
S302680251,Dark-eyed Junco,Junco hyemalis,33124,10,US-MD,Montgomery,L31569197,"Malcolm King Park (39.121, -77.212)",39.1205865,-77.212024,2026-02-21,08:56 AM,eBird - Traveling Count,15,1,.76,,1
S306793326,Dark-eyed Junco,Junco hyemalis,33124,6,US-MD,Montgomery,L31569197,"Malcolm King Park (39.121, -77.212)",39.1205865,-77.212024,2026-03-07,09:48 AM,eBird - Traveling Count,17,1,.749,,1,,,"Very humid day. Most of the birds are pretty angry about the two red shoulder hawks flying around, filling a nest near the park bench at the shady Grove Park entrance."
S307216901,Dark-eyed Junco,Junco hyemalis,33124,4,US-MD,Montgomery,L31569197,"Malcolm King Park (39.121, -77.212)",39.1205865,-77.212024,2026-03-08,09:51 AM,eBird - Traveling Count,76,1,1.346,,1,,,70f this morning on the walk. Watched a few crows try to take The nest that one of our pairs of red shouldered Hawks are building. The Hawks were not amused.
S315548994,Dark-eyed Junco,Junco hyemalis,33124,1,US-MD,Montgomery,L31569197,"Malcolm King Park (39.121, -77.212)",39.1205865,-77.212024,2026-04-01,09:42 AM,eBird - Traveling Count,28,1,.749,,1
S296608543,Dark-eyed Junco,Junco hyemalis,33124,X,US-MD,Montgomery,L57724492,"McKee-Beshers Turnoff, Poolesville, Maryland, US (39.085, -77.422)",39.0847532,-77.4220001,2026-01-27,04:31 PM,eBird - Stationary Count,20,1,,,1,,"Many present, maybe two dozen."
S219612076,Dark-eyed Junco,Junco hyemalis,33124,1,US-MD,Montgomery,L11101726,Muddy Branch Park,39.113044,-77.226531,2025-03-20,11:04 AM,eBird - Traveling Count,26,1,.547,,1
S216321009,Dark-eyed Junco,Junco hyemalis,33124,1,US-MD,Montgomery,L453705,Patuxent River SP--Rte. 97 (Montgomery Co.),39.2380827,-77.0571345,2025-03-02,02:47 PM,eBird - Traveling Count,43,1,1.497,,1
S296602619,Dark-eyed Junco,Junco hyemalis,33124,6,US-MD,Montgomery,L53737414,Royce Hanson Conservation Park at Broad Run,39.1324176,-77.4573434,2026-01-27,03:24 PM,eBird - Traveling Count,36,1,2.222,,1
S283561628,Dark-eyed Junco,Junco hyemalis,33124,1,US-MD,Montgomery,L505316,Seneca Creek SP--Clopper Lake,39.142381,-77.252465,2025-11-08,03:09 PM,eBird - Traveling Count,18,1,.151,,1
S288754158,Dark-eyed Junco,Junco hyemalis,33124,12,US-MD,Montgomery,L11401283,Westerly Rd. Pond,39.135653,-77.432952,2025-12-15,04:10 PM,eBird - Traveling Count,10,1,6.318,,1
S221466591,Dark-eyed Junco,Junco hyemalis,33124,2,US-NY,New York,L1007196,Battery Park City--Nelson A. Rockefeller Jr Park,40.7172332,-74.0166778,2025-03-29,06:49 AM,eBird - Traveling Count,37,0,1.99,,1
S310405370,Dark-eyed Junco,Junco hyemalis,33124,3,US-CA,San Francisco,L60484350,"Internet Archive, San Francisco, California, US (37.782, -122.472)",37.782363,-122.4717618,2026-03-18,11:16 AM,eBird - Traveling Count,110,1,1.828,,1
S311102949,Dark-eyed Junco,Junco hyemalis,33124,1,US-CA,San Francisco,L60484350,"Internet Archive, San Francisco, California, US (37.782, -122.472)",37.782363,-122.4717618,2026-03-20,12:42 PM,eBird - Traveling Count,11,1,.193,,1,,,Very hot during the lunch break walk around the internet archive.
S221934041,Dark-eyed Junco,Junco hyemalis,33124,2,US-MD,Washington,L31950817,"3716 Harpers Ferry Road, Sharpsburg, Maryland, US (39.415, -77.737)",39.4153833,-77.7371018,2025-03-30,03:58 PM,eBird - Traveling Count,76,1,.07,,1
S288632117,Dark-eyed Junco,Junco hyemalis,33124,3,US-MD,Washington,L31950817,"3716 Harpers Ferry Road, Sharpsburg, Maryland, US (39.415, -77.737)",39.4153833,-77.7371018,2025-12-14,03:54 PM,eBird - Stationary Count,67,1,,,1
S297574933,Dark-eyed Junco,Junco hyemalis,33124,6,US-MD,Washington,L31950817,"3716 Harpers Ferry Road, Sharpsburg, Maryland, US (39.415, -77.737)",39.4153833,-77.7371018,2026-02-01,02:22 PM,eBird - Traveling Count,134,1,.16,,1
S295956741,Dark-eyed Junco,Junco hyemalis,33124,10,US-MD,Washington,L47901776,"3909 Mills Road, Sharpsburg, Maryland, US (39.42, -77.725)",39.4204997,-77.7254397,2026-01-24,08:31 AM,eBird - Traveling Count,7,1,6.113,,1
S303943677,Dark-eyed Junco,Junco hyemalis,33124,1,US-MD,Washington,L59209237,"Private Yard, Sharpsburg, Maryland, US (39.416, -77.737)",39.4157499,-77.7373156,2026-02-24,03:16 PM,eBird - Traveling Count,210,1,85.948,,1
S306960721,Dark-eyed Junco,Junco hyemalis,33124,2,US-MD,Washington,L59209237,"Private Yard, Sharpsburg, Maryland, US (39.416, -77.737)",39.4157499,-77.7373156,2026-03-07,04:48 PM,eBird - Traveling Count,41,1,.048,,2
S290182812,White-crowned Sparrow,Zonotrichia leucophrys,33187,2,US-MD,Montgomery,L31569197,"Malcolm King Park (39.121, -77.212)",39.1205865,-77.212024,2025-12-25,12:06 PM,eBird - Traveling Count,27,1,1.078,,1,,Slightly larger and more. Distinguished than the white-throated sparrows with a Black eye bar and three-striped white crown. Two of them in with some other sparrows including song sparrows and white throated sparrows at the forests edge near the little retaining pond by Camden.
S310405370,White-crowned Sparrow,Zonotrichia leucophrys,33187,3,US-CA,San Francisco,L60484350,"Internet Archive, San Francisco, California, US (37.782, -122.472)",37.782363,-122.4717618,2026-03-18,11:16 AM,eBird - Traveling Count,110,1,1.828,,1
S311102949,White-crowned Sparrow,Zonotrichia leucophrys,33187,1,US-CA,San Francisco,L60484350,"Internet Archive, San Francisco, California, US (37.782, -122.472)",37.782363,-122.4717618,2026-03-20,12:42 PM,eBird - Traveling Count,11,1,.193,,1,,,Very hot during the lunch break walk around the internet archive.
S250306194,White-throated Sparrow,Zonotrichia albicollis,33201,2,US-MD,Baltimore,L517705,Fort Armistead Park (Baltimore City),39.2094705,-76.5330899,2025-06-14,02:00 PM,eBird - Traveling Count,57,1,.653,,1,,Very distinct sparrow. Making its distinct call.
S173683770,White-throated Sparrow,Zonotrichia albicollis,33201,3,US-DC,District of Columbia,L490336,C&O Canal--Fletcher's Cove (Fletcher's Boathouse),38.9188853,-77.1022224,2017-04-05,01:25 PM,eBird - Traveling Count,75,1,2.414,,3,,,With Paul Charron and Chris Marcum
S217090868,White-throated Sparrow,Zonotrichia albicollis,33201,1,US-DC,District of Columbia,L40002483,Lincoln Memorial,38.8892792,-77.0501876,2025-03-07,12:55 PM,eBird - Traveling Count,206,1,3.058,,1
S292145747,White-throated Sparrow,Zonotrichia albicollis,33201,14,US-VA,Fairfax,L718485,Great Falls Park,38.9937,-77.2553,2026-01-03,10:48 AM,eBird - Traveling Count,75,1,1.28,,1
S292147729,White-throated Sparrow,Zonotrichia albicollis,33201,1,US-VA,Fairfax,L718485,Great Falls Park,38.9937,-77.2553,2026-01-03,12:19 PM,eBird - Traveling Count,8,1,.1,,1
S285631919,White-throated Sparrow,Zonotrichia albicollis,33201,2,US-MD,Frederick,L473415,New Design Road,39.2903356,-77.4676037,2025-11-02,12:56 PM,eBird - Traveling Count,207,1,7.02,,1
S286493297,White-throated Sparrow,Zonotrichia albicollis,33201,1,US-MD,Montgomery,L17792207,"25 Hibiscus Court, Gaithersburg, Maryland, US (39.119, -77.211)",39.1187963,-77.210908,2025-11-26,04:33 PM,eBird - Traveling Count,365,1,.837,,1
S305582448,White-throated Sparrow,Zonotrichia albicollis,33201,1,US-MD,Montgomery,L57047379,"A Fields Road Elementary, Gaithersburg, Maryland, US (39.119, -77.215)",39.1188882,-77.2150482,2026-03-03,08:42 AM,eBird - Traveling Count,29,1,.426,,1
S278435561,White-throated Sparrow,Zonotrichia albicollis,33201,6,US-MD,Montgomery,L285049,Agricultural History Farm Park,39.1610805,-77.1322894,2025-10-10,05:49 PM,eBird - Traveling Count,36,1,1.343,,1
S307433161,White-throated Sparrow,Zonotrichia albicollis,33201,1,US-MD,Montgomery,L1316706,Black Hill Hiker/Biker Trail,39.1941644,-77.2873378,2026-03-08,06:34 PM,eBird - Traveling Count,17,1,.825,,1
S296044910,White-throated Sparrow,Zonotrichia albicollis,33201,1,US-MD,Montgomery,L595310,Black Hill RP--Boat Ramp area,39.2009491,-77.2941077,2026-01-24,02:29 PM,eBird - Traveling Count,35,1,2.7,,1
S281536379,White-throated Sparrow,Zonotrichia albicollis,33201,3,US-MD,Montgomery,L459907,"Black Hill RP--Little Seneca Lake, Rte.121",39.189427,-77.309455,2025-10-26,03:54 PM,eBird - Traveling Count,58,1,1.349,,1
S297767655,White-throated Sparrow,Zonotrichia albicollis,33201,7,US-MD,Montgomery,L230151,Blue Mash Nature Trail,39.1939588,-77.1060175,2026-02-02,04:13 PM,eBird - Traveling Count,24,1,.449,,2
S316508959,White-throated Sparrow,Zonotrichia albicollis,33201,1,US-MD,Montgomery,L230151,Blue Mash Nature Trail,39.1939588,-77.1060175,2026-04-03,05:54 PM,eBird - Traveling Count,70,1,2.147,,1
S216306884,White-throated Sparrow,Zonotrichia albicollis,33201,1,US-MD,Montgomery,L34819685,Brighton Dam Azalea Garden,39.1917702,-77.0070275,2025-03-02,01:06 PM,eBird - Traveling Count,66,0,5.263,,1
S305134693,White-throated Sparrow,Zonotrichia albicollis,33201,3,US-MD,Montgomery,L584300,C&O Canal--Edwards Ferry,39.1030006,-77.4737057,2026-03-01,04:03 PM,eBird - Traveling Count,7,1,.224,,1,,,This app is messed up. We were here for 40 minutes. It's saying 7:00.
S209075439,White-throated Sparrow,Zonotrichia albicollis,33201,5,US-MD,Montgomery,L214293,C&O Canal--Great Falls,38.9994802,-77.2450634,2025-01-12,03:40 PM,eBird - Traveling Count,62,1,.966,,1,,,The app stopped working repeatedly. It only recorded the first 6 minutes of our track. It should have recorded an entire 2/3 of a mile hike out and back to Olmsted Island.
S245692718,White-throated Sparrow,Zonotrichia albicollis,33201,1,US-MD,Montgomery,L515805,C&O Canal--Mouth of the Monocacy (Mont. Co.),39.221687,-77.451432,2025-06-01,05:35 PM,eBird - Traveling Count,35,1,.52,,1,,Single individual near the aqueduct. Was singing its classic song.
S173683785,White-throated Sparrow,Zonotrichia albicollis,33201,1,US-MD,Montgomery,L360157,C&O Canal--Riley's Lock,39.0682467,-77.3431492,2023-11-23,11:24 AM,eBird - Traveling Count,65,1,.668,,2
S173683775,White-throated Sparrow,Zonotrichia albicollis,33201,7,US-MD,Montgomery,L192824,C&O Canal--Violette's Lock,39.066803,-77.32951,2023-11-23,12:55 PM,eBird - Traveling Count,20,1,.547,,2
S214123451,White-throated Sparrow,Zonotrichia albicollis,33201,1,US-MD,Montgomery,L282688,C&O Canal--White's Ferry,39.155215,-77.517221,2025-02-17,02:55 PM,eBird - Traveling Count,9,1,.966,,1
S291020793,White-throated Sparrow,Zonotrichia albicollis,33201,2,US-MD,Montgomery,L33913928,"Camden Retention Pond, Gaithersburg, Maryland, US (39.12, -77.206)",39.1197497,-77.2064087,2025-12-29,11:39 AM,eBird - Traveling Count,9,1,.336,,1
S292971443,White-throated Sparrow,Zonotrichia albicollis,33201,1,US-MD,Montgomery,L33913928,"Camden Retention Pond, Gaithersburg, Maryland, US (39.12, -77.206)",39.1197497,-77.2064087,2026-01-07,12:17 PM,eBird - Traveling Count,22,1,.58,,1
S293934806,White-throated Sparrow,Zonotrichia albicollis,33201,2,US-MD,Montgomery,L33913928,"Camden Retention Pond, Gaithersburg, Maryland, US (39.12, -77.206)",39.1197497,-77.2064087,2026-01-12,05:09 PM,eBird - Traveling Count,17,1,.755,,1
S314269634,White-throated Sparrow,Zonotrichia albicollis,33201,4,US-MD,Montgomery,L33913928,"Camden Retention Pond, Gaithersburg, Maryland, US (39.12, -77.206)",39.1197497,-77.2064087,2026-03-29,07:51 AM,eBird - Traveling Count,19,1,.649,,1,,,Very chilly morning. Some frost on the grass. Lots of bird activity though.
S316385681,White-throated Sparrow,Zonotrichia albicollis,33201,1,US-MD,Montgomery,L33913928,"Camden Retention Pond, Gaithersburg, Maryland, US (39.12, -77.206)",39.1197497,-77.2064087,2026-04-03,01:09 PM,eBird - Traveling Count,39,1,1.061,,1
S223512042,White-throated Sparrow,Zonotrichia albicollis,33201,3,US-MD,Montgomery,L42214720,"Camp Seneca, Maryland, US (39.177, -77.302)",39.1772081,-77.3018305,2025-04-06,02:51 PM,eBird - Traveling Count,57,1,1.207,,1
S230164377,White-throated Sparrow,Zonotrichia albicollis,33201,1,US-MD,Montgomery,L42214720,"Camp Seneca, Maryland, US (39.177, -77.302)",39.1772081,-77.3018305,2025-04-27,01:45 PM,eBird - Traveling Count,50,1,.49,,1
S228011793,White-throated Sparrow,Zonotrichia albicollis,33201,3,US-MD,Montgomery,L3043543,Crabbs Branch Pond,39.122276,-77.1587741,2025-04-21,07:07 PM,eBird - Traveling Count,19,1,.917,,1
S292776205,White-throated Sparrow,Zonotrichia albicollis,33201,3,US-MD,Montgomery,L56914155,"Crown Woods, Gaithersburg, Maryland, US (39.117, -77.211)",39.1166315,-77.2109226,2026-01-06,10:14 AM,eBird - Stationary Count,2,1,,,1
S222948122,White-throated Sparrow,Zonotrichia albicollis,33201,4,US-MD,Montgomery,L42096446,"Dufief Muddy Branch Park, North Potomac, Maryland, US (39.105, -77.236)",39.1045983,-77.2364397,2025-04-04,03:51 PM,eBird - Traveling Count,26,1,.885,,2
S308124285,White-throated Sparrow,Zonotrichia albicollis,33201,8,US-MD,Montgomery,L42096446,"Dufief Muddy Branch Park, North Potomac, Maryland, US (39.105, -77.236)",39.1045983,-77.2364397,2026-03-10,06:10 PM,eBird - Traveling Count,35,1,.668,,1
S315223385,White-throated Sparrow,Zonotrichia albicollis,33201,2,US-MD,Montgomery,L42096446,"Dufief Muddy Branch Park, North Potomac, Maryland, US (39.105, -77.236)",39.1045983,-77.2364397,2026-03-31,01:10 PM,eBird - Traveling Count,41,1,.693,,1
S203971701,White-throated Sparrow,Zonotrichia albicollis,33201,2,US-MD,Montgomery,L9055068,Hibiscus court Maryland,39.1187154,-77.2108193,2024-11-29,12:14 PM,eBird - Casual Observation,,0,,,2
S207069439,White-throated Sparrow,Zonotrichia albicollis,33201,1,US-MD,Montgomery,L9055068,Hibiscus court Maryland,39.1187154,-77.2108193,2024-12-28,01:24 PM,eBird - Stationary Count,133,1,,,1
S212334920,White-throated Sparrow,Zonotrichia albicollis,33201,3,US-MD,Montgomery,L9055068,Hibiscus court Maryland,39.1187154,-77.2108193,2025-02-07,02:23 PM,eBird - Traveling Count,70,1,1.77,,1
S229607559,White-throated Sparrow,Zonotrichia albicollis,33201,1,US-MD,Montgomery,L9055068,Hibiscus court Maryland,39.1187154,-77.2108193,2025-04-26,11:07 AM,eBird - Traveling Count,5,1,.272,,1
S232633334,White-throated Sparrow,Zonotrichia albicollis,33201,1,US-MD,Montgomery,L9055068,Hibiscus court Maryland,39.1187154,-77.2108193,2025-05-03,03:08 PM,eBird - Traveling Count,10,1,.354,,1
S295783274,White-throated Sparrow,Zonotrichia albicollis,33201,1,US-MD,Montgomery,L9055068,Hibiscus court Maryland,39.1187154,-77.2108193,2026-01-23,08:43 AM,eBird - Traveling Count,10,1,.476,,1
S296204796,White-throated Sparrow,Zonotrichia albicollis,33201,1,US-MD,Montgomery,L9055068,Hibiscus court Maryland,39.1187154,-77.2108193,2026-01-25,08:51 AM,eBird - Stationary Count,91,1,,,1
S296397089,White-throated Sparrow,Zonotrichia albicollis,33201,1,US-MD,Montgomery,L9055068,Hibiscus court Maryland,39.1187154,-77.2108193,2026-01-26,07:26 AM,eBird - Stationary Count,68,1,,,1
S297204985,White-throated Sparrow,Zonotrichia albicollis,33201,1,US-MD,Montgomery,L9055068,Hibiscus court Maryland,39.1187154,-77.2108193,2026-01-31,07:54 AM,eBird - Stationary Count,100,1,,,1
S297843285,White-throated Sparrow,Zonotrichia albicollis,33201,1,US-MD,Montgomery,L9055068,Hibiscus court Maryland,39.1187154,-77.2108193,2026-02-03,07:52 AM,eBird - Stationary Count,25,1,,,1
S299961545,White-throated Sparrow,Zonotrichia albicollis,33201,1,US-MD,Montgomery,L9055068,Hibiscus court Maryland,39.1187154,-77.2108193,2026-02-13,08:44 AM,eBird - Traveling Count,9,1,.24,,1
S301327375,White-throated Sparrow,Zonotrichia albicollis,33201,1,US-MD,Montgomery,L9055068,Hibiscus court Maryland,39.1187154,-77.2108193,2026-02-16,08:38 AM,eBird - Stationary Count,35,1,,,1
S301950574,White-throated Sparrow,Zonotrichia albicollis,33201,1,US-MD,Montgomery,L9055068,Hibiscus court Maryland,39.1187154,-77.2108193,2026-02-18,07:24 AM,eBird - Traveling Count,94,1,.445,,1
S307587013,White-throated Sparrow,Zonotrichia albicollis,33201,2,US-MD,Montgomery,L9055068,Hibiscus court Maryland,39.1187154,-77.2108193,2026-03-09,09:15 AM,eBird - Traveling Count,18,1,.498,,1,,,Gorgeous morning. So many resident birds chirping and building nests.
S316020343,White-throated Sparrow,Zonotrichia albicollis,33201,1,US-MD,Montgomery,L9055068,Hibiscus court Maryland,39.1187154,-77.2108193,2026-04-02,02:22 PM,eBird - Stationary Count,104,1,,,1,,,It is a very cold day and the birds aren't very active outside my window.
S316727021,White-throated Sparrow,Zonotrichia albicollis,33201,1,US-MD,Montgomery,L9055068,Hibiscus court Maryland,39.1187154,-77.2108193,2026-04-04,08:41 AM,eBird - Traveling Count,15,1,.656,,1,,,Nice warm morning. Lots of bird activity and a gentle warm rain.
S317291213,White-throated Sparrow,Zonotrichia albicollis,33201,1,US-MD,Montgomery,L9055068,Hibiscus court Maryland,39.1187154,-77.2108193,2026-04-05,09:26 AM,eBird - Traveling Count,19,1,.322,,2,,,Stormy morning
S230178063,White-throated Sparrow,Zonotrichia albicollis,33201,1,US-MD,Montgomery,L1404741,Hoyles Mill Conservation Park,39.1771462,-77.319694,2025-04-27,02:46 PM,eBird - Traveling Count,20,1,.418,,1
S227622469,White-throated Sparrow,Zonotrichia albicollis,33201,2,US-MD,Montgomery,L126620,Hughes Hollow - McKee Beshers WMA,39.0803767,-77.4035096,2025-04-20,05:15 PM,eBird - Traveling Count,87,1,2.301,,1
S307723981,White-throated Sparrow,Zonotrichia albicollis,33201,5,US-MD,Montgomery,L126620,Hughes Hollow - McKee Beshers WMA,39.0803767,-77.4035096,2026-03-09,01:41 PM,eBird - Traveling Count,104,1,6.038,,1
S314489044,White-throated Sparrow,Zonotrichia albicollis,33201,1,US-MD,Montgomery,L126620,Hughes Hollow - McKee Beshers WMA,39.0803767,-77.4035096,2026-03-29,02:54 PM,eBird - Traveling Count,36,1,2.047,,2
S315703473,White-throated Sparrow,Zonotrichia albicollis,33201,2,US-MD,Montgomery,L126620,Hughes Hollow - McKee Beshers WMA,39.0803767,-77.4035096,2026-04-01,05:00 PM,eBird - Traveling Count,58,1,.544,,1,,,This was an absolutely stunning evening. Lots of birds. Couple of unexpected visitors like the blue winged teal and a nice show from the red-headed woodpeckers.
S230262565,White-throated Sparrow,Zonotrichia albicollis,33201,3,US-MD,Montgomery,L22161519,Hughes Hollow - McKee Beshers WMA--sunflower area and eastern fields,39.076893,-77.3812916,2025-04-27,03:44 PM,eBird - Traveling Count,78,1,3.75,,3
S285631806,White-throated Sparrow,Zonotrichia albicollis,33201,4,US-MD,Montgomery,L22161519,Hughes Hollow - McKee Beshers WMA--sunflower area and eastern fields,39.076893,-77.3812916,2025-11-22,12:53 PM,eBird - Traveling Count,53,1,3.085,,2
S298417359,White-throated Sparrow,Zonotrichia albicollis,33201,1,US-MD,Montgomery,L53412458,"Little Bennett Park Day Use Area, Clarksburg, Maryland, US (39.26, -77.302)",39.2601836,-77.3018111,2026-02-01,07:35 AM,eBird - Traveling Count,313,1,42.301,,1
S290043654,White-throated Sparrow,Zonotrichia albicollis,33201,3,US-MD,Montgomery,L2769057,Little Bennett RP--Western Piedmont Trail,39.27653,-77.3071432,2025-12-24,03:04 PM,eBird - Traveling Count,57,1,1.525,,2
S315322313,White-throated Sparrow,Zonotrichia albicollis,33201,4,US-MD,Montgomery,L2769057,Little Bennett RP--Western Piedmont Trail,39.27653,-77.3071432,2026-03-31,06:10 PM,eBird - Traveling Count,67,1,.97,,1
S212659650,White-throated Sparrow,Zonotrichia albicollis,33201,2,US-MD,Montgomery,L31569197,"Malcolm King Park (39.121, -77.212)",39.1205865,-77.212024,2025-02-09,02:21 PM,eBird - Traveling Count,39,1,2.06,,1
S225232220,White-throated Sparrow,Zonotrichia albicollis,33201,1,US-MD,Montgomery,L31569197,"Malcolm King Park (39.121, -77.212)",39.1205865,-77.212024,2025-04-13,10:38 AM,eBird - Traveling Count,35,1,.805,,2
S282549377,White-throated Sparrow,Zonotrichia albicollis,33201,1,US-MD,Montgomery,L31569197,"Malcolm King Park (39.121, -77.212)",39.1205865,-77.212024,2025-11-02,10:30 AM,eBird - Traveling Count,24,1,.873,,1
S290182812,White-throated Sparrow,Zonotrichia albicollis,33201,3,US-MD,Montgomery,L31569197,"Malcolm King Park (39.121, -77.212)",39.1205865,-77.212024,2025-12-25,12:06 PM,eBird - Traveling Count,27,1,1.078,,1
S290882842,White-throated Sparrow,Zonotrichia albicollis,33201,6,US-MD,Montgomery,L31569197,"Malcolm King Park (39.121, -77.212)",39.1205865,-77.212024,2025-12-28,05:02 PM,eBird - Traveling Count,13,1,.706,,1
S292410625,White-throated Sparrow,Zonotrichia albicollis,33201,1,US-MD,Montgomery,L31569197,"Malcolm King Park (39.121, -77.212)",39.1205865,-77.212024,2026-01-04,11:17 AM,eBird - Traveling Count,77,1,1.98,,2
S302680251,White-throated Sparrow,Zonotrichia albicollis,33201,1,US-MD,Montgomery,L31569197,"Malcolm King Park (39.121, -77.212)",39.1205865,-77.212024,2026-02-21,08:56 AM,eBird - Traveling Count,15,1,.76,,1
S306793326,White-throated Sparrow,Zonotrichia albicollis,33201,1,US-MD,Montgomery,L31569197,"Malcolm King Park (39.121, -77.212)",39.1205865,-77.212024,2026-03-07,09:48 AM,eBird - Traveling Count,17,1,.749,,1,,,"Very humid day. Most of the birds are pretty angry about the two red shoulder hawks flying around, filling a nest near the park bench at the shady Grove Park entrance."
S315548994,White-throated Sparrow,Zonotrichia albicollis,33201,2,US-MD,Montgomery,L31569197,"Malcolm King Park (39.121, -77.212)",39.1205865,-77.212024,2026-04-01,09:42 AM,eBird - Traveling Count,28,1,.749,,1
S296608543,White-throated Sparrow,Zonotrichia albicollis,33201,8,US-MD,Montgomery,L57724492,"McKee-Beshers Turnoff, Poolesville, Maryland, US (39.085, -77.422)",39.0847532,-77.4220001,2026-01-27,04:31 PM,eBird - Stationary Count,20,1,,,1
S231384757,White-throated Sparrow,Zonotrichia albicollis,33201,2,US-MD,Montgomery,L8617665,Muddy Branch Greenway Trail--Pennyfield entrance,39.0579926,-77.2935924,2025-04-30,07:19 PM,eBird - Traveling Count,35,1,2.865,,1
S219612076,White-throated Sparrow,Zonotrichia albicollis,33201,5,US-MD,Montgomery,L11101726,Muddy Branch Park,39.113044,-77.226531,2025-03-20,11:04 AM,eBird - Traveling Count,26,1,.547,,1
S216321009,White-throated Sparrow,Zonotrichia albicollis,33201,2,US-MD,Montgomery,L453705,Patuxent River SP--Rte. 97 (Montgomery Co.),39.2380827,-77.0571345,2025-03-02,02:47 PM,eBird - Traveling Count,43,1,1.497,,1
S296602619,White-throated Sparrow,Zonotrichia albicollis,33201,11,US-MD,Montgomery,L53737414,Royce Hanson Conservation Park at Broad Run,39.1324176,-77.4573434,2026-01-27,03:24 PM,eBird - Traveling Count,36,1,2.222,,1
S203796738,White-throated Sparrow,Zonotrichia albicollis,33201,4,US-MD,Montgomery,L2055457,Sycamore Landing Rd. fields,39.0839717,-77.4146461,2024-11-27,02:08 PM,eBird - Traveling Count,89,1,4.361,,2
S227641632,White-throated Sparrow,Zonotrichia albicollis,33201,4,US-MD,Montgomery,L2055457,Sycamore Landing Rd. fields,39.0839717,-77.4146461,2025-04-20,06:54 PM,eBird - Traveling Count,41,1,2.494,,1
S314372032,White-throated Sparrow,Zonotrichia albicollis,33201,2,US-MD,Montgomery,L48823610,Washington Grove Conservation Park,39.136651,-77.171927,2026-03-29,10:35 AM,eBird - Traveling Count,47,1,1.727,,1
S279738820,White-throated Sparrow,Zonotrichia albicollis,33201,1,US-MD,Montgomery,L54114773,"Washington Woods Park, Gaithersburg, Maryland, US (39.113, -77.224)",39.11282,-77.2236712,2025-10-16,01:21 PM,eBird - Traveling Count,34,1,.56,,1
S221466591,White-throated Sparrow,Zonotrichia albicollis,33201,2,US-NY,New York,L1007196,Battery Park City--Nelson A. Rockefeller Jr Park,40.7172332,-74.0166778,2025-03-29,06:49 AM,eBird - Traveling Count,37,0,1.99,,1
S175564443,White-throated Sparrow,Zonotrichia albicollis,33201,2,US-MD,Washington,L31950817,"3716 Harpers Ferry Road, Sharpsburg, Maryland, US (39.415, -77.737)",39.4153833,-77.7371018,2024-05-19,07:57 AM,eBird - Stationary Count,90,1,,,1
S294752709,White-throated Sparrow,Zonotrichia albicollis,33201,1,US-MD,Washington,L57331192,"John Brown Farm, Sharpsburg, Maryland, US (39.371, -77.722)",39.3708534,-77.7217407,2026-01-17,01:30 PM,eBird - Traveling Count,23,1,1.456,,2
S278707186,White-throated Sparrow,Zonotrichia albicollis,33201,1,US-MD,Washington,L456008,Weverton,39.327924,-77.6820087,2025-10-11,04:10 PM,eBird - Stationary Count,8,1,,,1
S298683570,Savannah Sparrow,Passerculus sandwichensis,33244,2,US-FL,Charlotte,L21750506,"Live Oak Blvd, Prairie Creek Preserve entrance road",27.005263,-81.929974,2026-02-07,09:07 AM,eBird - Traveling Count,83,1,4.837,,2
S190756985,Savannah Sparrow,Passerculus sandwichensis,33244,X,US-OR,Clatsop,L2977912,Seaside (town),45.9930925,-123.9230647,2024-08-05,10:58 PM,eBird - Stationary Count,90,0,,,1
S195126034,Savannah Sparrow,Passerculus sandwichensis,33244,2,US-UT,Davis,L190743,Antelope Island SP,41.0465405,-112.2383881,2024-09-14,09:32 AM,eBird - Traveling Count,359,0,80.129,,1
S296602619,Savannah Sparrow,Passerculus sandwichensis,33244,1,US-MD,Montgomery,L53737414,Royce Hanson Conservation Park at Broad Run,39.1324176,-77.4573434,2026-01-27,03:24 PM,eBird - Traveling Count,36,1,2.222,,1
S280851263,Savannah Sparrow,Passerculus sandwichensis,33244,4,US-CA,San Diego,L6351012,Batiquitos Lagoon--Cholla Point,33.0935914,-117.2709236,2025-10-22,01:59 PM,eBird - Traveling Count,34,1,1.082,,1
S192498772,Savannah Sparrow (Belding's),Passerculus sandwichensis [guttatus Group],33260,1,US-CA,Orange,L1165694,Bolsa Chica--walkbridge/inner bay,33.6965128,-118.0451372,2011-06-03,,Historical,,0,,,4
S173683759,Song Sparrow,Melospiza melodia,33277,1,US-DC,District of Columbia,L5658941,TJM a District of Columbia,38.8818381,-77.0346951,2017-04-05,10:30 AM,eBird - Traveling Count,60,1,1.609,,3,,,With Paul Charron And Chris Marcum
S187599424,Song Sparrow,Melospiza melodia,33277,1,US-DC,District of Columbia,L1013541,The White House,38.8975294,-77.0364976,2024-07-18,06:29 PM,eBird - Traveling Count,10,1,.29,,1
S250749828,Song Sparrow,Melospiza melodia,33277,1,US-MD,Frederick,L2756806,Monocacy National Battlefield--Gambrill Mill Trail,39.3688266,-77.3877865,2025-06-15,01:10 PM,eBird - Traveling Count,80,1,1.175,,1
S256585579,Song Sparrow,Melospiza melodia,33277,2,US-MD,Frederick,L12242883,Othello Regional Park,39.346886,-77.601207,2025-07-03,03:50 PM,eBird - Traveling Count,18,1,1.195,,1
S304364531,Song Sparrow,Melospiza melodia,33277,1,US-MD,Montgomery,L57047379,"A Fields Road Elementary, Gaithersburg, Maryland, US (39.119, -77.215)",39.1188882,-77.2150482,2026-02-27,08:46 AM,eBird - Traveling Count,19,1,.435,,1
S245500420,Song Sparrow,Melospiza melodia,33277,1,US-MD,Montgomery,L285049,Agricultural History Farm Park,39.1610805,-77.1322894,2025-06-01,10:11 AM,eBird - Traveling Count,66,1,3.46,,1
S296044910,Song Sparrow,Melospiza melodia,33277,1,US-MD,Montgomery,L595310,Black Hill RP--Boat Ramp area,39.2009491,-77.2941077,2026-01-24,02:29 PM,eBird - Traveling Count,35,1,2.7,,1
S233083528,Song Sparrow,Melospiza melodia,33277,1,US-MD,Montgomery,L196528,Black Hill Regional Park,39.192365,-77.295757,2025-05-04,12:18 PM,eBird - Traveling Count,64,1,3.541,,1
S274969283,Song Sparrow,Melospiza melodia,33277,2,US-MD,Montgomery,L230151,Blue Mash Nature Trail,39.1939588,-77.1060175,2025-09-22,06:06 PM,eBird - Traveling Count,57,1,2.145,,1
S316508959,Song Sparrow,Melospiza melodia,33277,7,US-MD,Montgomery,L230151,Blue Mash Nature Trail,39.1939588,-77.1060175,2026-04-03,05:54 PM,eBird - Traveling Count,70,1,2.147,,1
S182634611,Song Sparrow,Melospiza melodia,33277,1,US-MD,Montgomery,L7383392,Bohrer Park,39.1329353,-77.1933532,2024-06-20,08:42 AM,eBird - Traveling Count,28,1,1.094,,1
S186447746,Song Sparrow,Melospiza melodia,33277,4,US-MD,Montgomery,L7383392,Bohrer Park,39.1329353,-77.1933532,2024-07-11,08:29 AM,eBird - Traveling Count,12,0,.467,,1,,,Quite a few birds flying around at the top of trees. I couldn't identify cuz I didn't have binocs
S289393221,Song Sparrow,Melospiza melodia,33277,1,US-MD,Montgomery,L515805,C&O Canal--Mouth of the Monocacy (Mont. Co.),39.221687,-77.451432,2025-12-20,01:56 PM,eBird - Traveling Count,93,1,3.015,,1
S173683785,Song Sparrow,Melospiza melodia,33277,1,US-MD,Montgomery,L360157,C&O Canal--Riley's Lock,39.0682467,-77.3431492,2023-11-23,11:24 AM,eBird - Traveling Count,65,1,.668,,2
S173683775,Song Sparrow,Melospiza melodia,33277,4,US-MD,Montgomery,L192824,C&O Canal--Violette's Lock,39.066803,-77.32951,2023-11-23,12:55 PM,eBird - Traveling Count,20,1,.547,,2
S217581672,Song Sparrow,Melospiza melodia,33277,2,US-MD,Montgomery,L192824,C&O Canal--Violette's Lock,39.066803,-77.32951,2025-03-09,05:06 PM,eBird - Traveling Count,77,1,.493,,1
S183770250,Song Sparrow,Melospiza melodia,33277,1,US-MD,Montgomery,L33913928,"Camden Retention Pond, Gaithersburg, Maryland, US (39.12, -77.206)",39.1197497,-77.2064087,2024-06-25,07:46 PM,eBird - Stationary Count,24,1,,,1
S185956082,Song Sparrow,Melospiza melodia,33277,1,US-MD,Montgomery,L33913928,"Camden Retention Pond, Gaithersburg, Maryland, US (39.12, -77.206)",39.1197497,-77.2064087,2024-07-07,08:37 PM,eBird - Traveling Count,29,1,.418,,1
S186245651,Song Sparrow,Melospiza melodia,33277,1,US-MD,Montgomery,L33913928,"Camden Retention Pond, Gaithersburg, Maryland, US (39.12, -77.206)",39.1197497,-77.2064087,2024-07-08,06:37 PM,eBird - Traveling Count,59,1,1.078,,1
S215914147,Song Sparrow,Melospiza melodia,33277,2,US-MD,Montgomery,L33913928,"Camden Retention Pond, Gaithersburg, Maryland, US (39.12, -77.206)",39.1197497,-77.2064087,2025-02-28,05:47 PM,eBird - Stationary Count,5,1,,,1
S231014378,Song Sparrow,Melospiza melodia,33277,1,US-MD,Montgomery,L33913928,"Camden Retention Pond, Gaithersburg, Maryland, US (39.12, -77.206)",39.1197497,-77.2064087,2025-04-29,07:54 PM,eBird - Traveling Count,7,1,.082,,1
S232647749,Song Sparrow,Melospiza melodia,33277,1,US-MD,Montgomery,L33913928,"Camden Retention Pond, Gaithersburg, Maryland, US (39.12, -77.206)",39.1197497,-77.2064087,2025-05-03,03:19 PM,eBird - Traveling Count,32,1,1.03,,1
S233512387,Song Sparrow,Melospiza melodia,33277,1,US-MD,Montgomery,L33913928,"Camden Retention Pond, Gaithersburg, Maryland, US (39.12, -77.206)",39.1197497,-77.2064087,2025-05-05,01:14 PM,eBird - Traveling Count,7,1,.563,,1
S240410804,Song Sparrow,Melospiza melodia,33277,1,US-MD,Montgomery,L33913928,"Camden Retention Pond, Gaithersburg, Maryland, US (39.12, -77.206)",39.1197497,-77.2064087,2025-05-19,08:13 PM,eBird - Stationary Count,4,1,,,1
S292971443,Song Sparrow,Melospiza melodia,33277,2,US-MD,Montgomery,L33913928,"Camden Retention Pond, Gaithersburg, Maryland, US (39.12, -77.206)",39.1197497,-77.2064087,2026-01-07,12:17 PM,eBird - Traveling Count,22,1,.58,,1
S293934806,Song Sparrow,Melospiza melodia,33277,1,US-MD,Montgomery,L33913928,"Camden Retention Pond, Gaithersburg, Maryland, US (39.12, -77.206)",39.1197497,-77.2064087,2026-01-12,05:09 PM,eBird - Traveling Count,17,1,.755,,1
S294242612,Song Sparrow,Melospiza melodia,33277,2,US-MD,Montgomery,L33913928,"Camden Retention Pond, Gaithersburg, Maryland, US (39.12, -77.206)",39.1197497,-77.2064087,2026-01-14,03:41 PM,eBird - Traveling Count,18,1,.518,,1
S314269634,Song Sparrow,Melospiza melodia,33277,4,US-MD,Montgomery,L33913928,"Camden Retention Pond, Gaithersburg, Maryland, US (39.12, -77.206)",39.1197497,-77.2064087,2026-03-29,07:51 AM,eBird - Traveling Count,19,1,.649,,1,,,Very chilly morning. Some frost on the grass. Lots of bird activity though.
S203971701,Song Sparrow,Melospiza melodia,33277,1,US-MD,Montgomery,L9055068,Hibiscus court Maryland,39.1187154,-77.2108193,2024-11-29,12:14 PM,eBird - Casual Observation,,0,,,2
S213498174,Song Sparrow,Melospiza melodia,33277,1,US-MD,Montgomery,L9055068,Hibiscus court Maryland,39.1187154,-77.2108193,2025-02-15,10:57 AM,eBird - Stationary Count,38,1,,,1
S239960481,Song Sparrow,Melospiza melodia,33277,1,US-MD,Montgomery,L9055068,Hibiscus court Maryland,39.1187154,-77.2108193,2025-05-11,08:19 PM,eBird - Traveling Count,25,1,1.492,,1
S245892700,Song Sparrow,Melospiza melodia,33277,1,US-MD,Montgomery,L9055068,Hibiscus court Maryland,39.1187154,-77.2108193,2025-06-02,09:09 AM,eBird - Traveling Count,9,1,.177,,1
S253652061,Song Sparrow,Melospiza melodia,33277,1,US-MD,Montgomery,L9055068,Hibiscus court Maryland,39.1187154,-77.2108193,2025-06-24,07:41 AM,eBird - Traveling Count,13,1,.508,,1
S295476283,Song Sparrow,Melospiza melodia,33277,1,US-MD,Montgomery,L9055068,Hibiscus court Maryland,39.1187154,-77.2108193,2026-01-21,07:53 AM,eBird - Stationary Count,33,1,,,1
S297843285,Song Sparrow,Melospiza melodia,33277,1,US-MD,Montgomery,L9055068,Hibiscus court Maryland,39.1187154,-77.2108193,2026-02-03,07:52 AM,eBird - Stationary Count,25,1,,,1
S299526270,Song Sparrow,Melospiza melodia,33277,1,US-MD,Montgomery,L9055068,Hibiscus court Maryland,39.1187154,-77.2108193,2026-02-11,08:47 AM,eBird - Traveling Count,21,1,.585,,1
S299961545,Song Sparrow,Melospiza melodia,33277,1,US-MD,Montgomery,L9055068,Hibiscus court Maryland,39.1187154,-77.2108193,2026-02-13,08:44 AM,eBird - Traveling Count,9,1,.24,,1
S301327375,Song Sparrow,Melospiza melodia,33277,1,US-MD,Montgomery,L9055068,Hibiscus court Maryland,39.1187154,-77.2108193,2026-02-16,08:38 AM,eBird - Stationary Count,35,1,,,1
S309775448,Song Sparrow,Melospiza melodia,33277,1,US-MD,Montgomery,L9055068,Hibiscus court Maryland,39.1187154,-77.2108193,2026-03-16,10:09 AM,eBird - Traveling Count,37,1,.068,,1
S316020343,Song Sparrow,Melospiza melodia,33277,1,US-MD,Montgomery,L9055068,Hibiscus court Maryland,39.1187154,-77.2108193,2026-04-02,02:22 PM,eBird - Stationary Count,104,1,,,1,,,It is a very cold day and the birds aren't very active outside my window.
S253053193,Song Sparrow,Melospiza melodia,33277,1,US-MD,Montgomery,L126620,Hughes Hollow - McKee Beshers WMA,39.0803767,-77.4035096,2025-06-22,06:50 AM,eBird - Traveling Count,99,1,1.237,,1
S230262565,Song Sparrow,Melospiza melodia,33277,1,US-MD,Montgomery,L22161519,Hughes Hollow - McKee Beshers WMA--sunflower area and eastern fields,39.076893,-77.3812916,2025-04-27,03:44 PM,eBird - Traveling Count,78,1,3.75,,3
S186245620,Song Sparrow,Melospiza melodia,33277,1,US-MD,Montgomery,L32216879,"Kaiser Permanente, Gaithersburg, Maryland, US (39.156, -77.222)",39.1558353,-77.2220648,2024-07-09,05:42 PM,eBird - Traveling Count,13,0,.274,,1,,,I think I saw a yellow billed cuckoo but only from the back and it flew off before I could catch up.
S177901809,Song Sparrow,Melospiza melodia,33277,1,US-MD,Montgomery,L32512991,"Lake Halcyon, Gaithersburg, Maryland, US (39.12, -77.219)",39.120175,-77.2190739,2024-05-28,07:44 PM,eBird - Traveling Count,60,1,2.044,,1
S232693931,Song Sparrow,Melospiza melodia,33277,1,US-MD,Montgomery,L44046276,"Lake Varuna, Gaithersburg, Maryland, US (39.119, -77.228)",39.1190779,-77.227522,2025-05-03,05:46 PM,eBird - Stationary Count,3,1,,,1
S240002346,Song Sparrow,Melospiza melodia,33277,2,US-MD,Montgomery,L2769057,Little Bennett RP--Western Piedmont Trail,39.27653,-77.3071432,2025-05-18,06:20 PM,eBird - Traveling Count,44,1,1.223,,1
S290043654,Song Sparrow,Melospiza melodia,33277,1,US-MD,Montgomery,L2769057,Little Bennett RP--Western Piedmont Trail,39.27653,-77.3071432,2025-12-24,03:04 PM,eBird - Traveling Count,57,1,1.525,,2
S174220089,Song Sparrow,Melospiza melodia,33277,X,US-MD,Montgomery,L31569197,"Malcolm King Park (39.121, -77.212)",39.1205865,-77.212024,2024-05-13,08:59 AM,eBird - Traveling Count,13,1,.803,,1,,,Another day another Cardinal LOL.
S174427926,Song Sparrow,Melospiza melodia,33277,X,US-MD,Montgomery,L31569197,"Malcolm King Park (39.121, -77.212)",39.1205865,-77.212024,2024-05-14,07:33 AM,eBird - Traveling Count,16,1,.805,,1
S212659650,Song Sparrow,Melospiza melodia,33277,2,US-MD,Montgomery,L31569197,"Malcolm King Park (39.121, -77.212)",39.1205865,-77.212024,2025-02-09,02:21 PM,eBird - Traveling Count,39,1,2.06,,1
S249019190,Song Sparrow,Melospiza melodia,33277,1,US-MD,Montgomery,L31569197,"Malcolm King Park (39.121, -77.212)",39.1205865,-77.212024,2025-06-10,07:24 PM,eBird - Traveling Count,34,1,1.754,,1
S250837526,Song Sparrow,Melospiza melodia,33277,1,US-MD,Montgomery,L31569197,"Malcolm King Park (39.121, -77.212)",39.1205865,-77.212024,2025-06-15,05:46 PM,eBird - Traveling Count,36,1,2.063,,1
S252450226,Song Sparrow,Melospiza melodia,33277,2,US-MD,Montgomery,L31569197,"Malcolm King Park (39.121, -77.212)",39.1205865,-77.212024,2025-06-19,07:07 PM,eBird - Traveling Count,39,1,1.35,,1
S290182812,Song Sparrow,Melospiza melodia,33277,2,US-MD,Montgomery,L31569197,"Malcolm King Park (39.121, -77.212)",39.1205865,-77.212024,2025-12-25,12:06 PM,eBird - Traveling Count,27,1,1.078,,1
S290882842,Song Sparrow,Melospiza melodia,33277,1,US-MD,Montgomery,L31569197,"Malcolm King Park (39.121, -77.212)",39.1205865,-77.212024,2025-12-28,05:02 PM,eBird - Traveling Count,13,1,.706,,1
S292410625,Song Sparrow,Melospiza melodia,33277,1,US-MD,Montgomery,L31569197,"Malcolm King Park (39.121, -77.212)",39.1205865,-77.212024,2026-01-04,11:17 AM,eBird - Traveling Count,77,1,1.98,,2
S302680251,Song Sparrow,Melospiza melodia,33277,3,US-MD,Montgomery,L31569197,"Malcolm King Park (39.121, -77.212)",39.1205865,-77.212024,2026-02-21,08:56 AM,eBird - Traveling Count,15,1,.76,,1
S306793326,Song Sparrow,Melospiza melodia,33277,1,US-MD,Montgomery,L31569197,"Malcolm King Park (39.121, -77.212)",39.1205865,-77.212024,2026-03-07,09:48 AM,eBird - Traveling Count,17,1,.749,,1,,,"Very humid day. Most of the birds are pretty angry about the two red shoulder hawks flying around, filling a nest near the park bench at the shady Grove Park entrance."
S307216901,Song Sparrow,Melospiza melodia,33277,3,US-MD,Montgomery,L31569197,"Malcolm King Park (39.121, -77.212)",39.1205865,-77.212024,2026-03-08,09:51 AM,eBird - Traveling Count,76,1,1.346,,1,,,70f this morning on the walk. Watched a few crows try to take The nest that one of our pairs of red shouldered Hawks are building. The Hawks were not amused.
S296602619,Song Sparrow,Melospiza melodia,33277,4,US-MD,Montgomery,L53737414,Royce Hanson Conservation Park at Broad Run,39.1324176,-77.4573434,2026-01-27,03:24 PM,eBird - Traveling Count,36,1,2.222,,1
S305118682,Song Sparrow,Melospiza melodia,33277,1,US-MD,Montgomery,L53737414,Royce Hanson Conservation Park at Broad Run,39.1324176,-77.4573434,2026-03-01,03:06 PM,eBird - Traveling Count,44,1,1.343,,2
S177875501,Song Sparrow,Melospiza melodia,33277,1,US-MD,Montgomery,L32507644,"Shady Grove Metro Station, Rockville, Maryland, US (39.121, -77.163)",39.1212152,-77.1634004,2024-05-28,05:41 PM,eBird - Traveling Count,8,1,.12,,1
S203796738,Song Sparrow,Melospiza melodia,33277,1,US-MD,Montgomery,L2055457,Sycamore Landing Rd. fields,39.0839717,-77.4146461,2024-11-27,02:08 PM,eBird - Traveling Count,89,1,4.361,,2
S221466591,Song Sparrow,Melospiza melodia,33277,2,US-NY,New York,L1007196,Battery Park City--Nelson A. Rockefeller Jr Park,40.7172332,-74.0166778,2025-03-29,06:49 AM,eBird - Traveling Count,37,0,1.99,,1
S177579473,Song Sparrow,Melospiza melodia,33277,1,US-MD,Prince George's,L305078,Patuxent Research Refuge--South Tract (National Wildlife Visitor Center),39.0270605,-76.7991731,2024-05-27,09:22 AM,eBird - Traveling Count,131,0,8.433,,2
S280851263,Song Sparrow,Melospiza melodia,33277,1,US-CA,San Diego,L6351012,Batiquitos Lagoon--Cholla Point,33.0935914,-117.2709236,2025-10-22,01:59 PM,eBird - Traveling Count,34,1,1.082,,1
S175383303,Song Sparrow,Melospiza melodia,33277,X,US-MD,Washington,L31950817,"3716 Harpers Ferry Road, Sharpsburg, Maryland, US (39.415, -77.737)",39.4153833,-77.7371018,2024-05-18,01:58 PM,eBird - Stationary Count,2,1,,,1
S221934041,Song Sparrow,Melospiza melodia,33277,1,US-MD,Washington,L31950817,"3716 Harpers Ferry Road, Sharpsburg, Maryland, US (39.415, -77.737)",39.4153833,-77.7371018,2025-03-30,03:58 PM,eBird - Traveling Count,76,1,.07,,1
S252687295,Song Sparrow,Melospiza melodia,33277,1,US-MD,Washington,L31950817,"3716 Harpers Ferry Road, Sharpsburg, Maryland, US (39.415, -77.737)",39.4153833,-77.7371018,2025-06-21,08:44 AM,eBird - Stationary Count,31,1,,,1
S297574933,Song Sparrow,Melospiza melodia,33277,1,US-MD,Washington,L31950817,"3716 Harpers Ferry Road, Sharpsburg, Maryland, US (39.415, -77.737)",39.4153833,-77.7371018,2026-02-01,02:22 PM,eBird - Traveling Count,134,1,.16,,1
S173113419,Song Sparrow,Melospiza melodia,33277,1,US-MD,Washington,L4053312,Devil's Backbone County Park,39.538741,-77.7100086,2024-05-08,01:00 PM,eBird - Traveling Count,120,1,8.047,,2
S294752709,Song Sparrow,Melospiza melodia,33277,1,US-MD,Washington,L57331192,"John Brown Farm, Sharpsburg, Maryland, US (39.371, -77.722)",39.3708534,-77.7217407,2026-01-17,01:30 PM,eBird - Traveling Count,23,1,1.456,,2
S303943677,Song Sparrow,Melospiza melodia,33277,1,US-MD,Washington,L59209237,"Private Yard, Sharpsburg, Maryland, US (39.416, -77.737)",39.4157499,-77.7373156,2026-02-24,03:16 PM,eBird - Traveling Count,210,1,85.948,,1
S316508959,Swamp Sparrow,Melospiza georgiana,33315,1,US-MD,Montgomery,L230151,Blue Mash Nature Trail,39.1939588,-77.1060175,2026-04-03,05:54 PM,eBird - Traveling Count,70,1,2.147,,1
S173683775,Swamp Sparrow,Melospiza georgiana,33315,1,US-MD,Montgomery,L192824,C&O Canal--Violette's Lock,39.066803,-77.32951,2023-11-23,12:55 PM,eBird - Traveling Count,20,1,.547,,2
S217581672,Swamp Sparrow,Melospiza georgiana,33315,1,US-MD,Montgomery,L192824,C&O Canal--Violette's Lock,39.066803,-77.32951,2025-03-09,05:06 PM,eBird - Traveling Count,77,1,.493,,1
S291774633,Swamp Sparrow,Melospiza georgiana,33315,1,US-MD,Montgomery,L192824,C&O Canal--Violette's Lock,39.066803,-77.32951,2026-01-01,03:04 PM,eBird - Traveling Count,17,1,.871,,1
S281282055,Swamp Sparrow,Melospiza georgiana,33315,1,US-MD,Montgomery,L33913928,"Camden Retention Pond, Gaithersburg, Maryland, US (39.12, -77.206)",39.1197497,-77.2064087,2025-10-25,12:08 PM,eBird - Traveling Count,28,1,.952,,1
S223512042,Swamp Sparrow,Melospiza georgiana,33315,2,US-MD,Montgomery,L42214720,"Camp Seneca, Maryland, US (39.177, -77.302)",39.1772081,-77.3018305,2025-04-06,02:51 PM,eBird - Traveling Count,57,1,1.207,,1
S230164377,Swamp Sparrow,Melospiza georgiana,33315,1,US-MD,Montgomery,L42214720,"Camp Seneca, Maryland, US (39.177, -77.302)",39.1772081,-77.3018305,2025-04-27,01:45 PM,eBird - Traveling Count,50,1,.49,,1
S227622469,Swamp Sparrow,Melospiza georgiana,33315,1,US-MD,Montgomery,L126620,Hughes Hollow - McKee Beshers WMA,39.0803767,-77.4035096,2025-04-20,05:15 PM,eBird - Traveling Count,87,1,2.301,,1
S312069147,Swamp Sparrow,Melospiza georgiana,33315,2,US-MD,Montgomery,L126620,Hughes Hollow - McKee Beshers WMA,39.0803767,-77.4035096,2026-03-22,12:35 PM,eBird - Traveling Count,36,1,.657,,2
S314489044,Swamp Sparrow,Melospiza georgiana,33315,1,US-MD,Montgomery,L126620,Hughes Hollow - McKee Beshers WMA,39.0803767,-77.4035096,2026-03-29,02:54 PM,eBird - Traveling Count,36,1,2.047,,2
S315703473,Swamp Sparrow,Melospiza georgiana,33315,2,US-MD,Montgomery,L126620,Hughes Hollow - McKee Beshers WMA,39.0803767,-77.4035096,2026-04-01,05:00 PM,eBird - Traveling Count,58,1,.544,,1,,,This was an absolutely stunning evening. Lots of birds. Couple of unexpected visitors like the blue winged teal and a nice show from the red-headed woodpeckers.
S285631806,Swamp Sparrow,Melospiza georgiana,33315,5,US-MD,Montgomery,L22161519,Hughes Hollow - McKee Beshers WMA--sunflower area and eastern fields,39.076893,-77.3812916,2025-11-22,12:53 PM,eBird - Traveling Count,53,1,3.085,,2
S315322313,Swamp Sparrow,Melospiza georgiana,33315,1,US-MD,Montgomery,L2769057,Little Bennett RP--Western Piedmont Trail,39.27653,-77.3071432,2026-03-31,06:10 PM,eBird - Traveling Count,67,1,.97,,1,,Distinctive gray cheeks. Literally in a swamp.
S203796738,Swamp Sparrow,Melospiza georgiana,33315,2,US-MD,Montgomery,L2055457,Sycamore Landing Rd. fields,39.0839717,-77.4146461,2024-11-27,02:08 PM,eBird - Traveling Count,89,1,4.361,,2
S287694532,Swamp Sparrow,Melospiza georgiana,33315,3,US-MD,Washington,L2319467,Albert M. Powell State Fish Hatchery,39.5893755,-77.6390237,2025-12-07,01:18 PM,eBird - Traveling Count,3,1,.526,,1
S175887634,Canyon Towhee,Melozone fusca,33330,4,US-AZ,Pima,L211809,Madera Canyon--Proctor Rd.,31.739938,-110.886147,2008-05-01,09:01 AM,Historical,150,1,,,2,,,Corrected checklist to be accurate as historical.
S175887634,Rufous-crowned Sparrow,Aimophila ruficeps,33371,X,US-AZ,Pima,L211809,Madera Canyon--Proctor Rd.,31.739938,-110.886147,2008-05-01,09:01 AM,Historical,150,1,,,2,,,Corrected checklist to be accurate as historical.
S195126034,Spotted Towhee,Pipilo maculatus,33386,2,US-UT,Davis,L190743,Antelope Island SP,41.0465405,-112.2383881,2024-09-14,09:32 AM,eBird - Traveling Count,359,0,80.129,,1,,There are two spotted towhees in the hayloft. Unsure if they're nesting there or not.
S195043301,Spotted Towhee,Pipilo maculatus,33386,1,US-UT,Salt Lake,L1095190,Red Butte Canyon,40.7740256,-111.8180537,2024-09-13,06:22 PM,eBird - Traveling Count,190,1,10.767,,2
S298683570,Eastern Towhee,Pipilo erythrophthalmus,33415,3,US-FL,Charlotte,L21750506,"Live Oak Blvd, Prairie Creek Preserve entrance road",27.005263,-81.929974,2026-02-07,09:07 AM,eBird - Traveling Count,83,1,4.837,,2
S250749828,Eastern Towhee,Pipilo erythrophthalmus,33415,2,US-MD,Frederick,L2756806,Monocacy National Battlefield--Gambrill Mill Trail,39.3688266,-77.3877865,2025-06-15,01:10 PM,eBird - Traveling Count,80,1,1.175,,1
S239842745,Eastern Towhee,Pipilo erythrophthalmus,33415,2,US-MD,Frederick,L281578,Sugarloaf Mt.,39.2626685,-77.3972133,2025-05-18,12:09 PM,eBird - Traveling Count,111,1,4.442,,1
S245500420,Eastern Towhee,Pipilo erythrophthalmus,33415,1,US-MD,Montgomery,L285049,Agricultural History Farm Park,39.1610805,-77.1322894,2025-06-01,10:11 AM,eBird - Traveling Count,66,1,3.46,,1
S173683775,Eastern Towhee,Pipilo erythrophthalmus,33415,2,US-MD,Montgomery,L192824,C&O Canal--Violette's Lock,39.066803,-77.32951,2023-11-23,12:55 PM,eBird - Traveling Count,20,1,.547,,2
S223512042,Eastern Towhee,Pipilo erythrophthalmus,33415,2,US-MD,Montgomery,L42214720,"Camp Seneca, Maryland, US (39.177, -77.302)",39.1772081,-77.3018305,2025-04-06,02:51 PM,eBird - Traveling Count,57,1,1.207,,1
S264217115,Eastern Towhee,Pipilo erythrophthalmus,33415,2,US-MD,Montgomery,L9055068,Hibiscus court Maryland,39.1187154,-77.2108193,2025-08-01,11:16 AM,eBird - Stationary Count,12,1,,,1
S230178063,Eastern Towhee,Pipilo erythrophthalmus,33415,3,US-MD,Montgomery,L1404741,Hoyles Mill Conservation Park,39.1771462,-77.319694,2025-04-27,02:46 PM,eBird - Traveling Count,20,1,.418,,1
S227622469,Eastern Towhee,Pipilo erythrophthalmus,33415,1,US-MD,Montgomery,L126620,Hughes Hollow - McKee Beshers WMA,39.0803767,-77.4035096,2025-04-20,05:15 PM,eBird - Traveling Count,87,1,2.301,,1
S253053193,Eastern Towhee,Pipilo erythrophthalmus,33415,1,US-MD,Montgomery,L126620,Hughes Hollow - McKee Beshers WMA,39.0803767,-77.4035096,2025-06-22,06:50 AM,eBird - Traveling Count,99,1,1.237,,1
S285631806,Eastern Towhee,Pipilo erythrophthalmus,33415,1,US-MD,Montgomery,L22161519,Hughes Hollow - McKee Beshers WMA--sunflower area and eastern fields,39.076893,-77.3812916,2025-11-22,12:53 PM,eBird - Traveling Count,53,1,3.085,,2
S240002346,Eastern Towhee,Pipilo erythrophthalmus,33415,3,US-MD,Montgomery,L2769057,Little Bennett RP--Western Piedmont Trail,39.27653,-77.3071432,2025-05-18,06:20 PM,eBird - Traveling Count,44,1,1.223,,1
S315322313,Eastern Towhee,Pipilo erythrophthalmus,33415,2,US-MD,Montgomery,L2769057,Little Bennett RP--Western Piedmont Trail,39.27653,-77.3071432,2026-03-31,06:10 PM,eBird - Traveling Count,67,1,.97,,1
S183763373,Eastern Towhee,Pipilo erythrophthalmus,33415,1,US-MD,Montgomery,L31569197,"Malcolm King Park (39.121, -77.212)",39.1205865,-77.212024,2024-06-25,07:00 PM,eBird - Traveling Count,23,1,.837,,1
S307216901,Eastern Towhee,Pipilo erythrophthalmus,33415,1,US-MD,Montgomery,L31569197,"Malcolm King Park (39.121, -77.212)",39.1205865,-77.212024,2026-03-08,09:51 AM,eBird - Traveling Count,76,1,1.346,,1,,,70f this morning on the walk. Watched a few crows try to take The nest that one of our pairs of red shouldered Hawks are building. The Hawks were not amused.
S247455766,Eastern Towhee,Pipilo erythrophthalmus,33415,1,US-MD,Montgomery,L41905651,"Seneca Greenway Trail, Gaithersburg, Maryland, US (39.167, -77.229)",39.1672893,-77.2288242,2025-06-06,05:55 PM,eBird - Traveling Count,51,1,.37,,1
S239253914,Eastern Towhee,Pipilo erythrophthalmus,33415,1,US-MD,Prince George's,L42706061,Patuxent Research Refuge--Central Tract (Restricted Access),39.0491905,-76.7986274,2025-05-17,11:28 AM,eBird - Traveling Count,35,1,3.206,,1
S180559345,Eastern Towhee,Pipilo erythrophthalmus,33415,1,US-MD,Washington,L33056912,"Rohrbach Campground, Sharpsburg, Maryland, US (39.454, -77.731)",39.4543401,-77.7314234,2024-06-09,09:12 AM,eBird - Traveling Count,60,1,.298,,1
S194193514,new world sparrow sp.,Passerellidae sp.,33520,1,US-MD,Montgomery,L126620,Hughes Hollow - McKee Beshers WMA,39.0803767,-77.4035096,2024-09-06,05:47 PM,eBird - Traveling Count,56,1,3.219,,4,,Quite a large Sparrow with a dark circle around its eye
S195043301,new world sparrow sp.,Passerellidae sp.,33520,1,US-UT,Salt Lake,L1095190,Red Butte Canyon,40.7740256,-111.8180537,2024-09-13,06:22 PM,eBird - Traveling Count,190,1,10.767,,2
S206617034,Puerto Rican Spindalis,Spindalis portoricensis,33548,1,PR-NG,,L4451634,Bosque Nacional El Yunque--Río Cubuy,18.2653604,-65.801062,2022-05-15,,eBird - Casual Observation,,0,,,2,,,Kept notes but birding was not my primary objective.
S256585579,Yellow-breasted Chat,Icteria virens,33559,1,US-MD,Frederick,L12242883,Othello Regional Park,39.346886,-77.601207,2025-07-03,03:50 PM,eBird - Traveling Count,18,1,1.195,,1
S253053193,Yellow-breasted Chat,Icteria virens,33559,2,US-MD,Montgomery,L126620,Hughes Hollow - McKee Beshers WMA,39.0803767,-77.4035096,2025-06-22,06:50 AM,eBird - Traveling Count,99,1,1.237,,1
S195126034,Western Meadowlark,Sturnella neglecta,33565,3,US-UT,Davis,L190743,Antelope Island SP,41.0465405,-112.2383881,2024-09-14,09:32 AM,eBird - Traveling Count,359,0,80.129,,1
S298683570,Eastern Meadowlark,Sturnella magna,33568,12,US-FL,Charlotte,L21750506,"Live Oak Blvd, Prairie Creek Preserve entrance road",27.005263,-81.929974,2026-02-07,09:07 AM,eBird - Traveling Count,83,1,4.837,,2,,,,650494138
S233615339,Eastern Meadowlark,Sturnella magna,33568,2,US-MD,Montgomery,L584300,C&O Canal--Edwards Ferry,39.1030006,-77.4737057,2025-05-05,06:00 PM,eBird - Traveling Count,42,1,1.493,,1
S248712994,Eastern Meadowlark,Sturnella magna,33568,1,US-MD,Montgomery,L126620,Hughes Hollow - McKee Beshers WMA,39.0803767,-77.4035096,2025-06-09,08:09 PM,eBird - Traveling Count,35,1,1.352,,1
S296608543,Eastern Meadowlark,Sturnella magna,33568,1,US-MD,Montgomery,L57724492,"McKee-Beshers Turnoff, Poolesville, Maryland, US (39.085, -77.422)",39.0847532,-77.4220001,2026-01-27,04:31 PM,eBird - Stationary Count,20,1,,,1
S233623669,Eastern Meadowlark,Sturnella magna,33568,1,US-MD,Montgomery,L266131,Patton Farms (formerly Patton Turf Farm),39.1433333,-77.5103802,2025-05-05,06:56 PM,eBird - Traveling Count,10,1,3.919,,1
S183379922,Eastern Meadowlark,Sturnella magna,33568,1,US-MD,Washington,L31950817,"3716 Harpers Ferry Road, Sharpsburg, Maryland, US (39.415, -77.737)",39.4153833,-77.7371018,2024-06-23,05:41 PM,eBird - Casual Observation,,0,,,1,,It jumped up and held onto the screen of our window to pick off bugs from the window.
S275759758,Eastern Meadowlark,Sturnella magna,33568,1,US-MD,Washington,L31950817,"3716 Harpers Ferry Road, Sharpsburg, Maryland, US (39.415, -77.737)",39.4153833,-77.7371018,2025-09-27,09:16 AM,eBird - Stationary Count,14,1,,,1
S225947772,Orchard Oriole,Icterus spurius,33679,1,US-FL,Charlotte,L1345169,Wildflower Preserve,26.8814148,-82.3046701,2025-04-15,06:40 PM,eBird - Traveling Count,9,1,.964,,1
S239842745,Orchard Oriole,Icterus spurius,33679,1,US-MD,Frederick,L281578,Sugarloaf Mt.,39.2626685,-77.3972133,2025-05-18,12:09 PM,eBird - Traveling Count,111,1,4.442,,1
S233615339,Orchard Oriole,Icterus spurius,33679,1,US-MD,Montgomery,L584300,C&O Canal--Edwards Ferry,39.1030006,-77.4737057,2025-05-05,06:00 PM,eBird - Traveling Count,42,1,1.493,,1
S227622469,Orchard Oriole,Icterus spurius,33679,1,US-MD,Montgomery,L126620,Hughes Hollow - McKee Beshers WMA,39.0803767,-77.4035096,2025-04-20,05:15 PM,eBird - Traveling Count,87,1,2.301,,1,,Kind of early for this bird here. Just one male.
S248712994,Orchard Oriole,Icterus spurius,33679,1,US-MD,Montgomery,L126620,Hughes Hollow - McKee Beshers WMA,39.0803767,-77.4035096,2025-06-09,08:09 PM,eBird - Traveling Count,35,1,1.352,,1
S253053193,Orchard Oriole,Icterus spurius,33679,2,US-MD,Montgomery,L126620,Hughes Hollow - McKee Beshers WMA,39.0803767,-77.4035096,2025-06-22,06:50 AM,eBird - Traveling Count,99,1,1.237,,1
S247455766,Orchard Oriole,Icterus spurius,33679,1,US-MD,Montgomery,L41905651,"Seneca Greenway Trail, Gaithersburg, Maryland, US (39.167, -77.229)",39.1672893,-77.2288242,2025-06-06,05:55 PM,eBird - Traveling Count,51,1,.37,,1
S177579473,Orchard Oriole,Icterus spurius,33679,1,US-MD,Prince George's,L305078,Patuxent Research Refuge--South Tract (National Wildlife Visitor Center),39.0270605,-76.7991731,2024-05-27,09:22 AM,eBird - Traveling Count,131,0,8.433,,2
S239213799,Orchard Oriole,Icterus spurius,33679,2,US-MD,Prince George's,L305078,Patuxent Research Refuge--South Tract (National Wildlife Visitor Center),39.0270605,-76.7991731,2025-05-17,08:28 AM,eBird - Traveling Count,149,1,6.502,,1
S255372516,Orchard Oriole,Icterus spurius,33679,1,US-MD,Washington,L33056912,"Rohrbach Campground, Sharpsburg, Maryland, US (39.454, -77.731)",39.4543401,-77.7314234,2025-06-29,02:50 PM,eBird - Traveling Count,58,1,2.214,,1
S233083528,Baltimore Oriole,Icterus galbula,33770,1,US-MD,Montgomery,L196528,Black Hill Regional Park,39.192365,-77.295757,2025-05-04,12:18 PM,eBird - Traveling Count,64,1,3.541,,1
S249924330,Baltimore Oriole,Icterus galbula,33770,1,US-MD,Montgomery,L360157,C&O Canal--Riley's Lock,39.0682467,-77.3431492,2025-06-12,07:45 PM,eBird - Traveling Count,61,1,.287,,1
S184569567,Baltimore Oriole,Icterus galbula,33770,1,US-MD,Montgomery,L9055068,Hibiscus court Maryland,39.1187154,-77.2108193,2024-06-30,10:16 AM,eBird - Traveling Count,22,1,.531,,1
S245892700,Baltimore Oriole,Icterus galbula,33770,1,US-MD,Montgomery,L9055068,Hibiscus court Maryland,39.1187154,-77.2108193,2025-06-02,09:09 AM,eBird - Traveling Count,9,1,.177,,1
S264217115,Baltimore Oriole,Icterus galbula,33770,1,US-MD,Montgomery,L9055068,Hibiscus court Maryland,39.1187154,-77.2108193,2025-08-01,11:16 AM,eBird - Stationary Count,12,1,,,1
S253053193,Baltimore Oriole,Icterus galbula,33770,2,US-MD,Montgomery,L126620,Hughes Hollow - McKee Beshers WMA,39.0803767,-77.4035096,2025-06-22,06:50 AM,eBird - Traveling Count,99,1,1.237,,1
S240002346,Baltimore Oriole,Icterus galbula,33770,1,US-MD,Montgomery,L2769057,Little Bennett RP--Western Piedmont Trail,39.27653,-77.3071432,2025-05-18,06:20 PM,eBird - Traveling Count,44,1,1.223,,1
S248738652,Baltimore Oriole,Icterus galbula,33770,2,US-MD,Prince George's,L305078,Patuxent Research Refuge--South Tract (National Wildlife Visitor Center),39.0270605,-76.7991731,2024-05-27,09:00 AM,Historical,60,0,3.219
S239213799,Baltimore Oriole,Icterus galbula,33770,1,US-MD,Prince George's,L305078,Patuxent Research Refuge--South Tract (National Wildlife Visitor Center),39.0270605,-76.7991731,2025-05-17,08:28 AM,eBird - Traveling Count,149,1,6.502,,1
S175728697,Baltimore Oriole,Icterus galbula,33770,2,US-MD,Washington,L31950817,"3716 Harpers Ferry Road, Sharpsburg, Maryland, US (39.415, -77.737)",39.4153833,-77.7371018,2024-05-19,01:18 PM,eBird - Traveling Count,172,1,6.436,,3
S257633796,Baltimore Oriole,Icterus galbula,33770,1,US-MD,Washington,L5825627,Antietam National Battlefield--Snavely Ford Trail,39.449291,-77.7314029,2025-07-06,04:30 PM,eBird - Traveling Count,39,1,1.113,,1
S173113419,Baltimore Oriole,Icterus galbula,33770,1,US-MD,Washington,L4053312,Devil's Backbone County Park,39.538741,-77.7100086,2024-05-08,01:00 PM,eBird - Traveling Count,120,1,8.047,,2
S255372516,Baltimore Oriole,Icterus galbula,33770,1,US-MD,Washington,L33056912,"Rohrbach Campground, Sharpsburg, Maryland, US (39.454, -77.731)",39.4543401,-77.7314234,2025-06-29,02:50 PM,eBird - Traveling Count,58,1,2.214,,1
S225941637,Red-winged Blackbird,Agelaius phoeniceus,33779,2,US-FL,Charlotte,L618537,Amberjack Environmental Park--Lemon Lake,26.8725833,-82.3001289,2025-04-15,05:04 PM,eBird - Traveling Count,72,1,3.235,,1
S298474473,Red-winged Blackbird,Agelaius phoeniceus,33779,1,US-FL,Charlotte,L2391257,Ann Dever Memorial Regional Park,26.9182434,-82.3157501,2026-02-06,03:27 PM,eBird - Traveling Count,73,1,1.287,,2
S299140266,Red-winged Blackbird,Agelaius phoeniceus,33779,3,US-FL,Charlotte,L618241,Cedar Point Environmental Park,26.9253511,-82.334868,2026-02-09,08:29 AM,eBird - Traveling Count,114,1,1.533,,2
S225656554,Red-winged Blackbird,Agelaius phoeniceus,33779,4,US-FL,Charlotte,L42656865,"Downing Street, Englewood, Florida, US (26.898, -82.321)",26.8978819,-82.3212738,2025-04-14,04:23 PM,eBird - Traveling Count,5,1,.527,,1
S299177701,Red-winged Blackbird,Agelaius phoeniceus,33779,2,US-FL,Charlotte,L42656865,"Downing Street, Englewood, Florida, US (26.898, -82.321)",26.8978819,-82.3212738,2026-02-09,12:58 PM,eBird - Stationary Count,10,1,,,2
S226336345,Red-winged Blackbird,Agelaius phoeniceus,33779,7,US-FL,Charlotte,L617642,Ollie's Pond Park,26.9860616,-82.1496961,2025-04-17,09:25 AM,eBird - Traveling Count,86,1,2.382,,3
S298932326,Red-winged Blackbird,Agelaius phoeniceus,33779,2,US-FL,Charlotte,L617642,Ollie's Pond Park,26.9860616,-82.1496961,2026-02-08,09:32 AM,eBird - Traveling Count,154,1,1.556,,2
S298300486,Red-winged Blackbird,Agelaius phoeniceus,33779,1,US-FL,Charlotte,L8957295,Rotunda Meadows Prairie,26.8573451,-82.2223281,2026-02-05,04:12 PM,eBird - Traveling Count,93,1,12.54,,2
S225947772,Red-winged Blackbird,Agelaius phoeniceus,33779,2,US-FL,Charlotte,L1345169,Wildflower Preserve,26.8814148,-82.3046701,2025-04-15,06:40 PM,eBird - Traveling Count,9,1,.964,,1
S299026588,Red-winged Blackbird,Agelaius phoeniceus,33779,1,US-FL,Charlotte,L1345169,Wildflower Preserve,26.8814148,-82.3046701,2026-02-08,05:41 PM,eBird - Traveling Count,26,1,.727,,2
S246372176,Red-winged Blackbird,Agelaius phoeniceus,33779,8,US-DC,District of Columbia,L473521,Constitution Gardens and Reflecting Pool,38.8901142,-77.043364,2025-06-03,02:15 PM,eBird - Traveling Count,27,1,1.625,,1
S189294100,Red-winged Blackbird,Agelaius phoeniceus,33779,5,US-DC,District of Columbia,L247770,Kenilworth Park and Aquatic Gardens,38.9133204,-76.9443433,2024-07-28,12:32 PM,eBird - Traveling Count,71,1,2.366,,2
S250749828,Red-winged Blackbird,Agelaius phoeniceus,33779,X,US-MD,Frederick,L2756806,Monocacy National Battlefield--Gambrill Mill Trail,39.3688266,-77.3877865,2025-06-15,01:10 PM,eBird - Traveling Count,80,1,1.175,,1,,,,637610228
S256585579,Red-winged Blackbird,Agelaius phoeniceus,33779,1,US-MD,Frederick,L12242883,Othello Regional Park,39.346886,-77.601207,2025-07-03,03:50 PM,eBird - Traveling Count,18,1,1.195,,1
S239842745,Red-winged Blackbird,Agelaius phoeniceus,33779,X,US-MD,Frederick,L281578,Sugarloaf Mt.,39.2626685,-77.3972133,2025-05-18,12:09 PM,eBird - Traveling Count,111,1,4.442,,1
S175192347,Red-winged Blackbird,Agelaius phoeniceus,33779,1,US-MD,Montgomery,L31909282,"9679 Lost Knife Road, Montgomery Village, Maryland, US (39.153, -77.199)",39.1532211,-77.1989898,2024-05-17,07:19 PM,eBird - Traveling Count,29,1,30.204,,1
S173968054,Red-winged Blackbird,Agelaius phoeniceus,33779,2,US-MD,Montgomery,L285049,Agricultural History Farm Park,39.1610805,-77.1322894,2024-05-12,10:26 AM,eBird - Traveling Count,104,1,2.414,,1,,Doing their thing in the high grass in front of the farmhouse.
S245500420,Red-winged Blackbird,Agelaius phoeniceus,33779,1,US-MD,Montgomery,L285049,Agricultural History Farm Park,39.1610805,-77.1322894,2025-06-01,10:11 AM,eBird - Traveling Count,66,1,3.46,,1
S233083528,Red-winged Blackbird,Agelaius phoeniceus,33779,1,US-MD,Montgomery,L196528,Black Hill Regional Park,39.192365,-77.295757,2025-05-04,12:18 PM,eBird - Traveling Count,64,1,3.541,,1
S182634611,Red-winged Blackbird,Agelaius phoeniceus,33779,4,US-MD,Montgomery,L7383392,Bohrer Park,39.1329353,-77.1933532,2024-06-20,08:42 AM,eBird - Traveling Count,28,1,1.094,,1
S186447746,Red-winged Blackbird,Agelaius phoeniceus,33779,6,US-MD,Montgomery,L7383392,Bohrer Park,39.1329353,-77.1933532,2024-07-11,08:29 AM,eBird - Traveling Count,12,0,.467,,1,,,Quite a few birds flying around at the top of trees. I couldn't identify cuz I didn't have binocs
S252450521,Red-winged Blackbird,Agelaius phoeniceus,33779,10,US-MD,Montgomery,L7383392,Bohrer Park,39.1329353,-77.1933532,2025-06-20,08:18 AM,eBird - Traveling Count,20,1,.52,,1,,Estimate
S264217194,Red-winged Blackbird,Agelaius phoeniceus,33779,4,US-MD,Montgomery,L7383392,Bohrer Park,39.1329353,-77.1933532,2025-07-17,08:41 AM,eBird - Traveling Count,15,1,.744,,1
S263202719,Red-winged Blackbird,Agelaius phoeniceus,33779,1,US-MD,Montgomery,L7383392,Bohrer Park,39.1329353,-77.1933532,2025-07-27,02:00 PM,eBird - Traveling Count,31,1,.123,,1
S233615339,Red-winged Blackbird,Agelaius phoeniceus,33779,X,US-MD,Montgomery,L584300,C&O Canal--Edwards Ferry,39.1030006,-77.4737057,2025-05-05,06:00 PM,eBird - Traveling Count,42,1,1.493,,1
S243074956,Red-winged Blackbird,Agelaius phoeniceus,33779,2,US-MD,Montgomery,L192824,C&O Canal--Violette's Lock,39.066803,-77.32951,2025-05-26,11:56 AM,eBird - Traveling Count,55,1,.8,,2
S183770250,Red-winged Blackbird,Agelaius phoeniceus,33779,1,US-MD,Montgomery,L33913928,"Camden Retention Pond, Gaithersburg, Maryland, US (39.12, -77.206)",39.1197497,-77.2064087,2024-06-25,07:46 PM,eBird - Stationary Count,24,1,,,1
S314269634,Red-winged Blackbird,Agelaius phoeniceus,33779,1,US-MD,Montgomery,L33913928,"Camden Retention Pond, Gaithersburg, Maryland, US (39.12, -77.206)",39.1197497,-77.2064087,2026-03-29,07:51 AM,eBird - Traveling Count,19,1,.649,,1,,,Very chilly morning. Some frost on the grass. Lots of bird activity though.
S248990243,Red-winged Blackbird,Agelaius phoeniceus,33779,X,US-MD,Montgomery,L3043543,Crabbs Branch Pond,39.122276,-77.1587741,2025-06-10,05:46 PM,eBird - Traveling Count,13,1,.29,,1
S316020343,Red-winged Blackbird,Agelaius phoeniceus,33779,1,US-MD,Montgomery,L9055068,Hibiscus court Maryland,39.1187154,-77.2108193,2026-04-02,02:22 PM,eBird - Stationary Count,104,1,,,1,,,It is a very cold day and the birds aren't very active outside my window.
S227622469,Red-winged Blackbird,Agelaius phoeniceus,33779,6,US-MD,Montgomery,L126620,Hughes Hollow - McKee Beshers WMA,39.0803767,-77.4035096,2025-04-20,05:15 PM,eBird - Traveling Count,87,1,2.301,,1,,Probably dozens
S248712994,Red-winged Blackbird,Agelaius phoeniceus,33779,X,US-MD,Montgomery,L126620,Hughes Hollow - McKee Beshers WMA,39.0803767,-77.4035096,2025-06-09,08:09 PM,eBird - Traveling Count,35,1,1.352,,1
S253053193,Red-winged Blackbird,Agelaius phoeniceus,33779,30,US-MD,Montgomery,L126620,Hughes Hollow - McKee Beshers WMA,39.0803767,-77.4035096,2025-06-22,06:50 AM,eBird - Traveling Count,99,1,1.237,,1,,"Estimate, likely more."
S259644861,Red-winged Blackbird,Agelaius phoeniceus,33779,4,US-MD,Montgomery,L126620,Hughes Hollow - McKee Beshers WMA,39.0803767,-77.4035096,2025-07-13,03:26 PM,eBird - Traveling Count,15,1,.342,,2
S307723981,Red-winged Blackbird,Agelaius phoeniceus,33779,11,US-MD,Montgomery,L126620,Hughes Hollow - McKee Beshers WMA,39.0803767,-77.4035096,2026-03-09,01:41 PM,eBird - Traveling Count,104,1,6.038,,1
S312069147,Red-winged Blackbird,Agelaius phoeniceus,33779,5,US-MD,Montgomery,L126620,Hughes Hollow - McKee Beshers WMA,39.0803767,-77.4035096,2026-03-22,12:35 PM,eBird - Traveling Count,36,1,.657,,2
S314489044,Red-winged Blackbird,Agelaius phoeniceus,33779,5,US-MD,Montgomery,L126620,Hughes Hollow - McKee Beshers WMA,39.0803767,-77.4035096,2026-03-29,02:54 PM,eBird - Traveling Count,36,1,2.047,,2
S315703473,Red-winged Blackbird,Agelaius phoeniceus,33779,13,US-MD,Montgomery,L126620,Hughes Hollow - McKee Beshers WMA,39.0803767,-77.4035096,2026-04-01,05:00 PM,eBird - Traveling Count,58,1,.544,,1,,,This was an absolutely stunning evening. Lots of birds. Couple of unexpected visitors like the blue winged teal and a nice show from the red-headed woodpeckers.
S187792544,Red-winged Blackbird,Agelaius phoeniceus,33779,19,US-MD,Montgomery,L22161519,Hughes Hollow - McKee Beshers WMA--sunflower area and eastern fields,39.076893,-77.3812916,2024-07-19,06:29 PM,eBird - Traveling Count,119,1,5.601,,1
S176627258,Red-winged Blackbird,Agelaius phoeniceus,33779,2,US-MD,Montgomery,L32216879,"Kaiser Permanente, Gaithersburg, Maryland, US (39.156, -77.222)",39.1558353,-77.2220648,2024-05-23,06:34 PM,eBird - Stationary Count,4,1,,,2
S245062525,Red-winged Blackbird,Agelaius phoeniceus,33779,3,US-MD,Montgomery,L224286,Lake Frank,39.1028755,-77.1198104,2025-05-31,11:53 AM,eBird - Traveling Count,38,1,.75,,1
S245099547,Red-winged Blackbird,Agelaius phoeniceus,33779,3,US-MD,Montgomery,L32512991,"Lake Halcyon, Gaithersburg, Maryland, US (39.12, -77.219)",39.120175,-77.2190739,2025-05-31,01:29 PM,eBird - Traveling Count,19,1,.495,,1
S249988814,Red-winged Blackbird,Agelaius phoeniceus,33779,1,US-MD,Montgomery,L32512991,"Lake Halcyon, Gaithersburg, Maryland, US (39.12, -77.219)",39.120175,-77.2190739,2025-06-13,06:13 PM,eBird - Traveling Count,12,1,.584,,1
S250837526,Red-winged Blackbird,Agelaius phoeniceus,33779,2,US-MD,Montgomery,L31569197,"Malcolm King Park (39.121, -77.212)",39.1205865,-77.212024,2025-06-15,05:46 PM,eBird - Traveling Count,36,1,2.063,,1
S315548994,Red-winged Blackbird,Agelaius phoeniceus,33779,1,US-MD,Montgomery,L31569197,"Malcolm King Park (39.121, -77.212)",39.1205865,-77.212024,2026-04-01,09:42 AM,eBird - Traveling Count,28,1,.749,,1
S233623669,Red-winged Blackbird,Agelaius phoeniceus,33779,X,US-MD,Montgomery,L266131,Patton Farms (formerly Patton Turf Farm),39.1433333,-77.5103802,2025-05-05,06:56 PM,eBird - Traveling Count,10,1,3.919,,1
S247845111,Red-winged Blackbird,Agelaius phoeniceus,33779,1,US-MD,Montgomery,L11140089,"Rio Park, Gaithersburg",39.1168491,-77.1972698,2025-06-07,04:51 PM,eBird - Traveling Count,37,1,.285,,1
S214121244,Red-winged Blackbird,Agelaius phoeniceus,33779,4,US-MD,Montgomery,L40358682,"River Road, Poolesville, Maryland, US (39.113, -77.476)",39.1133163,-77.4764549,2025-02-17,02:13 PM,eBird - Traveling Count,42,1,8.047,,1
S247455766,Red-winged Blackbird,Agelaius phoeniceus,33779,1,US-MD,Montgomery,L41905651,"Seneca Greenway Trail, Gaithersburg, Maryland, US (39.167, -77.229)",39.1672893,-77.2288242,2025-06-06,05:55 PM,eBird - Traveling Count,51,1,.37,,1
S177875501,Red-winged Blackbird,Agelaius phoeniceus,33779,1,US-MD,Montgomery,L32507644,"Shady Grove Metro Station, Rockville, Maryland, US (39.121, -77.163)",39.1212152,-77.1634004,2024-05-28,05:41 PM,eBird - Traveling Count,8,1,.12,,1
S238951279,Red-winged Blackbird,Agelaius phoeniceus,33779,X,US-MD,Montgomery,L32507644,"Shady Grove Metro Station, Rockville, Maryland, US (39.121, -77.163)",39.1212152,-77.1634004,2025-05-16,07:32 PM,eBird - Traveling Count,5,1,.204,,1
S203796738,Red-winged Blackbird,Agelaius phoeniceus,33779,1,US-MD,Montgomery,L2055457,Sycamore Landing Rd. fields,39.0839717,-77.4146461,2024-11-27,02:08 PM,eBird - Traveling Count,89,1,4.361,,2
S227641632,Red-winged Blackbird,Agelaius phoeniceus,33779,3,US-MD,Montgomery,L2055457,Sycamore Landing Rd. fields,39.0839717,-77.4146461,2025-04-20,06:54 PM,eBird - Traveling Count,41,1,2.494,,1
S188156823,Red-winged Blackbird,Agelaius phoeniceus,33779,1,US-MD,Montgomery,L19214285,"Welsh Park, Rockville",39.0908869,-77.1608661,2024-07-21,06:19 PM,eBird - Traveling Count,27,0,.756,,1
S184721389,Red-winged Blackbird,Agelaius phoeniceus,33779,2,US-VA,Page,L718715,White House Boat Ramp,38.6461269,-78.5346106,2024-06-30,02:01 PM,eBird - Traveling Count,40,1,1.03,,4
S239253914,Red-winged Blackbird,Agelaius phoeniceus,33779,X,US-MD,Prince George's,L42706061,Patuxent Research Refuge--Central Tract (Restricted Access),39.0491905,-76.7986274,2025-05-17,11:28 AM,eBird - Traveling Count,35,1,3.206,,1
S177579473,Red-winged Blackbird,Agelaius phoeniceus,33779,1,US-MD,Prince George's,L305078,Patuxent Research Refuge--South Tract (National Wildlife Visitor Center),39.0270605,-76.7991731,2024-05-27,09:22 AM,eBird - Traveling Count,131,0,8.433,,2
S239213799,Red-winged Blackbird,Agelaius phoeniceus,33779,X,US-MD,Prince George's,L305078,Patuxent Research Refuge--South Tract (National Wildlife Visitor Center),39.0270605,-76.7991731,2025-05-17,08:28 AM,eBird - Traveling Count,149,1,6.502,,1
S176388677,Red-winged Blackbird,Agelaius phoeniceus,33779,1,US-FL,Sarasota,L18609510,Deep Hole--Myakka SP Wilderness Trail,27.215375,-82.3381957,2021-02-17,,Historical,,0,,,2
S226419119,Red-winged Blackbird,Agelaius phoeniceus,33779,1,US-FL,Sarasota,L625835,Lemon Bay Park,26.9727128,-82.3743725,2025-04-17,02:32 PM,eBird - Traveling Count,58,1,2.897,,1
S235898093,Red-winged Blackbird,Agelaius phoeniceus,33779,X,US-DE,Sussex,L2390607,Cape Henlopen SP--Gordon's Pond Beach,38.7424051,-75.0801587,2025-05-10,05:41 PM,eBird - Traveling Count,56,1,.719,,2
S298300486,Brown-headed Cowbird,Molothrus ater,33833,2,US-FL,Charlotte,L8957295,Rotunda Meadows Prairie,26.8573451,-82.2223281,2026-02-05,04:12 PM,eBird - Traveling Count,93,1,12.54,,2
S233083528,Brown-headed Cowbird,Molothrus ater,33833,2,US-MD,Montgomery,L196528,Black Hill Regional Park,39.192365,-77.295757,2025-05-04,12:18 PM,eBird - Traveling Count,64,1,3.541,,1
S316727021,Brown-headed Cowbird,Molothrus ater,33833,1,US-MD,Montgomery,L9055068,Hibiscus court Maryland,39.1187154,-77.2108193,2026-04-04,08:41 AM,eBird - Traveling Count,15,1,.656,,1,,,Nice warm morning. Lots of bird activity and a gentle warm rain.
S186245620,Brown-headed Cowbird,Molothrus ater,33833,1,US-MD,Montgomery,L32216879,"Kaiser Permanente, Gaithersburg, Maryland, US (39.156, -77.222)",39.1558353,-77.2220648,2024-07-09,05:42 PM,eBird - Traveling Count,13,0,.274,,1,,,I think I saw a yellow billed cuckoo but only from the back and it flew off before I could catch up.
S250837526,Brown-headed Cowbird,Molothrus ater,33833,2,US-MD,Montgomery,L31569197,"Malcolm King Park (39.121, -77.212)",39.1205865,-77.212024,2025-06-15,05:46 PM,eBird - Traveling Count,36,1,2.063,,1
S184721389,Brown-headed Cowbird,Molothrus ater,33833,2,US-VA,Page,L718715,White House Boat Ramp,38.6461269,-78.5346106,2024-06-30,02:01 PM,eBird - Traveling Count,40,1,1.03,,4
S239213799,Brown-headed Cowbird,Molothrus ater,33833,8,US-MD,Prince George's,L305078,Patuxent Research Refuge--South Tract (National Wildlife Visitor Center),39.0270605,-76.7991731,2025-05-17,08:28 AM,eBird - Traveling Count,149,1,6.502,,1
S235499091,Brown-headed Cowbird,Molothrus ater,33833,1,US-DE,Sussex,L44556825,"Cranberry Park, Rehoboth Beach, Delaware, US (38.718, -75.083)",38.7178331,-75.0831735,2025-05-09,06:30 PM,eBird - Casual Observation,,0,,,2
S175564443,Brown-headed Cowbird,Molothrus ater,33833,1,US-MD,Washington,L31950817,"3716 Harpers Ferry Road, Sharpsburg, Maryland, US (39.415, -77.737)",39.4153833,-77.7371018,2024-05-19,07:57 AM,eBird - Stationary Count,90,1,,,1
S175728697,Brown-headed Cowbird,Molothrus ater,33833,1,US-MD,Washington,L31950817,"3716 Harpers Ferry Road, Sharpsburg, Maryland, US (39.415, -77.737)",39.4153833,-77.7371018,2024-05-19,01:18 PM,eBird - Traveling Count,172,1,6.436,,3
S221934041,Brown-headed Cowbird,Molothrus ater,33833,1,US-MD,Washington,L31950817,"3716 Harpers Ferry Road, Sharpsburg, Maryland, US (39.415, -77.737)",39.4153833,-77.7371018,2025-03-30,03:58 PM,eBird - Traveling Count,76,1,.07,,1
S252687295,Brown-headed Cowbird,Molothrus ater,33833,2,US-MD,Washington,L31950817,"3716 Harpers Ferry Road, Sharpsburg, Maryland, US (39.415, -77.737)",39.4153833,-77.7371018,2025-06-21,08:44 AM,eBird - Stationary Count,31,1,,,1
S227622469,Rusty Blackbird,Euphagus carolinus,33848,16,US-MD,Montgomery,L126620,Hughes Hollow - McKee Beshers WMA,39.0803767,-77.4035096,2025-04-20,05:15 PM,eBird - Traveling Count,87,1,2.301,,1
S230262565,Rusty Blackbird,Euphagus carolinus,33848,14,US-MD,Montgomery,L22161519,Hughes Hollow - McKee Beshers WMA--sunflower area and eastern fields,39.076893,-77.3812916,2025-04-27,03:44 PM,eBird - Traveling Count,78,1,3.75,,3
S298474473,Common Grackle,Quiscalus quiscula,33853,2,US-FL,Charlotte,L2391257,Ann Dever Memorial Regional Park,26.9182434,-82.3157501,2026-02-06,03:27 PM,eBird - Traveling Count,73,1,1.287,,2
S226162184,Common Grackle,Quiscalus quiscula,33853,2,US-FL,Charlotte,L618241,Cedar Point Environmental Park,26.9253511,-82.334868,2025-04-16,02:36 PM,eBird - Traveling Count,41,1,.203,,3
S299140266,Common Grackle,Quiscalus quiscula,33853,3,US-FL,Charlotte,L618241,Cedar Point Environmental Park,26.9253511,-82.334868,2026-02-09,08:29 AM,eBird - Traveling Count,114,1,1.533,,2
S298932326,Common Grackle,Quiscalus quiscula,33853,2,US-FL,Charlotte,L617642,Ollie's Pond Park,26.9860616,-82.1496961,2026-02-08,09:32 AM,eBird - Traveling Count,154,1,1.556,,2
S299026588,Common Grackle,Quiscalus quiscula,33853,5,US-FL,Charlotte,L1345169,Wildflower Preserve,26.8814148,-82.3046701,2026-02-08,05:41 PM,eBird - Traveling Count,26,1,.727,,2
S192192710,Common Grackle,Quiscalus quiscula,33853,5,US-NH,Coos,L5343246,"Akers Pond, Errol",44.7979771,-71.1591339,2024-08-20,05:15 PM,eBird - Stationary Count,34,1,,,1
S246372176,Common Grackle,Quiscalus quiscula,33853,X,US-DC,District of Columbia,L473521,Constitution Gardens and Reflecting Pool,38.8901142,-77.043364,2025-06-03,02:15 PM,eBird - Traveling Count,27,1,1.625,,1
S188299193,Common Grackle,Quiscalus quiscula,33853,1,US-DC,District of Columbia,L31800402,"Farragut Square (38.902, -77.038)",38.9016016,-77.0382998,2024-07-22,06:04 PM,eBird - Stationary Count,3,1,,,1
S247226180,Common Grackle,Quiscalus quiscula,33853,1,US-DC,District of Columbia,L46925662,"THE Reach, Washington, District of Columbia, US (38.894, -77.056)",38.8943386,-77.0555275,2025-06-05,06:25 PM,eBird - Stationary Count,45,1,,,2
S173683759,Common Grackle,Quiscalus quiscula,33853,4,US-DC,District of Columbia,L5658941,TJM a District of Columbia,38.8818381,-77.0346951,2017-04-05,10:30 AM,eBird - Traveling Count,60,1,1.609,,3,,,With Paul Charron And Chris Marcum
S250749828,Common Grackle,Quiscalus quiscula,33853,1,US-MD,Frederick,L2756806,Monocacy National Battlefield--Gambrill Mill Trail,39.3688266,-77.3877865,2025-06-15,01:10 PM,eBird - Traveling Count,80,1,1.175,,1
S180197187,Common Grackle,Quiscalus quiscula,33853,10,US-MD,Montgomery,L33038592,"270 North (39.239, -77.291)",39.2393341,-77.291275,2024-06-08,10:32 AM,eBird - Traveling Count,57,0,68.459,,1
S175192347,Common Grackle,Quiscalus quiscula,33853,1,US-MD,Montgomery,L31909282,"9679 Lost Knife Road, Montgomery Village, Maryland, US (39.153, -77.199)",39.1532211,-77.1989898,2024-05-17,07:19 PM,eBird - Traveling Count,29,1,30.204,,1
S305295338,Common Grackle,Quiscalus quiscula,33853,1,US-MD,Montgomery,L57047379,"A Fields Road Elementary, Gaithersburg, Maryland, US (39.119, -77.215)",39.1188882,-77.2150482,2026-03-02,08:47 AM,eBird - Traveling Count,13,1,.458,,1
S233615339,Common Grackle,Quiscalus quiscula,33853,2,US-MD,Montgomery,L584300,C&O Canal--Edwards Ferry,39.1030006,-77.4737057,2025-05-05,06:00 PM,eBird - Traveling Count,42,1,1.493,,1
S186245651,Common Grackle,Quiscalus quiscula,33853,6,US-MD,Montgomery,L33913928,"Camden Retention Pond, Gaithersburg, Maryland, US (39.12, -77.206)",39.1197497,-77.2064087,2024-07-08,06:37 PM,eBird - Traveling Count,59,1,1.078,,1
S232647749,Common Grackle,Quiscalus quiscula,33853,2,US-MD,Montgomery,L33913928,"Camden Retention Pond, Gaithersburg, Maryland, US (39.12, -77.206)",39.1197497,-77.2064087,2025-05-03,03:19 PM,eBird - Traveling Count,32,1,1.03,,1
S183760057,Common Grackle,Quiscalus quiscula,33853,2,US-MD,Montgomery,L9055068,Hibiscus court Maryland,39.1187154,-77.2108193,2024-06-24,07:55 PM,eBird - Traveling Count,30,1,1.448,,1
S184569567,Common Grackle,Quiscalus quiscula,33853,X,US-MD,Montgomery,L9055068,Hibiscus court Maryland,39.1187154,-77.2108193,2024-06-30,10:16 AM,eBird - Traveling Count,22,1,.531,,1
S254502123,Common Grackle,Quiscalus quiscula,33853,3,US-MD,Montgomery,L9055068,Hibiscus court Maryland,39.1187154,-77.2108193,2025-06-27,08:24 AM,eBird - Traveling Count,14,1,.633,,1
S256885531,Common Grackle,Quiscalus quiscula,33853,1,US-MD,Montgomery,L9055068,Hibiscus court Maryland,39.1187154,-77.2108193,2025-07-04,10:23 AM,eBird - Stationary Count,45,1,,,1
S264217115,Common Grackle,Quiscalus quiscula,33853,8,US-MD,Montgomery,L9055068,Hibiscus court Maryland,39.1187154,-77.2108193,2025-08-01,11:16 AM,eBird - Stationary Count,12,1,,,1
S194193514,Common Grackle,Quiscalus quiscula,33853,1,US-MD,Montgomery,L126620,Hughes Hollow - McKee Beshers WMA,39.0803767,-77.4035096,2024-09-06,05:47 PM,eBird - Traveling Count,56,1,3.219,,4
S227622469,Common Grackle,Quiscalus quiscula,33853,4,US-MD,Montgomery,L126620,Hughes Hollow - McKee Beshers WMA,39.0803767,-77.4035096,2025-04-20,05:15 PM,eBird - Traveling Count,87,1,2.301,,1
S253053193,Common Grackle,Quiscalus quiscula,33853,1,US-MD,Montgomery,L126620,Hughes Hollow - McKee Beshers WMA,39.0803767,-77.4035096,2025-06-22,06:50 AM,eBird - Traveling Count,99,1,1.237,,1
S315703473,Common Grackle,Quiscalus quiscula,33853,6,US-MD,Montgomery,L126620,Hughes Hollow - McKee Beshers WMA,39.0803767,-77.4035096,2026-04-01,05:00 PM,eBird - Traveling Count,58,1,.544,,1,,,This was an absolutely stunning evening. Lots of birds. Couple of unexpected visitors like the blue winged teal and a nice show from the red-headed woodpeckers.
S230262565,Common Grackle,Quiscalus quiscula,33853,5,US-MD,Montgomery,L22161519,Hughes Hollow - McKee Beshers WMA--sunflower area and eastern fields,39.076893,-77.3812916,2025-04-27,03:44 PM,eBird - Traveling Count,78,1,3.75,,3
S285631806,Common Grackle,Quiscalus quiscula,33853,1,US-MD,Montgomery,L22161519,Hughes Hollow - McKee Beshers WMA--sunflower area and eastern fields,39.076893,-77.3812916,2025-11-22,12:53 PM,eBird - Traveling Count,53,1,3.085,,2
S246582636,Common Grackle,Quiscalus quiscula,33853,1,US-MD,Montgomery,L31569197,"Malcolm King Park (39.121, -77.212)",39.1205865,-77.212024,2025-06-04,08:20 AM,eBird - Traveling Count,9,1,.554,,1
S237084412,Common Grackle,Quiscalus quiscula,33853,2,US-MD,Montgomery,L11140089,"Rio Park, Gaithersburg",39.1168491,-77.1972698,2025-05-12,06:07 PM,eBird - Traveling Count,12,1,.113,,1
S221320287,Common Grackle,Quiscalus quiscula,33853,2,US-NY,New York,L3044567,"Hudson River Park--Pier 55 (Little Island, W 12th-14th St.)",40.7420139,-74.0106444,2025-03-28,11:55 AM,eBird - Traveling Count,38,1,.95,,1
S177579473,Common Grackle,Quiscalus quiscula,33853,3,US-MD,Prince George's,L305078,Patuxent Research Refuge--South Tract (National Wildlife Visitor Center),39.0270605,-76.7991731,2024-05-27,09:22 AM,eBird - Traveling Count,131,0,8.433,,2
S226419119,Common Grackle,Quiscalus quiscula,33853,1,US-FL,Sarasota,L625835,Lemon Bay Park,26.9727128,-82.3743725,2025-04-17,02:32 PM,eBird - Traveling Count,58,1,2.897,,1
S180824684,Common Grackle,Quiscalus quiscula,33853,10,US-MA,Suffolk,L33185579,"91 Harborside Drive, Boston, Massachusetts, US (42.359, -71.029)",42.359204,-71.0287974,2024-06-11,12:43 PM,eBird - Traveling Count,35,1,2.351,,1
S181474802,Common Grackle,Quiscalus quiscula,33853,2,US-MA,Suffolk,L515554,Charles River Esplanade,42.3553409,-71.0790968,2024-06-14,04:19 PM,eBird - Traveling Count,45,1,.674,,1
S235499091,Common Grackle,Quiscalus quiscula,33853,X,US-DE,Sussex,L44556825,"Cranberry Park, Rehoboth Beach, Delaware, US (38.718, -75.083)",38.7178331,-75.0831735,2025-05-09,06:30 PM,eBird - Casual Observation,,0,,,2
S235862177,Common Grackle,Quiscalus quiscula,33853,2,US-DE,Sussex,L1760833,Rehoboth  Beach,38.7160411,-75.0768757,2025-05-10,04:41 PM,eBird - Traveling Count,58,1,4.168,,1
S175728697,Common Grackle,Quiscalus quiscula,33853,3,US-MD,Washington,L31950817,"3716 Harpers Ferry Road, Sharpsburg, Maryland, US (39.415, -77.737)",39.4153833,-77.7371018,2024-05-19,01:18 PM,eBird - Traveling Count,172,1,6.436,,3
S177419574,Common Grackle,Quiscalus quiscula,33853,6,US-MD,Washington,L31950817,"3716 Harpers Ferry Road, Sharpsburg, Maryland, US (39.415, -77.737)",39.4153833,-77.7371018,2024-05-26,06:06 PM,eBird - Traveling Count,15,0,12.975,,1
S252687295,Common Grackle,Quiscalus quiscula,33853,2,US-MD,Washington,L31950817,"3716 Harpers Ferry Road, Sharpsburg, Maryland, US (39.415, -77.737)",39.4153833,-77.7371018,2025-06-21,08:44 AM,eBird - Stationary Count,31,1,,,1
S226075152,Boat-tailed Grackle,Quiscalus major,33858,2,US-FL,Charlotte,L618537,Amberjack Environmental Park--Lemon Lake,26.8725833,-82.3001289,2025-04-16,08:52 AM,eBird - Traveling Count,100,1,1.018,,4
S226075158,Boat-tailed Grackle,Quiscalus major,33858,2,US-FL,Charlotte,L618537,Amberjack Environmental Park--Lemon Lake,26.8725833,-82.3001289,2025-04-16,08:52 AM,eBird - Traveling Count,100,1,1.018,,4
S298474473,Boat-tailed Grackle,Quiscalus major,33858,12,US-FL,Charlotte,L2391257,Ann Dever Memorial Regional Park,26.9182434,-82.3157501,2026-02-06,03:27 PM,eBird - Traveling Count,73,1,1.287,,2
S225653591,Boat-tailed Grackle,Quiscalus major,33858,2,US-FL,Charlotte,L618241,Cedar Point Environmental Park,26.9253511,-82.334868,2025-04-14,02:41 PM,eBird - Traveling Count,95,1,4.216,,4
S298997775,Boat-tailed Grackle,Quiscalus major,33858,4,US-FL,Charlotte,L11416412,Chadwick Park,26.9234331,-82.3579264,2026-02-08,03:52 PM,eBird - Traveling Count,7,1,.107,,2
S225656554,Boat-tailed Grackle,Quiscalus major,33858,1,US-FL,Charlotte,L42656865,"Downing Street, Englewood, Florida, US (26.898, -82.321)",26.8978819,-82.3212738,2025-04-14,04:23 PM,eBird - Traveling Count,5,1,.527,,1
S298432896,Boat-tailed Grackle,Quiscalus major,33858,12,US-FL,Charlotte,L17495505,Links Lane,26.8642861,-82.2841545,2026-02-06,11:11 AM,eBird - Traveling Count,53,1,.15,,2
S226336345,Boat-tailed Grackle,Quiscalus major,33858,3,US-FL,Charlotte,L617642,Ollie's Pond Park,26.9860616,-82.1496961,2025-04-17,09:25 AM,eBird - Traveling Count,86,1,2.382,,3
S298932326,Boat-tailed Grackle,Quiscalus major,33858,2,US-FL,Charlotte,L617642,Ollie's Pond Park,26.9860616,-82.1496961,2026-02-08,09:32 AM,eBird - Traveling Count,154,1,1.556,,2
S298300486,Boat-tailed Grackle,Quiscalus major,33858,30,US-FL,Charlotte,L8957295,Rotunda Meadows Prairie,26.8573451,-82.2223281,2026-02-05,04:12 PM,eBird - Traveling Count,93,1,12.54,,2,,Estimate
S225882649,Boat-tailed Grackle,Quiscalus major,33858,2,US-FL,Lee,L1084111,Gasparilla Island SP,26.7174771,-82.2609043,2025-04-15,11:20 AM,eBird - Traveling Count,126,1,10.992,,2
S176388677,Boat-tailed Grackle,Quiscalus major,33858,4,US-FL,Sarasota,L18609510,Deep Hole--Myakka SP Wilderness Trail,27.215375,-82.3381957,2021-02-17,,Historical,,0,,,2
S173679398,Boat-tailed Grackle,Quiscalus major,33858,6,US-FL,Sarasota,L607892,Venice Rookery,27.04598,-82.39989,2024-03-25,09:40 AM,eBird - Stationary Count,90,1,,,3,,,My kiddo got to participate in the nest egg count with the Audubon society for the purple martins.
S280415029,Great-tailed Grackle,Quiscalus mexicanus,33864,12,US-CA,San Diego,L10053177,La Costa Ranch,33.0895832,-117.2502914,2025-10-19,03:57 PM,eBird - Stationary Count,74,1,,,1
S173113419,Boat-tailed/Great-tailed Grackle,Quiscalus major/mexicanus,33878,4,US-MD,Washington,L4053312,Devil's Backbone County Park,39.538741,-77.7100086,2024-05-08,01:00 PM,eBird - Traveling Count,120,1,8.047,,2,,Four boat tail grackles fishing for what appears to be crawdads maybe in the mud along the creek.
S276905817,Ovenbird,Seiurus aurocapilla,33946,1,US-MD,Montgomery,L1554234,Little Bennett RP--Froggy Hollow Trail,39.2619385,-77.2789755,2025-10-02,06:07 PM,eBird - Traveling Count,51,1,1.195,,1
S192498775,Ovenbird,Seiurus aurocapilla,33946,1,US-ME,Oxford,L486982,Baldpate Mountain (Grafton Township),44.6063572,-70.8978653,2024-08-23,01:10 PM,eBird - Casual Observation,,0,,,2
S252687295,Worm-eating Warbler,Helmitheros vermivorum,33950,1,US-MD,Washington,L31950817,"3716 Harpers Ferry Road, Sharpsburg, Maryland, US (39.415, -77.737)",39.4153833,-77.7371018,2025-06-21,08:44 AM,eBird - Stationary Count,31,1,,,1,,Small yellowish warbler with black stripes on its head. No other warblers nearby but this one was with a few chickadees in a tree.
S315322313,Louisiana Waterthrush,Parkesia motacilla,33952,1,US-MD,Montgomery,L2769057,Little Bennett RP--Western Piedmont Trail,39.27653,-77.3071432,2026-03-31,06:10 PM,eBird - Traveling Count,67,1,.97,,1,,White eye bar distinctive orange reddish feet. Was near a little swamp off of one of the side trails close to the entrance of the park.
S225941637,Black-and-white Warbler,Mniotilta varia,33962,1,US-FL,Charlotte,L618537,Amberjack Environmental Park--Lemon Lake,26.8725833,-82.3001289,2025-04-15,05:04 PM,eBird - Traveling Count,72,1,3.235,,1,,,,633825694
S226075152,Black-and-white Warbler,Mniotilta varia,33962,1,US-FL,Charlotte,L618537,Amberjack Environmental Park--Lemon Lake,26.8725833,-82.3001289,2025-04-16,08:52 AM,eBird - Traveling Count,100,1,1.018,,4
S226075158,Black-and-white Warbler,Mniotilta varia,33962,1,US-FL,Charlotte,L618537,Amberjack Environmental Park--Lemon Lake,26.8725833,-82.3001289,2025-04-16,08:52 AM,eBird - Traveling Count,100,1,1.018,,4
S268827654,Black-and-white Warbler,Mniotilta varia,33962,2,US-NH,Coos,L748384,Dixville Notch--Wildlife Viewing Area,44.8537126,-71.2833416,2025-08-22,03:15 PM,eBird - Traveling Count,52,1,.761,,1
S245500420,Prothonotary Warbler,Protonotaria citrea,33963,1,US-MD,Montgomery,L285049,Agricultural History Farm Park,39.1610805,-77.1322894,2025-06-01,10:11 AM,eBird - Traveling Count,66,1,3.46,,1
S249924330,Prothonotary Warbler,Protonotaria citrea,33963,1,US-MD,Montgomery,L360157,C&O Canal--Riley's Lock,39.0682467,-77.3431492,2025-06-12,07:45 PM,eBird - Traveling Count,61,1,.287,,1
S227622469,Prothonotary Warbler,Protonotaria citrea,33963,1,US-MD,Montgomery,L126620,Hughes Hollow - McKee Beshers WMA,39.0803767,-77.4035096,2025-04-20,05:15 PM,eBird - Traveling Count,87,1,2.301,,1
S248712994,Prothonotary Warbler,Protonotaria citrea,33963,1,US-MD,Montgomery,L126620,Hughes Hollow - McKee Beshers WMA,39.0803767,-77.4035096,2025-06-09,08:09 PM,eBird - Traveling Count,35,1,1.352,,1
S253053193,Prothonotary Warbler,Protonotaria citrea,33963,3,US-MD,Montgomery,L126620,Hughes Hollow - McKee Beshers WMA,39.0803767,-77.4035096,2025-06-22,06:50 AM,eBird - Traveling Count,99,1,1.237,,1
S230262565,Prothonotary Warbler,Protonotaria citrea,33963,1,US-MD,Montgomery,L22161519,Hughes Hollow - McKee Beshers WMA--sunflower area and eastern fields,39.076893,-77.3812916,2025-04-27,03:44 PM,eBird - Traveling Count,78,1,3.75,,3
S259649565,Prothonotary Warbler,Protonotaria citrea,33963,1,US-MD,Montgomery,L22161519,Hughes Hollow - McKee Beshers WMA--sunflower area and eastern fields,39.076893,-77.3812916,2025-07-13,03:51 PM,eBird - Traveling Count,9,1,.612,,1
S280793659,Orange-crowned Warbler,Leiothlypis celata,33973,1,US-CA,San Diego,L10053177,La Costa Ranch,33.0895832,-117.2502914,2025-10-22,07:18 AM,eBird - Traveling Count,12,1,.225,,1
S192398436,Nashville Warbler,Leiothlypis ruficapilla,33981,1,US-NH,Coos,L35984729,"Dam Road, Errol, New Hampshire, US (44.822, -71.081)",44.8217351,-71.0806811,2024-08-22,04:41 PM,eBird - Stationary Count,63,0,,,2
S240002346,Kentucky Warbler,Geothlypis formosa,34011,2,US-MD,Montgomery,L2769057,Little Bennett RP--Western Piedmont Trail,39.27653,-77.3071432,2025-05-18,06:20 PM,eBird - Traveling Count,44,1,1.223,,1,,,,636074065
S226075152,Common Yellowthroat,Geothlypis trichas,34028,1,US-FL,Charlotte,L618537,Amberjack Environmental Park--Lemon Lake,26.8725833,-82.3001289,2025-04-16,08:52 AM,eBird - Traveling Count,100,1,1.018,,4
S226075158,Common Yellowthroat,Geothlypis trichas,34028,1,US-FL,Charlotte,L618537,Amberjack Environmental Park--Lemon Lake,26.8725833,-82.3001289,2025-04-16,08:52 AM,eBird - Traveling Count,100,1,1.018,,4
S250749828,Common Yellowthroat,Geothlypis trichas,34028,1,US-MD,Frederick,L2756806,Monocacy National Battlefield--Gambrill Mill Trail,39.3688266,-77.3877865,2025-06-15,01:10 PM,eBird - Traveling Count,80,1,1.175,,1
S245500420,Common Yellowthroat,Geothlypis trichas,34028,1,US-MD,Montgomery,L285049,Agricultural History Farm Park,39.1610805,-77.1322894,2025-06-01,10:11 AM,eBird - Traveling Count,66,1,3.46,,1
S230164377,Common Yellowthroat,Geothlypis trichas,34028,3,US-MD,Montgomery,L42214720,"Camp Seneca, Maryland, US (39.177, -77.302)",39.1772081,-77.3018305,2025-04-27,01:45 PM,eBird - Traveling Count,50,1,.49,,1
S194193514,Common Yellowthroat,Geothlypis trichas,34028,1,US-MD,Montgomery,L126620,Hughes Hollow - McKee Beshers WMA,39.0803767,-77.4035096,2024-09-06,05:47 PM,eBird - Traveling Count,56,1,3.219,,4
S227622469,Common Yellowthroat,Geothlypis trichas,34028,2,US-MD,Montgomery,L126620,Hughes Hollow - McKee Beshers WMA,39.0803767,-77.4035096,2025-04-20,05:15 PM,eBird - Traveling Count,87,1,2.301,,1
S248712994,Common Yellowthroat,Geothlypis trichas,34028,1,US-MD,Montgomery,L126620,Hughes Hollow - McKee Beshers WMA,39.0803767,-77.4035096,2025-06-09,08:09 PM,eBird - Traveling Count,35,1,1.352,,1
S253053193,Common Yellowthroat,Geothlypis trichas,34028,3,US-MD,Montgomery,L126620,Hughes Hollow - McKee Beshers WMA,39.0803767,-77.4035096,2025-06-22,06:50 AM,eBird - Traveling Count,99,1,1.237,,1
S259644861,Common Yellowthroat,Geothlypis trichas,34028,1,US-MD,Montgomery,L126620,Hughes Hollow - McKee Beshers WMA,39.0803767,-77.4035096,2025-07-13,03:26 PM,eBird - Traveling Count,15,1,.342,,2
S230262565,Common Yellowthroat,Geothlypis trichas,34028,3,US-MD,Montgomery,L22161519,Hughes Hollow - McKee Beshers WMA--sunflower area and eastern fields,39.076893,-77.3812916,2025-04-27,03:44 PM,eBird - Traveling Count,78,1,3.75,,3
S240002346,Common Yellowthroat,Geothlypis trichas,34028,3,US-MD,Montgomery,L2769057,Little Bennett RP--Western Piedmont Trail,39.27653,-77.3071432,2025-05-18,06:20 PM,eBird - Traveling Count,44,1,1.223,,1
S247455766,Common Yellowthroat,Geothlypis trichas,34028,2,US-MD,Montgomery,L41905651,"Seneca Greenway Trail, Gaithersburg, Maryland, US (39.167, -77.229)",39.1672893,-77.2288242,2025-06-06,05:55 PM,eBird - Traveling Count,51,1,.37,,1
S239213799,Common Yellowthroat,Geothlypis trichas,34028,1,US-MD,Prince George's,L305078,Patuxent Research Refuge--South Tract (National Wildlife Visitor Center),39.0270605,-76.7991731,2025-05-17,08:28 AM,eBird - Traveling Count,149,1,6.502,,1
S230164377,Hooded Warbler,Setophaga citrina,34057,1,US-MD,Montgomery,L42214720,"Camp Seneca, Maryland, US (39.177, -77.302)",39.1772081,-77.3018305,2025-04-27,01:45 PM,eBird - Traveling Count,50,1,.49,,1
S192398436,American Redstart,Setophaga ruticilla,34058,2,US-NH,Coos,L35984729,"Dam Road, Errol, New Hampshire, US (44.822, -71.081)",44.8217351,-71.0806811,2024-08-22,04:41 PM,eBird - Stationary Count,63,0,,,2
S245892700,American Redstart,Setophaga ruticilla,34058,1,US-MD,Montgomery,L9055068,Hibiscus court Maryland,39.1187154,-77.2108193,2025-06-02,09:09 AM,eBird - Traveling Count,9,1,.177,,1
S276176191,American Redstart,Setophaga ruticilla,34058,1,US-MD,Montgomery,L53412458,"Little Bennett Park Day Use Area, Clarksburg, Maryland, US (39.26, -77.302)",39.2601836,-77.3018111,2025-09-28,06:19 PM,eBird - Traveling Count,51,1,1.785,,1
S239213799,American Redstart,Setophaga ruticilla,34058,1,US-MD,Prince George's,L305078,Patuxent Research Refuge--South Tract (National Wildlife Visitor Center),39.0270605,-76.7991731,2025-05-17,08:28 AM,eBird - Traveling Count,149,1,6.502,,1
S225941637,Cape May Warbler,Setophaga tigrina,34060,2,US-FL,Charlotte,L618537,Amberjack Environmental Park--Lemon Lake,26.8725833,-82.3001289,2025-04-15,05:04 PM,eBird - Traveling Count,72,1,3.235,,1,,,,633825704
S192398436,Cape May Warbler,Setophaga tigrina,34060,1,US-NH,Coos,L35984729,"Dam Road, Errol, New Hampshire, US (44.822, -71.081)",44.8217351,-71.0806811,2024-08-22,04:41 PM,eBird - Stationary Count,63,0,,,2
S232647749,Cape May Warbler,Setophaga tigrina,34060,1,US-MD,Montgomery,L33913928,"Camden Retention Pond, Gaithersburg, Maryland, US (39.12, -77.206)",39.1197497,-77.2064087,2025-05-03,03:19 PM,eBird - Traveling Count,32,1,1.03,,1
S229607559,Cape May Warbler,Setophaga tigrina,34060,1,US-MD,Montgomery,L9055068,Hibiscus court Maryland,39.1187154,-77.2108193,2025-04-26,11:07 AM,eBird - Traveling Count,5,1,.272,,1
S226075152,Northern Parula,Setophaga americana,34063,1,US-FL,Charlotte,L618537,Amberjack Environmental Park--Lemon Lake,26.8725833,-82.3001289,2025-04-16,08:52 AM,eBird - Traveling Count,100,1,1.018,,4
S226075158,Northern Parula,Setophaga americana,34063,1,US-FL,Charlotte,L618537,Amberjack Environmental Park--Lemon Lake,26.8725833,-82.3001289,2025-04-16,08:52 AM,eBird - Traveling Count,100,1,1.018,,4
S192398436,Northern Parula,Setophaga americana,34063,1,US-NH,Coos,L35984729,"Dam Road, Errol, New Hampshire, US (44.822, -71.081)",44.8217351,-71.0806811,2024-08-22,04:41 PM,eBird - Stationary Count,63,0,,,2
S245692718,Northern Parula,Setophaga americana,34063,1,US-MD,Montgomery,L515805,C&O Canal--Mouth of the Monocacy (Mont. Co.),39.221687,-77.451432,2025-06-01,05:35 PM,eBird - Traveling Count,35,1,.52,,1
S230262565,Northern Parula,Setophaga americana,34063,1,US-MD,Montgomery,L22161519,Hughes Hollow - McKee Beshers WMA--sunflower area and eastern fields,39.076893,-77.3812916,2025-04-27,03:44 PM,eBird - Traveling Count,78,1,3.75,,3
S239213799,Northern Parula,Setophaga americana,34063,1,US-MD,Prince George's,L305078,Patuxent Research Refuge--South Tract (National Wildlife Visitor Center),39.0270605,-76.7991731,2025-05-17,08:28 AM,eBird - Traveling Count,149,1,6.502,,1
S232647749,Bay-breasted Warbler,Setophaga castanea,34083,2,US-MD,Montgomery,L33913928,"Camden Retention Pond, Gaithersburg, Maryland, US (39.12, -77.206)",39.1197497,-77.2064087,2025-05-03,03:19 PM,eBird - Traveling Count,32,1,1.03,,1,,"Male and a female. Heard the pip call, saw them chase each other into a honeysuckle, confirmed with Merlin. Male has characteristic rusty head and breast, female was drab, both had distinctive white wing bars."
S225232220,Northern Yellow Warbler,Setophaga aestiva,34087,1,US-MD,Montgomery,L31569197,"Malcolm King Park (39.121, -77.212)",39.1205865,-77.212024,2025-04-13,10:38 AM,eBird - Traveling Count,35,1,.805,,2,,"Single male, all yellow with distinctive vertical black bars on its wings."
S177579473,Northern Yellow Warbler,Setophaga aestiva,34087,1,US-MD,Prince George's,L305078,Patuxent Research Refuge--South Tract (National Wildlife Visitor Center),39.0270605,-76.7991731,2024-05-27,09:22 AM,eBird - Traveling Count,131,0,8.433,,2
S199502389,Blackpoll Warbler,Setophaga striata,34138,1,US-DC,District of Columbia,L477896,LBJ Memorial Grove - Columbia Island Marina,38.8783386,-77.0510674,2024-10-19,01:47 PM,eBird - Traveling Count,81,1,1.738,,1
S278435561,Black-throated Blue Warbler,Setophaga caerulescens,34141,1,US-MD,Montgomery,L285049,Agricultural History Farm Park,39.1610805,-77.1322894,2025-10-10,05:49 PM,eBird - Traveling Count,36,1,1.343,,1
S225941637,Palm Warbler,Setophaga palmarum,34148,4,US-FL,Charlotte,L618537,Amberjack Environmental Park--Lemon Lake,26.8725833,-82.3001289,2025-04-15,05:04 PM,eBird - Traveling Count,72,1,3.235,,1
S226075152,Palm Warbler,Setophaga palmarum,34148,2,US-FL,Charlotte,L618537,Amberjack Environmental Park--Lemon Lake,26.8725833,-82.3001289,2025-04-16,08:52 AM,eBird - Traveling Count,100,1,1.018,,4
S226075158,Palm Warbler,Setophaga palmarum,34148,2,US-FL,Charlotte,L618537,Amberjack Environmental Park--Lemon Lake,26.8725833,-82.3001289,2025-04-16,08:52 AM,eBird - Traveling Count,100,1,1.018,,4
S299019880,Palm Warbler,Setophaga palmarum,34148,2,US-FL,Charlotte,L618537,Amberjack Environmental Park--Lemon Lake,26.8725833,-82.3001289,2026-02-08,05:00 PM,eBird - Traveling Count,34,1,.332,,2
S298474473,Palm Warbler,Setophaga palmarum,34148,2,US-FL,Charlotte,L2391257,Ann Dever Memorial Regional Park,26.9182434,-82.3157501,2026-02-06,03:27 PM,eBird - Traveling Count,73,1,1.287,,2
S298718546,Palm Warbler,Setophaga palmarum,34148,4,US-FL,Charlotte,L618241,Cedar Point Environmental Park,26.9253511,-82.334868,2026-02-07,03:32 PM,eBird - Traveling Count,86,1,1.719,,1
S299140266,Palm Warbler,Setophaga palmarum,34148,3,US-FL,Charlotte,L618241,Cedar Point Environmental Park,26.9253511,-82.334868,2026-02-09,08:29 AM,eBird - Traveling Count,114,1,1.533,,2
S299177701,Palm Warbler,Setophaga palmarum,34148,4,US-FL,Charlotte,L42656865,"Downing Street, Englewood, Florida, US (26.898, -82.321)",26.8978819,-82.3212738,2026-02-09,12:58 PM,eBird - Stationary Count,10,1,,,2
S298432896,Palm Warbler,Setophaga palmarum,34148,2,US-FL,Charlotte,L17495505,Links Lane,26.8642861,-82.2841545,2026-02-06,11:11 AM,eBird - Traveling Count,53,1,.15,,2
S298683570,Palm Warbler,Setophaga palmarum,34148,6,US-FL,Charlotte,L21750506,"Live Oak Blvd, Prairie Creek Preserve entrance road",27.005263,-81.929974,2026-02-07,09:07 AM,eBird - Traveling Count,83,1,4.837,,2
S299162126,Palm Warbler,Setophaga palmarum,34148,1,US-FL,Charlotte,L855856,Stump Pass Beach SP,26.9022934,-82.346805,2026-02-09,11:14 AM,eBird - Traveling Count,37,1,.898,,2
S299026588,Palm Warbler,Setophaga palmarum,34148,2,US-FL,Charlotte,L1345169,Wildflower Preserve,26.8814148,-82.3046701,2026-02-08,05:41 PM,eBird - Traveling Count,26,1,.727,,2
S192398436,Palm Warbler,Setophaga palmarum,34148,1,US-NH,Coos,L35984729,"Dam Road, Errol, New Hampshire, US (44.822, -71.081)",44.8217351,-71.0806811,2024-08-22,04:41 PM,eBird - Stationary Count,63,0,,,2
S173683770,Palm Warbler,Setophaga palmarum,34148,2,US-DC,District of Columbia,L490336,C&O Canal--Fletcher's Cove (Fletcher's Boathouse),38.9188853,-77.1022224,2017-04-05,01:25 PM,eBird - Traveling Count,75,1,2.414,,3,,,With Paul Charron and Chris Marcum
S272049115,Pine Warbler,Setophaga pinus,34153,1,US-MD,Allegany,L2462463,Rocky Gap SP--camping loop,39.7113795,-78.6453509,2025-09-06,02:44 PM,eBird - Traveling Count,433,1,2.497,,2
S298718546,Pine Warbler,Setophaga pinus,34153,2,US-FL,Charlotte,L618241,Cedar Point Environmental Park,26.9253511,-82.334868,2026-02-07,03:32 PM,eBird - Traveling Count,86,1,1.719,,1
S299140266,Pine Warbler,Setophaga pinus,34153,1,US-FL,Charlotte,L618241,Cedar Point Environmental Park,26.9253511,-82.334868,2026-02-09,08:29 AM,eBird - Traveling Count,114,1,1.533,,2
S192398436,Pine Warbler,Setophaga pinus,34153,1,US-NH,Coos,L35984729,"Dam Road, Errol, New Hampshire, US (44.822, -71.081)",44.8217351,-71.0806811,2024-08-22,04:41 PM,eBird - Stationary Count,63,0,,,2
S223512042,Pine Warbler,Setophaga pinus,34153,1,US-MD,Montgomery,L42214720,"Camp Seneca, Maryland, US (39.177, -77.302)",39.1772081,-77.3018305,2025-04-06,02:51 PM,eBird - Traveling Count,57,1,1.207,,1
S279738820,Pine Warbler,Setophaga pinus,34153,1,US-MD,Montgomery,L54114773,"Washington Woods Park, Gaithersburg, Maryland, US (39.113, -77.224)",39.11282,-77.2236712,2025-10-16,01:21 PM,eBird - Traveling Count,34,1,.56,,1
S239213799,Pine Warbler,Setophaga pinus,34153,2,US-MD,Prince George's,L305078,Patuxent Research Refuge--South Tract (National Wildlife Visitor Center),39.0270605,-76.7991731,2025-05-17,08:28 AM,eBird - Traveling Count,149,1,6.502,,1
S226075158,Yellow-rumped Warbler,Setophaga coronata,34159,0,US-FL,Charlotte,L618537,Amberjack Environmental Park--Lemon Lake,26.8725833,-82.3001289,2025-04-16,08:52 AM,eBird - Traveling Count,100,1,1.018,,4
S299019880,Yellow-rumped Warbler,Setophaga coronata,34159,1,US-FL,Charlotte,L618537,Amberjack Environmental Park--Lemon Lake,26.8725833,-82.3001289,2026-02-08,05:00 PM,eBird - Traveling Count,34,1,.332,,2
S298932326,Yellow-rumped Warbler,Setophaga coronata,34159,1,US-FL,Charlotte,L617642,Ollie's Pond Park,26.9860616,-82.1496961,2026-02-08,09:32 AM,eBird - Traveling Count,154,1,1.556,,2
S195126034,Yellow-rumped Warbler,Setophaga coronata,34159,1,US-UT,Davis,L190743,Antelope Island SP,41.0465405,-112.2383881,2024-09-14,09:32 AM,eBird - Traveling Count,359,0,80.129,,1
S173683770,Yellow-rumped Warbler,Setophaga coronata,34159,1,US-DC,District of Columbia,L490336,C&O Canal--Fletcher's Cove (Fletcher's Boathouse),38.9188853,-77.1022224,2017-04-05,01:25 PM,eBird - Traveling Count,75,1,2.414,,3,,,With Paul Charron and Chris Marcum
S250749828,Yellow-rumped Warbler,Setophaga coronata,34159,3,US-MD,Frederick,L2756806,Monocacy National Battlefield--Gambrill Mill Trail,39.3688266,-77.3877865,2025-06-15,01:10 PM,eBird - Traveling Count,80,1,1.175,,1,,"Two adults and one newly fledged chick. I got a photograph of the chick but it is nondescript. I also have a sound recording of the adults. Confirmed via Merlin. They appeared to be nesting and were found near the Bush Creek side of the park.  Two adults had speckled breast with flashes of yellow on each side, one with a grayish head and the other dusty brown. Characteristic  cheery ""chips"" were easily distinguished from the louder, angrier chips of the nearby indigo buntings. The only other bird nearby with similar characteristics would have been the common yellowthroat, but that bird has a brassy sounding chip.  Recording is clear.",,637609793
S285631919,Yellow-rumped Warbler,Setophaga coronata,34159,2,US-MD,Frederick,L473415,New Design Road,39.2903356,-77.4676037,2025-11-02,12:56 PM,eBird - Traveling Count,207,1,7.02,,1
S219838300,Yellow-rumped Warbler,Setophaga coronata,34159,1,US-MD,Montgomery,L41478272,"18303 Muncaster Road, Rockville, Maryland, US (39.152, -77.129)",39.1521235,-77.1293639,2025-03-21,04:45 PM,eBird - Traveling Count,15,1,.676,,1
S287726423,Yellow-rumped Warbler,Setophaga coronata,34159,2,US-MD,Montgomery,L285049,Agricultural History Farm Park,39.1610805,-77.1322894,2025-12-07,03:07 PM,eBird - Traveling Count,87,1,1.583,,2
S281536379,Yellow-rumped Warbler,Setophaga coronata,34159,3,US-MD,Montgomery,L459907,"Black Hill RP--Little Seneca Lake, Rte.121",39.189427,-77.309455,2025-10-26,03:54 PM,eBird - Traveling Count,58,1,1.349,,1
S210247451,Yellow-rumped Warbler,Setophaga coronata,34159,1,US-MD,Montgomery,L214293,C&O Canal--Great Falls,38.9994802,-77.2450634,2022-01-08,09:00 AM,Historical,60,0,3.219
S292971443,Yellow-rumped Warbler,Setophaga coronata,34159,1,US-MD,Montgomery,L33913928,"Camden Retention Pond, Gaithersburg, Maryland, US (39.12, -77.206)",39.1197497,-77.2064087,2026-01-07,12:17 PM,eBird - Traveling Count,22,1,.58,,1
S222948122,Yellow-rumped Warbler,Setophaga coronata,34159,1,US-MD,Montgomery,L42096446,"Dufief Muddy Branch Park, North Potomac, Maryland, US (39.105, -77.236)",39.1045983,-77.2364397,2025-04-04,03:51 PM,eBird - Traveling Count,26,1,.885,,2
S229607559,Yellow-rumped Warbler,Setophaga coronata,34159,1,US-MD,Montgomery,L9055068,Hibiscus court Maryland,39.1187154,-77.2108193,2025-04-26,11:07 AM,eBird - Traveling Count,5,1,.272,,1
S285631806,Yellow-rumped Warbler,Setophaga coronata,34159,1,US-MD,Montgomery,L22161519,Hughes Hollow - McKee Beshers WMA--sunflower area and eastern fields,39.076893,-77.3812916,2025-11-22,12:53 PM,eBird - Traveling Count,53,1,3.085,,2
S315322313,Yellow-rumped Warbler,Setophaga coronata,34159,1,US-MD,Montgomery,L2769057,Little Bennett RP--Western Piedmont Trail,39.27653,-77.3071432,2026-03-31,06:10 PM,eBird - Traveling Count,67,1,.97,,1
S292410625,Yellow-rumped Warbler,Setophaga coronata,34159,1,US-MD,Montgomery,L31569197,"Malcolm King Park (39.121, -77.212)",39.1205865,-77.212024,2026-01-04,11:17 AM,eBird - Traveling Count,77,1,1.98,,2
S219612076,Yellow-rumped Warbler,Setophaga coronata,34159,2,US-MD,Montgomery,L11101726,Muddy Branch Park,39.113044,-77.226531,2025-03-20,11:04 AM,eBird - Traveling Count,26,1,.547,,1,,"Two individuals. Appear to be in breeding plumage with bright yellow crowns, rumps, and shoulders. I called them in to confirm."
S305118682,Yellow-rumped Warbler,Setophaga coronata,34159,1,US-MD,Montgomery,L53737414,Royce Hanson Conservation Park at Broad Run,39.1324176,-77.4573434,2026-03-01,03:06 PM,eBird - Traveling Count,44,1,1.343,,2,,,,651962794
S203796738,Yellow-rumped Warbler,Setophaga coronata,34159,1,US-MD,Montgomery,L2055457,Sycamore Landing Rd. fields,39.0839717,-77.4146461,2024-11-27,02:08 PM,eBird - Traveling Count,89,1,4.361,,2
S280415029,Yellow-rumped Warbler,Setophaga coronata,34159,1,US-CA,San Diego,L10053177,La Costa Ranch,33.0895832,-117.2502914,2025-10-19,03:57 PM,eBird - Stationary Count,74,1,,,1
S280793659,Yellow-rumped Warbler,Setophaga coronata,34159,1,US-CA,San Diego,L10053177,La Costa Ranch,33.0895832,-117.2502914,2025-10-22,07:18 AM,eBird - Traveling Count,12,1,.225,,1
S299140266,Yellow-throated Warbler,Setophaga dominica,34171,1,US-FL,Charlotte,L618241,Cedar Point Environmental Park,26.9253511,-82.334868,2026-02-09,08:29 AM,eBird - Traveling Count,114,1,1.533,,2,,"Yellow throat , white stripe on eyebrow, , black and white stripes breast and wings, dark back"
S243074956,Yellow-throated Warbler,Setophaga dominica,34171,2,US-MD,Montgomery,L192824,C&O Canal--Violette's Lock,39.066803,-77.32951,2025-05-26,11:56 AM,eBird - Traveling Count,55,1,.8,,2
S225941637,Prairie Warbler,Setophaga discolor,34185,1,US-FL,Charlotte,L618537,Amberjack Environmental Park--Lemon Lake,26.8725833,-82.3001289,2025-04-15,05:04 PM,eBird - Traveling Count,72,1,3.235,,1,,,,633825719
S226075152,Black-throated Green Warbler,Setophaga virens,34218,1,US-FL,Charlotte,L618537,Amberjack Environmental Park--Lemon Lake,26.8725833,-82.3001289,2025-04-16,08:52 AM,eBird - Traveling Count,100,1,1.018,,4
S226075158,Black-throated Green Warbler,Setophaga virens,34218,1,US-FL,Charlotte,L618537,Amberjack Environmental Park--Lemon Lake,26.8725833,-82.3001289,2025-04-16,08:52 AM,eBird - Traveling Count,100,1,1.018,,4
S233083528,Canada Warbler,Cardellina canadensis,34344,2,US-MD,Montgomery,L196528,Black Hill Regional Park,39.192365,-77.295757,2025-05-04,12:18 PM,eBird - Traveling Count,64,1,3.541,,1
S243074956,Canada Warbler,Cardellina canadensis,34344,1,US-MD,Montgomery,L192824,C&O Canal--Violette's Lock,39.066803,-77.32951,2025-05-26,11:56 AM,eBird - Traveling Count,55,1,.8,,2
S192408165,new world warbler sp.,Parulidae sp.,34397,3,US-NH,Coos,L35986886,"Buffalo Farm Road, Errol, New Hampshire, US (44.792, -71.179)",44.7922784,-71.1793562,2024-08-22,12:55 PM,eBird - Traveling Count,6,1,1.851,,1
S192398436,new world warbler sp.,Parulidae sp.,34397,X,US-NH,Coos,L35984729,"Dam Road, Errol, New Hampshire, US (44.822, -71.081)",44.8217351,-71.0806811,2024-08-22,04:41 PM,eBird - Stationary Count,63,0,,,2,,"So many warblers in a feeding flock - possible Tennessee, yellow, pine..."
S248738652,Summer Tanager,Piranga rubra,34432,1,US-MD,Prince George's,L305078,Patuxent Research Refuge--South Tract (National Wildlife Visitor Center),39.0270605,-76.7991731,2024-05-27,09:00 AM,Historical,60,0,3.219
S276176191,Scarlet Tanager,Piranga olivacea,34436,1,US-MD,Montgomery,L53412458,"Little Bennett Park Day Use Area, Clarksburg, Maryland, US (39.26, -77.302)",39.2601836,-77.3018111,2025-09-28,06:19 PM,eBird - Traveling Count,51,1,1.785,,1
S247455766,Scarlet Tanager,Piranga olivacea,34436,1,US-MD,Montgomery,L41905651,"Seneca Greenway Trail, Gaithersburg, Maryland, US (39.167, -77.229)",39.1672893,-77.2288242,2025-06-06,05:55 PM,eBird - Traveling Count,51,1,.37,,1
S262226561,Scarlet Tanager,Piranga olivacea,34436,1,US-MD,Montgomery,L2055457,Sycamore Landing Rd. fields,39.0839717,-77.4146461,2025-07-23,05:48 PM,eBird - Traveling Count,32,1,.636,,1
S177579473,Scarlet Tanager,Piranga olivacea,34436,4,US-MD,Prince George's,L305078,Patuxent Research Refuge--South Tract (National Wildlife Visitor Center),39.0270605,-76.7991731,2024-05-27,09:22 AM,eBird - Traveling Count,131,0,8.433,,2
S175728697,Scarlet Tanager,Piranga olivacea,34436,2,US-MD,Washington,L31950817,"3716 Harpers Ferry Road, Sharpsburg, Maryland, US (39.415, -77.737)",39.4153833,-77.7371018,2024-05-19,01:18 PM,eBird - Traveling Count,172,1,6.436,,3
S173113419,Scarlet Tanager,Piranga olivacea,34436,1,US-MD,Washington,L4053312,Devil's Backbone County Park,39.538741,-77.7100086,2024-05-08,01:00 PM,eBird - Traveling Count,120,1,8.047,,2
S175887634,Flame-colored Tanager,Piranga bidentata,34442,1,US-AZ,Pima,L211809,Madera Canyon--Proctor Rd.,31.739938,-110.886147,2008-05-01,09:01 AM,Historical,150,1,,,2,,"Took photos, single individual.",Corrected checklist to be accurate as historical.,619338915
S250306194,Northern Cardinal,Cardinalis cardinalis,34515,4,US-MD,Baltimore,L517705,Fort Armistead Park (Baltimore City),39.2094705,-76.5330899,2025-06-14,02:00 PM,eBird - Traveling Count,57,1,.653,,1
S250341411,Northern Cardinal,Cardinalis cardinalis,34515,3,US-MD,Baltimore,L126626,Fort Howard Park,39.199,-76.44,2025-06-14,03:50 PM,eBird - Traveling Count,51,1,1.658,,1
S277297961,Northern Cardinal,Cardinalis cardinalis,34515,2,US-MD,Calvert,L285147,Calvert Cliffs State Park,38.3966118,-76.423091,2025-10-04,04:09 PM,eBird - Traveling Count,166,1,3.191,,1
S225941637,Northern Cardinal,Cardinalis cardinalis,34515,3,US-FL,Charlotte,L618537,Amberjack Environmental Park--Lemon Lake,26.8725833,-82.3001289,2025-04-15,05:04 PM,eBird - Traveling Count,72,1,3.235,,1
S226075152,Northern Cardinal,Cardinalis cardinalis,34515,5,US-FL,Charlotte,L618537,Amberjack Environmental Park--Lemon Lake,26.8725833,-82.3001289,2025-04-16,08:52 AM,eBird - Traveling Count,100,1,1.018,,4
S226075158,Northern Cardinal,Cardinalis cardinalis,34515,5,US-FL,Charlotte,L618537,Amberjack Environmental Park--Lemon Lake,26.8725833,-82.3001289,2025-04-16,08:52 AM,eBird - Traveling Count,100,1,1.018,,4
S225653591,Northern Cardinal,Cardinalis cardinalis,34515,4,US-FL,Charlotte,L618241,Cedar Point Environmental Park,26.9253511,-82.334868,2025-04-14,02:41 PM,eBird - Traveling Count,95,1,4.216,,4
S226162184,Northern Cardinal,Cardinalis cardinalis,34515,2,US-FL,Charlotte,L618241,Cedar Point Environmental Park,26.9253511,-82.334868,2025-04-16,02:36 PM,eBird - Traveling Count,41,1,.203,,3
S299140266,Northern Cardinal,Cardinalis cardinalis,34515,5,US-FL,Charlotte,L618241,Cedar Point Environmental Park,26.9253511,-82.334868,2026-02-09,08:29 AM,eBird - Traveling Count,114,1,1.533,,2
S298432896,Northern Cardinal,Cardinalis cardinalis,34515,1,US-FL,Charlotte,L17495505,Links Lane,26.8642861,-82.2841545,2026-02-06,11:11 AM,eBird - Traveling Count,53,1,.15,,2
S298683570,Northern Cardinal,Cardinalis cardinalis,34515,1,US-FL,Charlotte,L21750506,"Live Oak Blvd, Prairie Creek Preserve entrance road",27.005263,-81.929974,2026-02-07,09:07 AM,eBird - Traveling Count,83,1,4.837,,2
S226336345,Northern Cardinal,Cardinalis cardinalis,34515,2,US-FL,Charlotte,L617642,Ollie's Pond Park,26.9860616,-82.1496961,2025-04-17,09:25 AM,eBird - Traveling Count,86,1,2.382,,3
S298932326,Northern Cardinal,Cardinalis cardinalis,34515,3,US-FL,Charlotte,L617642,Ollie's Pond Park,26.9860616,-82.1496961,2026-02-08,09:32 AM,eBird - Traveling Count,154,1,1.556,,2
S299026588,Northern Cardinal,Cardinalis cardinalis,34515,1,US-FL,Charlotte,L1345169,Wildflower Preserve,26.8814148,-82.3046701,2026-02-08,05:41 PM,eBird - Traveling Count,26,1,.727,,2
S206613560,Northern Cardinal,Cardinalis cardinalis,34515,2,US-NH,Coos,L12723083,Errol Downtown,44.7801749,-71.1354232,2024-12-20,05:17 PM,eBird - Casual Observation,,0,,,2
S206174934,Northern Cardinal,Cardinalis cardinalis,34515,3,US-NH,Coos,L3547211,"Errol, private yards",44.7891067,-71.1536837,2024-12-21,09:55 AM,eBird - Stationary Count,70,1,,,4
S173683770,Northern Cardinal,Cardinalis cardinalis,34515,8,US-DC,District of Columbia,L490336,C&O Canal--Fletcher's Cove (Fletcher's Boathouse),38.9188853,-77.1022224,2017-04-05,01:25 PM,eBird - Traveling Count,75,1,2.414,,3,,,With Paul Charron and Chris Marcum
S189294100,Northern Cardinal,Cardinalis cardinalis,34515,1,US-DC,District of Columbia,L247770,Kenilworth Park and Aquatic Gardens,38.9133204,-76.9443433,2024-07-28,12:32 PM,eBird - Traveling Count,71,1,2.366,,2
S173683759,Northern Cardinal,Cardinalis cardinalis,34515,5,US-DC,District of Columbia,L5658941,TJM a District of Columbia,38.8818381,-77.0346951,2017-04-05,10:30 AM,eBird - Traveling Count,60,1,1.609,,3,,,With Paul Charron And Chris Marcum
S187599424,Northern Cardinal,Cardinalis cardinalis,34515,2,US-DC,District of Columbia,L1013541,The White House,38.8975294,-77.0364976,2024-07-18,06:29 PM,eBird - Traveling Count,10,1,.29,,1
S292145747,Northern Cardinal,Cardinalis cardinalis,34515,3,US-VA,Fairfax,L718485,Great Falls Park,38.9937,-77.2553,2026-01-03,10:48 AM,eBird - Traveling Count,75,1,1.28,,1
S292147729,Northern Cardinal,Cardinalis cardinalis,34515,1,US-VA,Fairfax,L718485,Great Falls Park,38.9937,-77.2553,2026-01-03,12:19 PM,eBird - Traveling Count,8,1,.1,,1
S304714269,Northern Cardinal,Cardinalis cardinalis,34515,1,US-MD,Frederick,L1739857,Catoctin Creek Park,39.392925,-77.5639615,2026-02-28,02:18 PM,eBird - Traveling Count,54,1,3.215,,1,,,Really nice day about 65° very few birds though at catoctin Park
S250749828,Northern Cardinal,Cardinalis cardinalis,34515,X,US-MD,Frederick,L2756806,Monocacy National Battlefield--Gambrill Mill Trail,39.3688266,-77.3877865,2025-06-15,01:10 PM,eBird - Traveling Count,80,1,1.175,,1
S285631919,Northern Cardinal,Cardinalis cardinalis,34515,1,US-MD,Frederick,L473415,New Design Road,39.2903356,-77.4676037,2025-11-02,12:56 PM,eBird - Traveling Count,207,1,7.02,,1
S184336723,Northern Cardinal,Cardinalis cardinalis,34515,1,US-MD,Frederick,L281578,Sugarloaf Mt.,39.2626685,-77.3972133,2018-04-01,10:45 AM,eBird - Traveling Count,130,1,4.828,,1
S314856678,Northern Cardinal,Cardinalis cardinalis,34515,3,US-MD,Howard,L716095,Patapsco Valley SP--Hollofield Section,39.2954172,-76.7864513,2026-03-30,01:49 PM,eBird - Traveling Count,78,1,.61,,1,,,Gorgeous day but no birds..
S290168731,Northern Cardinal,Cardinalis cardinalis,34515,1,US-MD,Montgomery,L56319480,"17505 Beauvoir Boulevard, Rockville, Maryland, US (39.144, -77.147)",39.14352,-77.1468984,2025-12-25,10:19 AM,eBird - Stationary Count,78,1,,,1
S219838300,Northern Cardinal,Cardinalis cardinalis,34515,2,US-MD,Montgomery,L41478272,"18303 Muncaster Road, Rockville, Maryland, US (39.152, -77.129)",39.1521235,-77.1293639,2025-03-21,04:45 PM,eBird - Traveling Count,15,1,.676,,1
S102906952,Northern Cardinal,Cardinalis cardinalis,34515,2,US-MD,Montgomery,L17792207,"25 Hibiscus Court, Gaithersburg, Maryland, US (39.119, -77.211)",39.1187963,-77.210908,2022-02-18,03:20 PM,eBird - Stationary Count,1,1,,,1
S102907199,Northern Cardinal,Cardinalis cardinalis,34515,1,US-MD,Montgomery,L17792207,"25 Hibiscus Court, Gaithersburg, Maryland, US (39.119, -77.211)",39.1187963,-77.210908,2022-02-18,03:23 PM,eBird - Casual Observation,,0,,,1,,,Backyard bird count
S286493297,Northern Cardinal,Cardinalis cardinalis,34515,6,US-MD,Montgomery,L17792207,"25 Hibiscus Court, Gaithersburg, Maryland, US (39.119, -77.211)",39.1187963,-77.210908,2025-11-26,04:33 PM,eBird - Traveling Count,365,1,.837,,1
S302434906,Northern Cardinal,Cardinalis cardinalis,34515,1,US-MD,Montgomery,L57047379,"A Fields Road Elementary, Gaithersburg, Maryland, US (39.119, -77.215)",39.1188882,-77.2150482,2026-02-20,09:10 AM,eBird - Traveling Count,91,1,1.206,,1
S304364531,Northern Cardinal,Cardinalis cardinalis,34515,2,US-MD,Montgomery,L57047379,"A Fields Road Elementary, Gaithersburg, Maryland, US (39.119, -77.215)",39.1188882,-77.2150482,2026-02-27,08:46 AM,eBird - Traveling Count,19,1,.435,,1
S305295338,Northern Cardinal,Cardinalis cardinalis,34515,1,US-MD,Montgomery,L57047379,"A Fields Road Elementary, Gaithersburg, Maryland, US (39.119, -77.215)",39.1188882,-77.2150482,2026-03-02,08:47 AM,eBird - Traveling Count,13,1,.458,,1
S305582448,Northern Cardinal,Cardinalis cardinalis,34515,2,US-MD,Montgomery,L57047379,"A Fields Road Elementary, Gaithersburg, Maryland, US (39.119, -77.215)",39.1188882,-77.2150482,2026-03-03,08:42 AM,eBird - Traveling Count,29,1,.426,,1
S173968054,Northern Cardinal,Cardinalis cardinalis,34515,4,US-MD,Montgomery,L285049,Agricultural History Farm Park,39.1610805,-77.1322894,2024-05-12,10:26 AM,eBird - Traveling Count,104,1,2.414,,1
S278435561,Northern Cardinal,Cardinalis cardinalis,34515,1,US-MD,Montgomery,L285049,Agricultural History Farm Park,39.1610805,-77.1322894,2025-10-10,05:49 PM,eBird - Traveling Count,36,1,1.343,,1
S307433161,Northern Cardinal,Cardinalis cardinalis,34515,3,US-MD,Montgomery,L1316706,Black Hill Hiker/Biker Trail,39.1941644,-77.2873378,2026-03-08,06:34 PM,eBird - Traveling Count,17,1,.825,,1
S296044910,Northern Cardinal,Cardinalis cardinalis,34515,3,US-MD,Montgomery,L595310,Black Hill RP--Boat Ramp area,39.2009491,-77.2941077,2026-01-24,02:29 PM,eBird - Traveling Count,35,1,2.7,,1
S281536379,Northern Cardinal,Cardinalis cardinalis,34515,2,US-MD,Montgomery,L459907,"Black Hill RP--Little Seneca Lake, Rte.121",39.189427,-77.309455,2025-10-26,03:54 PM,eBird - Traveling Count,58,1,1.349,,1
S206809614,Northern Cardinal,Cardinalis cardinalis,34515,1,US-MD,Montgomery,L196528,Black Hill Regional Park,39.192365,-77.295757,2024-12-27,04:17 PM,eBird - Traveling Count,80,1,13.164,,1
S233083528,Northern Cardinal,Cardinalis cardinalis,34515,2,US-MD,Montgomery,L196528,Black Hill Regional Park,39.192365,-77.295757,2025-05-04,12:18 PM,eBird - Traveling Count,64,1,3.541,,1
S297767655,Northern Cardinal,Cardinalis cardinalis,34515,2,US-MD,Montgomery,L230151,Blue Mash Nature Trail,39.1939588,-77.1060175,2026-02-02,04:13 PM,eBird - Traveling Count,24,1,.449,,2
S316508959,Northern Cardinal,Cardinalis cardinalis,34515,5,US-MD,Montgomery,L230151,Blue Mash Nature Trail,39.1939588,-77.1060175,2026-04-03,05:54 PM,eBird - Traveling Count,70,1,2.147,,1
S182634611,Northern Cardinal,Cardinalis cardinalis,34515,2,US-MD,Montgomery,L7383392,Bohrer Park,39.1329353,-77.1933532,2024-06-20,08:42 AM,eBird - Traveling Count,28,1,1.094,,1
S183556228,Northern Cardinal,Cardinalis cardinalis,34515,1,US-MD,Montgomery,L7383392,Bohrer Park,39.1329353,-77.1933532,2024-06-24,03:35 PM,eBird - Traveling Count,39,1,.174,,1
S186447746,Northern Cardinal,Cardinalis cardinalis,34515,1,US-MD,Montgomery,L7383392,Bohrer Park,39.1329353,-77.1933532,2024-07-11,08:29 AM,eBird - Traveling Count,12,0,.467,,1,,,Quite a few birds flying around at the top of trees. I couldn't identify cuz I didn't have binocs
S189398872,Northern Cardinal,Cardinalis cardinalis,34515,3,US-MD,Montgomery,L7383392,Bohrer Park,39.1329353,-77.1933532,2024-07-29,08:46 AM,eBird - Traveling Count,15,1,.933,,1
S252450521,Northern Cardinal,Cardinalis cardinalis,34515,1,US-MD,Montgomery,L7383392,Bohrer Park,39.1329353,-77.1933532,2025-06-20,08:18 AM,eBird - Traveling Count,20,1,.52,,1
S264217194,Northern Cardinal,Cardinalis cardinalis,34515,1,US-MD,Montgomery,L7383392,Bohrer Park,39.1329353,-77.1933532,2025-07-17,08:41 AM,eBird - Traveling Count,15,1,.744,,1
S263202719,Northern Cardinal,Cardinalis cardinalis,34515,2,US-MD,Montgomery,L7383392,Bohrer Park,39.1329353,-77.1933532,2025-07-27,02:00 PM,eBird - Traveling Count,31,1,.123,,1
S233615339,Northern Cardinal,Cardinalis cardinalis,34515,4,US-MD,Montgomery,L584300,C&O Canal--Edwards Ferry,39.1030006,-77.4737057,2025-05-05,06:00 PM,eBird - Traveling Count,42,1,1.493,,1
S210247451,Northern Cardinal,Cardinalis cardinalis,34515,3,US-MD,Montgomery,L214293,C&O Canal--Great Falls,38.9994802,-77.2450634,2022-01-08,09:00 AM,Historical,60,0,3.219
S245692718,Northern Cardinal,Cardinalis cardinalis,34515,1,US-MD,Montgomery,L515805,C&O Canal--Mouth of the Monocacy (Mont. Co.),39.221687,-77.451432,2025-06-01,05:35 PM,eBird - Traveling Count,35,1,.52,,1
S173683785,Northern Cardinal,Cardinalis cardinalis,34515,2,US-MD,Montgomery,L360157,C&O Canal--Riley's Lock,39.0682467,-77.3431492,2023-11-23,11:24 AM,eBird - Traveling Count,65,1,.668,,2
S249924330,Northern Cardinal,Cardinalis cardinalis,34515,3,US-MD,Montgomery,L360157,C&O Canal--Riley's Lock,39.0682467,-77.3431492,2025-06-12,07:45 PM,eBird - Traveling Count,61,1,.287,,1
S312041346,Northern Cardinal,Cardinalis cardinalis,34515,2,US-MD,Montgomery,L360157,C&O Canal--Riley's Lock,39.0682467,-77.3431492,2026-03-22,11:51 AM,eBird - Traveling Count,34,1,2.696,,2
S173683775,Northern Cardinal,Cardinalis cardinalis,34515,2,US-MD,Montgomery,L192824,C&O Canal--Violette's Lock,39.066803,-77.32951,2023-11-23,12:55 PM,eBird - Traveling Count,20,1,.547,,2
S217581672,Northern Cardinal,Cardinalis cardinalis,34515,3,US-MD,Montgomery,L192824,C&O Canal--Violette's Lock,39.066803,-77.32951,2025-03-09,05:06 PM,eBird - Traveling Count,77,1,.493,,1
S243074956,Northern Cardinal,Cardinalis cardinalis,34515,1,US-MD,Montgomery,L192824,C&O Canal--Violette's Lock,39.066803,-77.32951,2025-05-26,11:56 AM,eBird - Traveling Count,55,1,.8,,2
S233512387,Northern Cardinal,Cardinalis cardinalis,34515,1,US-MD,Montgomery,L33913928,"Camden Retention Pond, Gaithersburg, Maryland, US (39.12, -77.206)",39.1197497,-77.2064087,2025-05-05,01:14 PM,eBird - Traveling Count,7,1,.563,,1
S240410804,Northern Cardinal,Cardinalis cardinalis,34515,1,US-MD,Montgomery,L33913928,"Camden Retention Pond, Gaithersburg, Maryland, US (39.12, -77.206)",39.1197497,-77.2064087,2025-05-19,08:13 PM,eBird - Stationary Count,4,1,,,1
S270764740,Northern Cardinal,Cardinalis cardinalis,34515,1,US-MD,Montgomery,L33913928,"Camden Retention Pond, Gaithersburg, Maryland, US (39.12, -77.206)",39.1197497,-77.2064087,2025-08-31,07:33 PM,eBird - Traveling Count,97,1,1.031,,1
S276159786,Northern Cardinal,Cardinalis cardinalis,34515,2,US-MD,Montgomery,L33913928,"Camden Retention Pond, Gaithersburg, Maryland, US (39.12, -77.206)",39.1197497,-77.2064087,2025-09-27,11:00 AM,eBird - Traveling Count,37,1,1.082,,1
S278986302,Northern Cardinal,Cardinalis cardinalis,34515,1,US-MD,Montgomery,L33913928,"Camden Retention Pond, Gaithersburg, Maryland, US (39.12, -77.206)",39.1197497,-77.2064087,2025-10-12,02:33 PM,eBird - Traveling Count,16,1,.713,,1
S281282055,Northern Cardinal,Cardinalis cardinalis,34515,3,US-MD,Montgomery,L33913928,"Camden Retention Pond, Gaithersburg, Maryland, US (39.12, -77.206)",39.1197497,-77.2064087,2025-10-25,12:08 PM,eBird - Traveling Count,28,1,.952,,1
S291020793,Northern Cardinal,Cardinalis cardinalis,34515,2,US-MD,Montgomery,L33913928,"Camden Retention Pond, Gaithersburg, Maryland, US (39.12, -77.206)",39.1197497,-77.2064087,2025-12-29,11:39 AM,eBird - Traveling Count,9,1,.336,,1
S292971443,Northern Cardinal,Cardinalis cardinalis,34515,3,US-MD,Montgomery,L33913928,"Camden Retention Pond, Gaithersburg, Maryland, US (39.12, -77.206)",39.1197497,-77.2064087,2026-01-07,12:17 PM,eBird - Traveling Count,22,1,.58,,1
S293934806,Northern Cardinal,Cardinalis cardinalis,34515,4,US-MD,Montgomery,L33913928,"Camden Retention Pond, Gaithersburg, Maryland, US (39.12, -77.206)",39.1197497,-77.2064087,2026-01-12,05:09 PM,eBird - Traveling Count,17,1,.755,,1
S314269634,Northern Cardinal,Cardinalis cardinalis,34515,5,US-MD,Montgomery,L33913928,"Camden Retention Pond, Gaithersburg, Maryland, US (39.12, -77.206)",39.1197497,-77.2064087,2026-03-29,07:51 AM,eBird - Traveling Count,19,1,.649,,1,,,Very chilly morning. Some frost on the grass. Lots of bird activity though.
S316385681,Northern Cardinal,Cardinalis cardinalis,34515,7,US-MD,Montgomery,L33913928,"Camden Retention Pond, Gaithersburg, Maryland, US (39.12, -77.206)",39.1197497,-77.2064087,2026-04-03,01:09 PM,eBird - Traveling Count,39,1,1.061,,1
S223512042,Northern Cardinal,Cardinalis cardinalis,34515,2,US-MD,Montgomery,L42214720,"Camp Seneca, Maryland, US (39.177, -77.302)",39.1772081,-77.3018305,2025-04-06,02:51 PM,eBird - Traveling Count,57,1,1.207,,1
S230164377,Northern Cardinal,Cardinalis cardinalis,34515,2,US-MD,Montgomery,L42214720,"Camp Seneca, Maryland, US (39.177, -77.302)",39.1772081,-77.3018305,2025-04-27,01:45 PM,eBird - Traveling Count,50,1,.49,,1
S278982875,Northern Cardinal,Cardinalis cardinalis,34515,2,US-MD,Montgomery,L29852635,Conservation Lane,39.121784,-77.2222379,2025-10-11,10:58 AM,eBird - Traveling Count,28,0,11.821,,1
S292776205,Northern Cardinal,Cardinalis cardinalis,34515,2,US-MD,Montgomery,L56914155,"Crown Woods, Gaithersburg, Maryland, US (39.117, -77.211)",39.1166315,-77.2109226,2026-01-06,10:14 AM,eBird - Stationary Count,2,1,,,1
S294699461,Northern Cardinal,Cardinalis cardinalis,34515,2,US-MD,Montgomery,L56914155,"Crown Woods, Gaithersburg, Maryland, US (39.117, -77.211)",39.1166315,-77.2109226,2026-01-17,10:01 AM,eBird - Traveling Count,41,1,.81,,1
S295165095,Northern Cardinal,Cardinalis cardinalis,34515,2,US-MD,Montgomery,L56914155,"Crown Woods, Gaithersburg, Maryland, US (39.117, -77.211)",39.1166315,-77.2109226,2026-01-19,10:10 AM,eBird - Traveling Count,39,1,1.508,,1
S303474362,Northern Cardinal,Cardinalis cardinalis,34515,3,US-MD,Montgomery,L56914155,"Crown Woods, Gaithersburg, Maryland, US (39.117, -77.211)",39.1166315,-77.2109226,2026-02-24,08:16 AM,eBird - Traveling Count,16,1,.347,,1,,,Another cold February morning. Very few birds out and about this morning.
S308724484,Northern Cardinal,Cardinalis cardinalis,34515,1,US-MD,Montgomery,L56914155,"Crown Woods, Gaithersburg, Maryland, US (39.117, -77.211)",39.1166315,-77.2109226,2026-03-13,08:51 AM,eBird - Traveling Count,21,1,.606,,1,,,Looks like the crown woods red shouldered Hawks have lost their first nest and are building a second one in a different tree. Very brisk morning. Lots of alerts from the Hawks neighbors.
S311533358,Northern Cardinal,Cardinalis cardinalis,34515,1,US-MD,Montgomery,L56914155,"Crown Woods, Gaithersburg, Maryland, US (39.117, -77.211)",39.1166315,-77.2109226,2026-03-21,01:16 PM,eBird - Traveling Count,8,1,.434,,1,,,Gorgeous walk through crownwoods
S222948122,Northern Cardinal,Cardinalis cardinalis,34515,6,US-MD,Montgomery,L42096446,"Dufief Muddy Branch Park, North Potomac, Maryland, US (39.105, -77.236)",39.1045983,-77.2364397,2025-04-04,03:51 PM,eBird - Traveling Count,26,1,.885,,2
S308124285,Northern Cardinal,Cardinalis cardinalis,34515,2,US-MD,Montgomery,L42096446,"Dufief Muddy Branch Park, North Potomac, Maryland, US (39.105, -77.236)",39.1045983,-77.2364397,2026-03-10,06:10 PM,eBird - Traveling Count,35,1,.668,,1
S315223385,Northern Cardinal,Cardinalis cardinalis,34515,5,US-MD,Montgomery,L42096446,"Dufief Muddy Branch Park, North Potomac, Maryland, US (39.105, -77.236)",39.1045983,-77.2364397,2026-03-31,01:10 PM,eBird - Traveling Count,41,1,.693,,1
S285632076,Northern Cardinal,Cardinalis cardinalis,34515,1,US-MD,Montgomery,L4395404,Evans Parkway Park,39.0277688,-77.0430824,2025-11-15,10:49 AM,eBird - Traveling Count,366,1,59.383,,1
S174850650,Northern Cardinal,Cardinalis cardinalis,34515,3,US-MD,Montgomery,L9055068,Hibiscus court Maryland,39.1187154,-77.2108193,2024-05-16,08:44 AM,eBird - Traveling Count,18,1,.853,,1
S175882870,Northern Cardinal,Cardinalis cardinalis,34515,2,US-MD,Montgomery,L9055068,Hibiscus court Maryland,39.1187154,-77.2108193,2024-05-20,08:45 AM,eBird - Stationary Count,4,1,,,1
S176115246,Northern Cardinal,Cardinalis cardinalis,34515,2,US-MD,Montgomery,L9055068,Hibiscus court Maryland,39.1187154,-77.2108193,2024-05-21,07:09 AM,eBird - Traveling Count,14,1,.694,,1
S176529751,Northern Cardinal,Cardinalis cardinalis,34515,1,US-MD,Montgomery,L9055068,Hibiscus court Maryland,39.1187154,-77.2108193,2024-05-23,08:49 AM,eBird - Traveling Count,46,1,1.706,,1
S176723839,Northern Cardinal,Cardinalis cardinalis,34515,1,US-MD,Montgomery,L9055068,Hibiscus court Maryland,39.1187154,-77.2108193,2024-05-24,08:49 AM,eBird - Traveling Count,19,1,.733,,1
S177681042,Northern Cardinal,Cardinalis cardinalis,34515,16,US-MD,Montgomery,L9055068,Hibiscus court Maryland,39.1187154,-77.2108193,2024-05-27,04:45 PM,eBird - Traveling Count,89,1,1.979,,1
S178096709,Northern Cardinal,Cardinalis cardinalis,34515,5,US-MD,Montgomery,L9055068,Hibiscus court Maryland,39.1187154,-77.2108193,2024-05-29,07:32 PM,eBird - Traveling Count,20,1,.563,,1
S181716209,Northern Cardinal,Cardinalis cardinalis,34515,1,US-MD,Montgomery,L9055068,Hibiscus court Maryland,39.1187154,-77.2108193,2024-06-15,06:55 PM,eBird - Traveling Count,29,1,.354,,1
S184569567,Northern Cardinal,Cardinalis cardinalis,34515,X,US-MD,Montgomery,L9055068,Hibiscus court Maryland,39.1187154,-77.2108193,2024-06-30,10:16 AM,eBird - Traveling Count,22,1,.531,,1
S207069439,Northern Cardinal,Cardinalis cardinalis,34515,1,US-MD,Montgomery,L9055068,Hibiscus court Maryland,39.1187154,-77.2108193,2024-12-28,01:24 PM,eBird - Stationary Count,133,1,,,1
S212334920,Northern Cardinal,Cardinalis cardinalis,34515,2,US-MD,Montgomery,L9055068,Hibiscus court Maryland,39.1187154,-77.2108193,2025-02-07,02:23 PM,eBird - Traveling Count,70,1,1.77,,1
S213498174,Northern Cardinal,Cardinalis cardinalis,34515,2,US-MD,Montgomery,L9055068,Hibiscus court Maryland,39.1187154,-77.2108193,2025-02-15,10:57 AM,eBird - Stationary Count,38,1,,,1
S229607559,Northern Cardinal,Cardinalis cardinalis,34515,2,US-MD,Montgomery,L9055068,Hibiscus court Maryland,39.1187154,-77.2108193,2025-04-26,11:07 AM,eBird - Traveling Count,5,1,.272,,1
S232633334,Northern Cardinal,Cardinalis cardinalis,34515,3,US-MD,Montgomery,L9055068,Hibiscus court Maryland,39.1187154,-77.2108193,2025-05-03,03:08 PM,eBird - Traveling Count,10,1,.354,,1
S239960481,Northern Cardinal,Cardinalis cardinalis,34515,X,US-MD,Montgomery,L9055068,Hibiscus court Maryland,39.1187154,-77.2108193,2025-05-11,08:19 PM,eBird - Traveling Count,25,1,1.492,,1
S239703804,Northern Cardinal,Cardinalis cardinalis,34515,2,US-MD,Montgomery,L9055068,Hibiscus court Maryland,39.1187154,-77.2108193,2025-05-18,10:01 AM,eBird - Stationary Count,30,1,,,1
S240755396,Northern Cardinal,Cardinalis cardinalis,34515,7,US-MD,Montgomery,L9055068,Hibiscus court Maryland,39.1187154,-77.2108193,2025-05-20,07:29 PM,eBird - Traveling Count,22,1,.981,,1
S245892700,Northern Cardinal,Cardinalis cardinalis,34515,1,US-MD,Montgomery,L9055068,Hibiscus court Maryland,39.1187154,-77.2108193,2025-06-02,09:09 AM,eBird - Traveling Count,9,1,.177,,1
S248288214,Northern Cardinal,Cardinalis cardinalis,34515,1,US-MD,Montgomery,L9055068,Hibiscus court Maryland,39.1187154,-77.2108193,2025-06-08,04:40 PM,eBird - Casual Observation,,0,,,1
S251339864,Northern Cardinal,Cardinalis cardinalis,34515,5,US-MD,Montgomery,L9055068,Hibiscus court Maryland,39.1187154,-77.2108193,2025-06-17,08:28 AM,eBird - Traveling Count,6,1,.278,,1
S253101356,Northern Cardinal,Cardinalis cardinalis,34515,1,US-MD,Montgomery,L9055068,Hibiscus court Maryland,39.1187154,-77.2108193,2025-06-22,10:19 AM,eBird - Stationary Count,2,1,,,1
S253652061,Northern Cardinal,Cardinalis cardinalis,34515,2,US-MD,Montgomery,L9055068,Hibiscus court Maryland,39.1187154,-77.2108193,2025-06-24,07:41 AM,eBird - Traveling Count,13,1,.508,,1
S254502123,Northern Cardinal,Cardinalis cardinalis,34515,3,US-MD,Montgomery,L9055068,Hibiscus court Maryland,39.1187154,-77.2108193,2025-06-27,08:24 AM,eBird - Traveling Count,14,1,.633,,1
S264217115,Northern Cardinal,Cardinalis cardinalis,34515,2,US-MD,Montgomery,L9055068,Hibiscus court Maryland,39.1187154,-77.2108193,2025-08-01,11:16 AM,eBird - Stationary Count,12,1,,,1
S292681497,Northern Cardinal,Cardinalis cardinalis,34515,2,US-MD,Montgomery,L9055068,Hibiscus court Maryland,39.1187154,-77.2108193,2026-01-05,09:10 AM,eBird - Stationary Count,60,1,,,1
S292771563,Northern Cardinal,Cardinalis cardinalis,34515,2,US-MD,Montgomery,L9055068,Hibiscus court Maryland,39.1187154,-77.2108193,2026-01-06,08:31 AM,eBird - Stationary Count,84,1,,,1
S293088711,Northern Cardinal,Cardinalis cardinalis,34515,6,US-MD,Montgomery,L9055068,Hibiscus court Maryland,39.1187154,-77.2108193,2026-01-08,08:04 AM,eBird - Traveling Count,32,1,1.292,,2
S293642036,Northern Cardinal,Cardinalis cardinalis,34515,1,US-MD,Montgomery,L9055068,Hibiscus court Maryland,39.1187154,-77.2108193,2026-01-10,10:27 AM,eBird - Traveling Count,91,1,.281,,1
S293693389,Northern Cardinal,Cardinalis cardinalis,34515,2,US-MD,Montgomery,L9055068,Hibiscus court Maryland,39.1187154,-77.2108193,2026-01-11,11:32 AM,eBird - Traveling Count,10,1,.36,,1
S295629570,Northern Cardinal,Cardinalis cardinalis,34515,1,US-MD,Montgomery,L9055068,Hibiscus court Maryland,39.1187154,-77.2108193,2026-01-22,08:38 AM,eBird - Traveling Count,20,1,.414,,1
S296204796,Northern Cardinal,Cardinalis cardinalis,34515,1,US-MD,Montgomery,L9055068,Hibiscus court Maryland,39.1187154,-77.2108193,2026-01-25,08:51 AM,eBird - Stationary Count,91,1,,,1
S296397089,Northern Cardinal,Cardinalis cardinalis,34515,1,US-MD,Montgomery,L9055068,Hibiscus court Maryland,39.1187154,-77.2108193,2026-01-26,07:26 AM,eBird - Stationary Count,68,1,,,1
S296793655,Northern Cardinal,Cardinalis cardinalis,34515,1,US-MD,Montgomery,L9055068,Hibiscus court Maryland,39.1187154,-77.2108193,2026-01-28,07:40 AM,eBird - Stationary Count,10,1,,,1
S296999698,Northern Cardinal,Cardinalis cardinalis,34515,3,US-MD,Montgomery,L9055068,Hibiscus court Maryland,39.1187154,-77.2108193,2026-01-30,08:07 AM,eBird - Stationary Count,5,1,,,1
S297204985,Northern Cardinal,Cardinalis cardinalis,34515,3,US-MD,Montgomery,L9055068,Hibiscus court Maryland,39.1187154,-77.2108193,2026-01-31,07:54 AM,eBird - Stationary Count,100,1,,,1
S297843285,Northern Cardinal,Cardinalis cardinalis,34515,1,US-MD,Montgomery,L9055068,Hibiscus court Maryland,39.1187154,-77.2108193,2026-02-03,07:52 AM,eBird - Stationary Count,25,1,,,1
S300432928,Northern Cardinal,Cardinalis cardinalis,34515,3,US-MD,Montgomery,L9055068,Hibiscus court Maryland,39.1187154,-77.2108193,2026-02-14,10:38 AM,eBird - Traveling Count,9,1,.447,,1
S301327375,Northern Cardinal,Cardinalis cardinalis,34515,1,US-MD,Montgomery,L9055068,Hibiscus court Maryland,39.1187154,-77.2108193,2026-02-16,08:38 AM,eBird - Stationary Count,35,1,,,1
S301916007,Northern Cardinal,Cardinalis cardinalis,34515,1,US-MD,Montgomery,L9055068,Hibiscus court Maryland,39.1187154,-77.2108193,2026-02-17,03:30 PM,eBird - Stationary Count,35,1,,,1
S301950574,Northern Cardinal,Cardinalis cardinalis,34515,1,US-MD,Montgomery,L9055068,Hibiscus court Maryland,39.1187154,-77.2108193,2026-02-18,07:24 AM,eBird - Traveling Count,94,1,.445,,1
S303255172,Northern Cardinal,Cardinalis cardinalis,34515,3,US-MD,Montgomery,L9055068,Hibiscus court Maryland,39.1187154,-77.2108193,2026-02-23,08:11 AM,eBird - Stationary Count,54,1,,,1,,,That is incredibly snowy and frigid day here.
S307587013,Northern Cardinal,Cardinalis cardinalis,34515,3,US-MD,Montgomery,L9055068,Hibiscus court Maryland,39.1187154,-77.2108193,2026-03-09,09:15 AM,eBird - Traveling Count,18,1,.498,,1,,,Gorgeous morning. So many resident birds chirping and building nests.
S308522559,Northern Cardinal,Cardinalis cardinalis,34515,1,US-MD,Montgomery,L9055068,Hibiscus court Maryland,39.1187154,-77.2108193,2026-03-12,10:46 AM,eBird - Stationary Count,6,1,,,1,,,A miserable day with a wintry mix of precipitation and very few birds about.
S309775448,Northern Cardinal,Cardinalis cardinalis,34515,1,US-MD,Montgomery,L9055068,Hibiscus court Maryland,39.1187154,-77.2108193,2026-03-16,10:09 AM,eBird - Traveling Count,37,1,.068,,1
S316727021,Northern Cardinal,Cardinalis cardinalis,34515,6,US-MD,Montgomery,L9055068,Hibiscus court Maryland,39.1187154,-77.2108193,2026-04-04,08:41 AM,eBird - Traveling Count,15,1,.656,,1,,,Nice warm morning. Lots of bird activity and a gentle warm rain.
S317291213,Northern Cardinal,Cardinalis cardinalis,34515,2,US-MD,Montgomery,L9055068,Hibiscus court Maryland,39.1187154,-77.2108193,2026-04-05,09:26 AM,eBird - Traveling Count,19,1,.322,,2,,,Stormy morning
S227622469,Northern Cardinal,Cardinalis cardinalis,34515,1,US-MD,Montgomery,L126620,Hughes Hollow - McKee Beshers WMA,39.0803767,-77.4035096,2025-04-20,05:15 PM,eBird - Traveling Count,87,1,2.301,,1
S248712994,Northern Cardinal,Cardinalis cardinalis,34515,1,US-MD,Montgomery,L126620,Hughes Hollow - McKee Beshers WMA,39.0803767,-77.4035096,2025-06-09,08:09 PM,eBird - Traveling Count,35,1,1.352,,1
S253053193,Northern Cardinal,Cardinalis cardinalis,34515,4,US-MD,Montgomery,L126620,Hughes Hollow - McKee Beshers WMA,39.0803767,-77.4035096,2025-06-22,06:50 AM,eBird - Traveling Count,99,1,1.237,,1
S259644861,Northern Cardinal,Cardinalis cardinalis,34515,1,US-MD,Montgomery,L126620,Hughes Hollow - McKee Beshers WMA,39.0803767,-77.4035096,2025-07-13,03:26 PM,eBird - Traveling Count,15,1,.342,,2
S307723981,Northern Cardinal,Cardinalis cardinalis,34515,2,US-MD,Montgomery,L126620,Hughes Hollow - McKee Beshers WMA,39.0803767,-77.4035096,2026-03-09,01:41 PM,eBird - Traveling Count,104,1,6.038,,1
S314489044,Northern Cardinal,Cardinalis cardinalis,34515,1,US-MD,Montgomery,L126620,Hughes Hollow - McKee Beshers WMA,39.0803767,-77.4035096,2026-03-29,02:54 PM,eBird - Traveling Count,36,1,2.047,,2
S315703473,Northern Cardinal,Cardinalis cardinalis,34515,3,US-MD,Montgomery,L126620,Hughes Hollow - McKee Beshers WMA,39.0803767,-77.4035096,2026-04-01,05:00 PM,eBird - Traveling Count,58,1,.544,,1,,,This was an absolutely stunning evening. Lots of birds. Couple of unexpected visitors like the blue winged teal and a nice show from the red-headed woodpeckers.
S187792544,Northern Cardinal,Cardinalis cardinalis,34515,4,US-MD,Montgomery,L22161519,Hughes Hollow - McKee Beshers WMA--sunflower area and eastern fields,39.076893,-77.3812916,2024-07-19,06:29 PM,eBird - Traveling Count,119,1,5.601,,1
S230262565,Northern Cardinal,Cardinalis cardinalis,34515,3,US-MD,Montgomery,L22161519,Hughes Hollow - McKee Beshers WMA--sunflower area and eastern fields,39.076893,-77.3812916,2025-04-27,03:44 PM,eBird - Traveling Count,78,1,3.75,,3
S259649565,Northern Cardinal,Cardinalis cardinalis,34515,2,US-MD,Montgomery,L22161519,Hughes Hollow - McKee Beshers WMA--sunflower area and eastern fields,39.076893,-77.3812916,2025-07-13,03:51 PM,eBird - Traveling Count,9,1,.612,,1
S285631806,Northern Cardinal,Cardinalis cardinalis,34515,1,US-MD,Montgomery,L22161519,Hughes Hollow - McKee Beshers WMA--sunflower area and eastern fields,39.076893,-77.3812916,2025-11-22,12:53 PM,eBird - Traveling Count,53,1,3.085,,2
S253542219,Northern Cardinal,Cardinalis cardinalis,34515,1,US-MD,Montgomery,L48335959,"Kaiser Retention Pomd, Gaithersburg, Maryland, US (39.155, -77.222)",39.1553049,-77.221738,2025-06-23,06:47 PM,eBird - Stationary Count,4,1,,,1
S245062525,Northern Cardinal,Cardinalis cardinalis,34515,1,US-MD,Montgomery,L224286,Lake Frank,39.1028755,-77.1198104,2025-05-31,11:53 AM,eBird - Traveling Count,38,1,.75,,1
S177901809,Northern Cardinal,Cardinalis cardinalis,34515,8,US-MD,Montgomery,L32512991,"Lake Halcyon, Gaithersburg, Maryland, US (39.12, -77.219)",39.120175,-77.2190739,2024-05-28,07:44 PM,eBird - Traveling Count,60,1,2.044,,1
S245099547,Northern Cardinal,Cardinalis cardinalis,34515,1,US-MD,Montgomery,L32512991,"Lake Halcyon, Gaithersburg, Maryland, US (39.12, -77.219)",39.120175,-77.2190739,2025-05-31,01:29 PM,eBird - Traveling Count,19,1,.495,,1
S249988814,Northern Cardinal,Cardinalis cardinalis,34515,2,US-MD,Montgomery,L32512991,"Lake Halcyon, Gaithersburg, Maryland, US (39.12, -77.219)",39.120175,-77.2190739,2025-06-13,06:13 PM,eBird - Traveling Count,12,1,.584,,1
S276176191,Northern Cardinal,Cardinalis cardinalis,34515,3,US-MD,Montgomery,L53412458,"Little Bennett Park Day Use Area, Clarksburg, Maryland, US (39.26, -77.302)",39.2601836,-77.3018111,2025-09-28,06:19 PM,eBird - Traveling Count,51,1,1.785,,1
S298417359,Northern Cardinal,Cardinalis cardinalis,34515,1,US-MD,Montgomery,L53412458,"Little Bennett Park Day Use Area, Clarksburg, Maryland, US (39.26, -77.302)",39.2601836,-77.3018111,2026-02-01,07:35 AM,eBird - Traveling Count,313,1,42.301,,1
S240002346,Northern Cardinal,Cardinalis cardinalis,34515,2,US-MD,Montgomery,L2769057,Little Bennett RP--Western Piedmont Trail,39.27653,-77.3071432,2025-05-18,06:20 PM,eBird - Traveling Count,44,1,1.223,,1
S290043654,Northern Cardinal,Cardinalis cardinalis,34515,1,US-MD,Montgomery,L2769057,Little Bennett RP--Western Piedmont Trail,39.27653,-77.3071432,2025-12-24,03:04 PM,eBird - Traveling Count,57,1,1.525,,2
S315322313,Northern Cardinal,Cardinalis cardinalis,34515,4,US-MD,Montgomery,L2769057,Little Bennett RP--Western Piedmont Trail,39.27653,-77.3071432,2026-03-31,06:10 PM,eBird - Traveling Count,67,1,.97,,1
S173483643,Northern Cardinal,Cardinalis cardinalis,34515,X,US-MD,Montgomery,L31569197,"Malcolm King Park (39.121, -77.212)",39.1205865,-77.212024,2024-05-11,09:34 AM,eBird - Traveling Count,37,1,1.189,,2,,,Just our daily morning dog walk!
S174220089,Northern Cardinal,Cardinalis cardinalis,34515,7,US-MD,Montgomery,L31569197,"Malcolm King Park (39.121, -77.212)",39.1205865,-77.212024,2024-05-13,08:59 AM,eBird - Traveling Count,13,1,.803,,1,,,Another day another Cardinal LOL.
S174427926,Northern Cardinal,Cardinalis cardinalis,34515,2,US-MD,Montgomery,L31569197,"Malcolm King Park (39.121, -77.212)",39.1205865,-77.212024,2024-05-14,07:33 AM,eBird - Traveling Count,16,1,.805,,1
S183763373,Northern Cardinal,Cardinalis cardinalis,34515,1,US-MD,Montgomery,L31569197,"Malcolm King Park (39.121, -77.212)",39.1205865,-77.212024,2024-06-25,07:00 PM,eBird - Traveling Count,23,1,.837,,1
S225232220,Northern Cardinal,Cardinalis cardinalis,34515,4,US-MD,Montgomery,L31569197,"Malcolm King Park (39.121, -77.212)",39.1205865,-77.212024,2025-04-13,10:38 AM,eBird - Traveling Count,35,1,.805,,2
S240415495,Northern Cardinal,Cardinalis cardinalis,34515,1,US-MD,Montgomery,L31569197,"Malcolm King Park (39.121, -77.212)",39.1205865,-77.212024,2025-05-19,08:22 PM,eBird - Traveling Count,14,1,.772,,1
S246582636,Northern Cardinal,Cardinalis cardinalis,34515,4,US-MD,Montgomery,L31569197,"Malcolm King Park (39.121, -77.212)",39.1205865,-77.212024,2025-06-04,08:20 AM,eBird - Traveling Count,9,1,.554,,1
S249019190,Northern Cardinal,Cardinalis cardinalis,34515,5,US-MD,Montgomery,L31569197,"Malcolm King Park (39.121, -77.212)",39.1205865,-77.212024,2025-06-10,07:24 PM,eBird - Traveling Count,34,1,1.754,,1
S250837526,Northern Cardinal,Cardinalis cardinalis,34515,3,US-MD,Montgomery,L31569197,"Malcolm King Park (39.121, -77.212)",39.1205865,-77.212024,2025-06-15,05:46 PM,eBird - Traveling Count,36,1,2.063,,1
S252450226,Northern Cardinal,Cardinalis cardinalis,34515,4,US-MD,Montgomery,L31569197,"Malcolm King Park (39.121, -77.212)",39.1205865,-77.212024,2025-06-19,07:07 PM,eBird - Traveling Count,39,1,1.35,,1
S253943888,Northern Cardinal,Cardinalis cardinalis,34515,2,US-MD,Montgomery,L31569197,"Malcolm King Park (39.121, -77.212)",39.1205865,-77.212024,2025-06-25,08:14 AM,eBird - Traveling Count,12,1,.602,,1
S255759518,Northern Cardinal,Cardinalis cardinalis,34515,3,US-MD,Montgomery,L31569197,"Malcolm King Park (39.121, -77.212)",39.1205865,-77.212024,2025-06-30,08:01 PM,eBird - Traveling Count,20,1,1.035,,1
S282549377,Northern Cardinal,Cardinalis cardinalis,34515,2,US-MD,Montgomery,L31569197,"Malcolm King Park (39.121, -77.212)",39.1205865,-77.212024,2025-11-02,10:30 AM,eBird - Traveling Count,24,1,.873,,1
S289206931,Northern Cardinal,Cardinalis cardinalis,34515,2,US-MD,Montgomery,L31569197,"Malcolm King Park (39.121, -77.212)",39.1205865,-77.212024,2025-12-19,12:37 PM,eBird - Traveling Count,13,1,.484,,1
S290182812,Northern Cardinal,Cardinalis cardinalis,34515,4,US-MD,Montgomery,L31569197,"Malcolm King Park (39.121, -77.212)",39.1205865,-77.212024,2025-12-25,12:06 PM,eBird - Traveling Count,27,1,1.078,,1
S290882842,Northern Cardinal,Cardinalis cardinalis,34515,1,US-MD,Montgomery,L31569197,"Malcolm King Park (39.121, -77.212)",39.1205865,-77.212024,2025-12-28,05:02 PM,eBird - Traveling Count,13,1,.706,,1
S292410625,Northern Cardinal,Cardinalis cardinalis,34515,9,US-MD,Montgomery,L31569197,"Malcolm King Park (39.121, -77.212)",39.1205865,-77.212024,2026-01-04,11:17 AM,eBird - Traveling Count,77,1,1.98,,2
S294532327,Northern Cardinal,Cardinalis cardinalis,34515,5,US-MD,Montgomery,L31569197,"Malcolm King Park (39.121, -77.212)",39.1205865,-77.212024,2026-01-16,10:11 AM,eBird - Traveling Count,20,1,.786,,1
S302680251,Northern Cardinal,Cardinalis cardinalis,34515,6,US-MD,Montgomery,L31569197,"Malcolm King Park (39.121, -77.212)",39.1205865,-77.212024,2026-02-21,08:56 AM,eBird - Traveling Count,15,1,.76,,1
S306793326,Northern Cardinal,Cardinalis cardinalis,34515,8,US-MD,Montgomery,L31569197,"Malcolm King Park (39.121, -77.212)",39.1205865,-77.212024,2026-03-07,09:48 AM,eBird - Traveling Count,17,1,.749,,1,,,"Very humid day. Most of the birds are pretty angry about the two red shoulder hawks flying around, filling a nest near the park bench at the shady Grove Park entrance."
S307216901,Northern Cardinal,Cardinalis cardinalis,34515,3,US-MD,Montgomery,L31569197,"Malcolm King Park (39.121, -77.212)",39.1205865,-77.212024,2026-03-08,09:51 AM,eBird - Traveling Count,76,1,1.346,,1,,,70f this morning on the walk. Watched a few crows try to take The nest that one of our pairs of red shouldered Hawks are building. The Hawks were not amused.
S315548994,Northern Cardinal,Cardinalis cardinalis,34515,5,US-MD,Montgomery,L31569197,"Malcolm King Park (39.121, -77.212)",39.1205865,-77.212024,2026-04-01,09:42 AM,eBird - Traveling Count,28,1,.749,,1
S317554838,Northern Cardinal,Cardinalis cardinalis,34515,4,US-MD,Montgomery,L31569197,"Malcolm King Park (39.121, -77.212)",39.1205865,-77.212024,2026-04-05,05:33 PM,eBird - Traveling Count,29,1,.728,,1,,,Beautiful cool but quiet evening after a daytime storm.
S219612076,Northern Cardinal,Cardinalis cardinalis,34515,8,US-MD,Montgomery,L11101726,Muddy Branch Park,39.113044,-77.226531,2025-03-20,11:04 AM,eBird - Traveling Count,26,1,.547,,1
S233623669,Northern Cardinal,Cardinalis cardinalis,34515,6,US-MD,Montgomery,L266131,Patton Farms (formerly Patton Turf Farm),39.1433333,-77.5103802,2025-05-05,06:56 PM,eBird - Traveling Count,10,1,3.919,,1
S214103631,Northern Cardinal,Cardinalis cardinalis,34515,2,US-MD,Montgomery,L40356991,"River Road, Poolesville, Maryland, US",39.0850753,-77.4193878,2025-02-17,01:15 PM,eBird - Traveling Count,26,1,2.434,,1
S214121244,Northern Cardinal,Cardinalis cardinalis,34515,2,US-MD,Montgomery,L40358682,"River Road, Poolesville, Maryland, US (39.113, -77.476)",39.1133163,-77.4764549,2025-02-17,02:13 PM,eBird - Traveling Count,42,1,8.047,,1
S288758503,Northern Cardinal,Cardinalis cardinalis,34515,1,US-MD,Montgomery,L53737414,Royce Hanson Conservation Park at Broad Run,39.1324176,-77.4573434,2025-12-15,04:21 PM,eBird - Traveling Count,12,1,.433,,1
S296602619,Northern Cardinal,Cardinalis cardinalis,34515,4,US-MD,Montgomery,L53737414,Royce Hanson Conservation Park at Broad Run,39.1324176,-77.4573434,2026-01-27,03:24 PM,eBird - Traveling Count,36,1,2.222,,1
S305118682,Northern Cardinal,Cardinalis cardinalis,34515,1,US-MD,Montgomery,L53737414,Royce Hanson Conservation Park at Broad Run,39.1324176,-77.4573434,2026-03-01,03:06 PM,eBird - Traveling Count,44,1,1.343,,2
S283561628,Northern Cardinal,Cardinalis cardinalis,34515,1,US-MD,Montgomery,L505316,Seneca Creek SP--Clopper Lake,39.142381,-77.252465,2025-11-08,03:09 PM,eBird - Traveling Count,18,1,.151,,1
S221956322,Northern Cardinal,Cardinalis cardinalis,34515,2,US-MD,Montgomery,L41905651,"Seneca Greenway Trail, Gaithersburg, Maryland, US (39.167, -77.229)",39.1672893,-77.2288242,2025-03-30,06:33 PM,eBird - Traveling Count,28,1,.35,,1
S230664462,Northern Cardinal,Cardinalis cardinalis,34515,2,US-MD,Montgomery,L41905651,"Seneca Greenway Trail, Gaithersburg, Maryland, US (39.167, -77.229)",39.1672893,-77.2288242,2025-04-28,06:28 PM,eBird - Traveling Count,80,1,2.317,,1
S247455766,Northern Cardinal,Cardinalis cardinalis,34515,3,US-MD,Montgomery,L41905651,"Seneca Greenway Trail, Gaithersburg, Maryland, US (39.167, -77.229)",39.1672893,-77.2288242,2025-06-06,05:55 PM,eBird - Traveling Count,51,1,.37,,1
S203796738,Northern Cardinal,Cardinalis cardinalis,34515,4,US-MD,Montgomery,L2055457,Sycamore Landing Rd. fields,39.0839717,-77.4146461,2024-11-27,02:08 PM,eBird - Traveling Count,89,1,4.361,,2
S262226561,Northern Cardinal,Cardinalis cardinalis,34515,1,US-MD,Montgomery,L2055457,Sycamore Landing Rd. fields,39.0839717,-77.4146461,2025-07-23,05:48 PM,eBird - Traveling Count,32,1,.636,,1
S314372032,Northern Cardinal,Cardinalis cardinalis,34515,1,US-MD,Montgomery,L48823610,Washington Grove Conservation Park,39.136651,-77.171927,2026-03-29,10:35 AM,eBird - Traveling Count,47,1,1.727,,1
S279738820,Northern Cardinal,Cardinalis cardinalis,34515,5,US-MD,Montgomery,L54114773,"Washington Woods Park, Gaithersburg, Maryland, US (39.113, -77.224)",39.11282,-77.2236712,2025-10-16,01:21 PM,eBird - Traveling Count,34,1,.56,,1
S304654981,Northern Cardinal,Cardinalis cardinalis,34515,2,US-MD,Montgomery,L54114773,"Washington Woods Park, Gaithersburg, Maryland, US (39.113, -77.224)",39.11282,-77.2236712,2026-02-28,11:12 AM,eBird - Traveling Count,82,1,.627,,1
S188156823,Northern Cardinal,Cardinalis cardinalis,34515,1,US-MD,Montgomery,L19214285,"Welsh Park, Rockville",39.0908869,-77.1608661,2024-07-21,06:19 PM,eBird - Traveling Count,27,0,.756,,1
S184721389,Northern Cardinal,Cardinalis cardinalis,34515,2,US-VA,Page,L718715,White House Boat Ramp,38.6461269,-78.5346106,2024-06-30,02:01 PM,eBird - Traveling Count,40,1,1.03,,4
S248738652,Northern Cardinal,Cardinalis cardinalis,34515,1,US-MD,Prince George's,L305078,Patuxent Research Refuge--South Tract (National Wildlife Visitor Center),39.0270605,-76.7991731,2024-05-27,09:00 AM,Historical,60,0,3.219
S177579473,Northern Cardinal,Cardinalis cardinalis,34515,3,US-MD,Prince George's,L305078,Patuxent Research Refuge--South Tract (National Wildlife Visitor Center),39.0270605,-76.7991731,2024-05-27,09:22 AM,eBird - Traveling Count,131,0,8.433,,2
S226419119,Northern Cardinal,Cardinalis cardinalis,34515,4,US-FL,Sarasota,L625835,Lemon Bay Park,26.9727128,-82.3743725,2025-04-17,02:32 PM,eBird - Traveling Count,58,1,2.897,,1
S175383303,Northern Cardinal,Cardinalis cardinalis,34515,X,US-MD,Washington,L31950817,"3716 Harpers Ferry Road, Sharpsburg, Maryland, US (39.415, -77.737)",39.4153833,-77.7371018,2024-05-18,01:58 PM,eBird - Stationary Count,2,1,,,1
S175564443,Northern Cardinal,Cardinalis cardinalis,34515,X,US-MD,Washington,L31950817,"3716 Harpers Ferry Road, Sharpsburg, Maryland, US (39.415, -77.737)",39.4153833,-77.7371018,2024-05-19,07:57 AM,eBird - Stationary Count,90,1,,,1
S175728697,Northern Cardinal,Cardinalis cardinalis,34515,6,US-MD,Washington,L31950817,"3716 Harpers Ferry Road, Sharpsburg, Maryland, US (39.415, -77.737)",39.4153833,-77.7371018,2024-05-19,01:18 PM,eBird - Traveling Count,172,1,6.436,,3
S183379922,Northern Cardinal,Cardinalis cardinalis,34515,1,US-MD,Washington,L31950817,"3716 Harpers Ferry Road, Sharpsburg, Maryland, US (39.415, -77.737)",39.4153833,-77.7371018,2024-06-23,05:41 PM,eBird - Casual Observation,,0,,,1
S191828104,Northern Cardinal,Cardinalis cardinalis,34515,1,US-MD,Washington,L31950817,"3716 Harpers Ferry Road, Sharpsburg, Maryland, US (39.415, -77.737)",39.4153833,-77.7371018,2024-08-17,04:38 PM,eBird - Casual Observation,,0,,,1
S193754988,Northern Cardinal,Cardinalis cardinalis,34515,1,US-MD,Washington,L31950817,"3716 Harpers Ferry Road, Sharpsburg, Maryland, US (39.415, -77.737)",39.4153833,-77.7371018,2024-09-02,03:51 PM,eBird - Casual Observation,,0,,,1
S217439085,Northern Cardinal,Cardinalis cardinalis,34515,2,US-MD,Washington,L31950817,"3716 Harpers Ferry Road, Sharpsburg, Maryland, US (39.415, -77.737)",39.4153833,-77.7371018,2025-03-09,09:25 AM,eBird - Stationary Count,8,1,,,1
S221934041,Northern Cardinal,Cardinalis cardinalis,34515,6,US-MD,Washington,L31950817,"3716 Harpers Ferry Road, Sharpsburg, Maryland, US (39.415, -77.737)",39.4153833,-77.7371018,2025-03-30,03:58 PM,eBird - Traveling Count,76,1,.07,,1
S252687295,Northern Cardinal,Cardinalis cardinalis,34515,3,US-MD,Washington,L31950817,"3716 Harpers Ferry Road, Sharpsburg, Maryland, US (39.415, -77.737)",39.4153833,-77.7371018,2025-06-21,08:44 AM,eBird - Stationary Count,31,1,,,1
S297574933,Northern Cardinal,Cardinalis cardinalis,34515,2,US-MD,Washington,L31950817,"3716 Harpers Ferry Road, Sharpsburg, Maryland, US (39.415, -77.737)",39.4153833,-77.7371018,2026-02-01,02:22 PM,eBird - Traveling Count,134,1,.16,,1
S288402383,Northern Cardinal,Cardinalis cardinalis,34515,1,US-MD,Washington,L47901776,"3909 Mills Road, Sharpsburg, Maryland, US (39.42, -77.725)",39.4204997,-77.7254397,2025-12-13,10:46 AM,eBird - Traveling Count,3,1,2.607,,1
S199682839,Northern Cardinal,Cardinalis cardinalis,34515,1,US-MD,Washington,L3108412,Antietam National Battlefield--Burnside Bridge,39.4505101,-77.7318442,2024-10-20,03:00 PM,eBird - Traveling Count,160,1,32.895,,3
S257633796,Northern Cardinal,Cardinalis cardinalis,34515,7,US-MD,Washington,L5825627,Antietam National Battlefield--Snavely Ford Trail,39.449291,-77.7314029,2025-07-06,04:30 PM,eBird - Traveling Count,39,1,1.113,,1
S177414288,Northern Cardinal,Cardinalis cardinalis,34515,X,US-MD,Washington,L512641,C&O Canal--Antietam Creek,39.417434,-77.745801,2024-05-26,05:13 PM,eBird - Traveling Count,48,1,1.609,,3
S197672933,Northern Cardinal,Cardinalis cardinalis,34515,1,US-MD,Washington,L512641,C&O Canal--Antietam Creek,39.417434,-77.745801,2024-10-05,05:15 PM,eBird - Traveling Count,60,1,6.26,,3
S203796974,Northern Cardinal,Cardinalis cardinalis,34515,1,US-MD,Washington,L512641,C&O Canal--Antietam Creek,39.417434,-77.745801,2024-11-02,04:11 PM,eBird - Traveling Count,111,1,2.35,,1
S270449595,Northern Cardinal,Cardinalis cardinalis,34515,1,US-MD,Washington,L1135534,C&O Canal--Dargan's Bend,39.3650609,-77.7403951,2025-08-30,02:58 PM,eBird - Traveling Count,28,1,.269,,1
S173113419,Northern Cardinal,Cardinalis cardinalis,34515,1,US-MD,Washington,L4053312,Devil's Backbone County Park,39.538741,-77.7100086,2024-05-08,01:00 PM,eBird - Traveling Count,120,1,8.047,,2
S294752709,Northern Cardinal,Cardinalis cardinalis,34515,1,US-MD,Washington,L57331192,"John Brown Farm, Sharpsburg, Maryland, US (39.371, -77.722)",39.3708534,-77.7217407,2026-01-17,01:30 PM,eBird - Traveling Count,23,1,1.456,,2
S306960721,Northern Cardinal,Cardinalis cardinalis,34515,2,US-MD,Washington,L59209237,"Private Yard, Sharpsburg, Maryland, US (39.416, -77.737)",39.4157499,-77.7373156,2026-03-07,04:48 PM,eBird - Traveling Count,41,1,.048,,2
S180559422,Northern Cardinal,Cardinalis cardinalis,34515,2,US-MD,Washington,L33056912,"Rohrbach Campground, Sharpsburg, Maryland, US (39.454, -77.731)",39.4543401,-77.7314234,2024-06-08,02:29 PM,eBird - Traveling Count,113,1,.402,,1
S180295745,Northern Cardinal,Cardinalis cardinalis,34515,X,US-MD,Washington,L33056912,"Rohrbach Campground, Sharpsburg, Maryland, US (39.454, -77.731)",39.4543401,-77.7314234,2024-06-09,05:48 AM,eBird - Stationary Count,4,0,,,1
S180559345,Northern Cardinal,Cardinalis cardinalis,34515,X,US-MD,Washington,L33056912,"Rohrbach Campground, Sharpsburg, Maryland, US (39.454, -77.731)",39.4543401,-77.7314234,2024-06-09,09:12 AM,eBird - Traveling Count,60,1,.298,,1
S259302581,Northern Cardinal,Cardinalis cardinalis,34515,1,US-MD,Washington,L33056912,"Rohrbach Campground, Sharpsburg, Maryland, US (39.454, -77.731)",39.4543401,-77.7314234,2025-07-12,03:12 PM,eBird - Traveling Count,99,1,2.404,,1
S278707186,Northern Cardinal,Cardinalis cardinalis,34515,2,US-MD,Washington,L456008,Weverton,39.327924,-77.6820087,2025-10-11,04:10 PM,eBird - Stationary Count,8,1,,,1
S175887634,Pyrrhuloxia,Cardinalis sinuatus,34535,X,US-AZ,Pima,L211809,Madera Canyon--Proctor Rd.,31.739938,-110.886147,2008-05-01,09:01 AM,Historical,150,1,,,2,,,Corrected checklist to be accurate as historical.
S227622469,Rose-breasted Grosbeak,Pheucticus ludovicianus,34557,1,US-MD,Montgomery,L126620,Hughes Hollow - McKee Beshers WMA,39.0803767,-77.4035096,2025-04-20,05:15 PM,eBird - Traveling Count,87,1,2.301,,1
S232178059,Rose-breasted Grosbeak,Pheucticus ludovicianus,34557,2,US-MD,Montgomery,L31569197,"Malcolm King Park (39.121, -77.212)",39.1205865,-77.212024,2025-05-02,05:38 PM,eBird - Traveling Count,19,1,1.014,,1
S257633796,Blue Grosbeak,Passerina caerulea,34598,2,US-MD,Washington,L5825627,Antietam National Battlefield--Snavely Ford Trail,39.449291,-77.7314029,2025-07-06,04:30 PM,eBird - Traveling Count,39,1,1.113,,1,,,,638582758
S259302581,Blue Grosbeak,Passerina caerulea,34598,1,US-MD,Washington,L33056912,"Rohrbach Campground, Sharpsburg, Maryland, US (39.454, -77.731)",39.4543401,-77.7314234,2025-07-12,03:12 PM,eBird - Traveling Count,99,1,2.404,,1
S250341411,Indigo Bunting,Passerina cyanea,34607,1,US-MD,Baltimore,L126626,Fort Howard Park,39.199,-76.44,2025-06-14,03:50 PM,eBird - Traveling Count,51,1,1.658,,1
S250749828,Indigo Bunting,Passerina cyanea,34607,3,US-MD,Frederick,L2756806,Monocacy National Battlefield--Gambrill Mill Trail,39.3688266,-77.3877865,2025-06-15,01:10 PM,eBird - Traveling Count,80,1,1.175,,1,,,,637610245
S173968054,Indigo Bunting,Passerina cyanea,34607,1,US-MD,Montgomery,L285049,Agricultural History Farm Park,39.1610805,-77.1322894,2024-05-12,10:26 AM,eBird - Traveling Count,104,1,2.414,,1,,A beautiful individual. I got some photos. I'll upload later.,,618894090 618894091
S245500420,Indigo Bunting,Passerina cyanea,34607,1,US-MD,Montgomery,L285049,Agricultural History Farm Park,39.1610805,-77.1322894,2025-06-01,10:11 AM,eBird - Traveling Count,66,1,3.46,,1
S249924330,Indigo Bunting,Passerina cyanea,34607,1,US-MD,Montgomery,L360157,C&O Canal--Riley's Lock,39.0682467,-77.3431492,2025-06-12,07:45 PM,eBird - Traveling Count,61,1,.287,,1
S243074956,Indigo Bunting,Passerina cyanea,34607,1,US-MD,Montgomery,L192824,C&O Canal--Violette's Lock,39.066803,-77.32951,2025-05-26,11:56 AM,eBird - Traveling Count,55,1,.8,,2
S248712994,Indigo Bunting,Passerina cyanea,34607,1,US-MD,Montgomery,L126620,Hughes Hollow - McKee Beshers WMA,39.0803767,-77.4035096,2025-06-09,08:09 PM,eBird - Traveling Count,35,1,1.352,,1
S253053193,Indigo Bunting,Passerina cyanea,34607,2,US-MD,Montgomery,L126620,Hughes Hollow - McKee Beshers WMA,39.0803767,-77.4035096,2025-06-22,06:50 AM,eBird - Traveling Count,99,1,1.237,,1
S259644861,Indigo Bunting,Passerina cyanea,34607,2,US-MD,Montgomery,L126620,Hughes Hollow - McKee Beshers WMA,39.0803767,-77.4035096,2025-07-13,03:26 PM,eBird - Traveling Count,15,1,.342,,2
S187792544,Indigo Bunting,Passerina cyanea,34607,7,US-MD,Montgomery,L22161519,Hughes Hollow - McKee Beshers WMA--sunflower area and eastern fields,39.076893,-77.3812916,2024-07-19,06:29 PM,eBird - Traveling Count,119,1,5.601,,1,,,,621675751
S259649565,Indigo Bunting,Passerina cyanea,34607,5,US-MD,Montgomery,L22161519,Hughes Hollow - McKee Beshers WMA--sunflower area and eastern fields,39.076893,-77.3812916,2025-07-13,03:51 PM,eBird - Traveling Count,9,1,.612,,1
S240002346,Indigo Bunting,Passerina cyanea,34607,4,US-MD,Montgomery,L2769057,Little Bennett RP--Western Piedmont Trail,39.27653,-77.3071432,2025-05-18,06:20 PM,eBird - Traveling Count,44,1,1.223,,1
S231384757,Indigo Bunting,Passerina cyanea,34607,1,US-MD,Montgomery,L8617665,Muddy Branch Greenway Trail--Pennyfield entrance,39.0579926,-77.2935924,2025-04-30,07:19 PM,eBird - Traveling Count,35,1,2.865,,1
S233623669,Indigo Bunting,Passerina cyanea,34607,2,US-MD,Montgomery,L266131,Patton Farms (formerly Patton Turf Farm),39.1433333,-77.5103802,2025-05-05,06:56 PM,eBird - Traveling Count,10,1,3.919,,1
S262226561,Indigo Bunting,Passerina cyanea,34607,6,US-MD,Montgomery,L2055457,Sycamore Landing Rd. fields,39.0839717,-77.4146461,2025-07-23,05:48 PM,eBird - Traveling Count,32,1,.636,,1
S239253914,Indigo Bunting,Passerina cyanea,34607,2,US-MD,Prince George's,L42706061,Patuxent Research Refuge--Central Tract (Restricted Access),39.0491905,-76.7986274,2025-05-17,11:28 AM,eBird - Traveling Count,35,1,3.206,,1
S252687295,Indigo Bunting,Passerina cyanea,34607,1,US-MD,Washington,L31950817,"3716 Harpers Ferry Road, Sharpsburg, Maryland, US (39.415, -77.737)",39.4153833,-77.7371018,2025-06-21,08:44 AM,eBird - Stationary Count,31,1,,,1
S257633796,Indigo Bunting,Passerina cyanea,34607,1,US-MD,Washington,L5825627,Antietam National Battlefield--Snavely Ford Trail,39.449291,-77.7314029,2025-07-06,04:30 PM,eBird - Traveling Count,39,1,1.113,,1
S259302581,Indigo Bunting,Passerina cyanea,34607,1,US-MD,Washington,L33056912,"Rohrbach Campground, Sharpsburg, Maryland, US (39.454, -77.731)",39.4543401,-77.7314234,2025-07-12,03:12 PM,eBird - Traveling Count,99,1,2.404,,1
S180214827,Red-crested Cardinal,Paroaria coronata,34630,X,US-HI,Kauai,L33043265,"3500 Kilauea Road, Kilauea, Hawaii, US (22.232, -159.402)",22.2317619,-159.4019182,2024-06-08,04:24 PM,eBird - Casual Observation,,0,,,2
S192410212,Red-crested Cardinal,Paroaria coronata,34630,X,US-HI,Kauai,L8027824,Kīlauea Point NWR--Overlook (always open),22.2277391,-159.4012624,2009-10-18,07:59 PM,eBird - Casual Observation,,0,,,2
S206655156,passerine sp.,Passeriformes sp.,35852,11,US-MD,Frederick,L38875040,"Washington National Pike, Frederick, Maryland, US (39.358, -77.396)",39.3577117,-77.3958282,2024-12-26,01:37 PM,eBird - Traveling Count,18,1,30.209,,1
